-- MariaDB dump 10.19  Distrib 10.5.15-MariaDB, for debian-linux-gnu (aarch64)
--
-- Host: db    Database: db
-- ------------------------------------------------------
-- Server version	10.4.26-MariaDB-1:10.4.26+maria~ubu2004-log

/*!40101 SET @OLD_CHARACTER_SET_CLIENT=@@CHARACTER_SET_CLIENT */;
/*!40101 SET @OLD_CHARACTER_SET_RESULTS=@@CHARACTER_SET_RESULTS */;
/*!40101 SET @OLD_COLLATION_CONNECTION=@@COLLATION_CONNECTION */;
/*!40101 SET NAMES utf8 */;
/*!40103 SET @OLD_TIME_ZONE=@@TIME_ZONE */;
/*!40103 SET TIME_ZONE='+00:00' */;
/*!40014 SET @OLD_UNIQUE_CHECKS=@@UNIQUE_CHECKS, UNIQUE_CHECKS=0 */;
/*!40014 SET @OLD_FOREIGN_KEY_CHECKS=@@FOREIGN_KEY_CHECKS, FOREIGN_KEY_CHECKS=0 */;
/*!40101 SET @OLD_SQL_MODE=@@SQL_MODE, SQL_MODE='NO_AUTO_VALUE_ON_ZERO' */;
/*!40111 SET @OLD_SQL_NOTES=@@SQL_NOTES, SQL_NOTES=0 */;

--
-- Table structure for table `addresses`
--

DROP TABLE IF EXISTS `addresses`;
/*!40101 SET @saved_cs_client     = @@character_set_client */;
/*!40101 SET character_set_client = utf8 */;
CREATE TABLE `addresses` (
  `id` int(11) NOT NULL,
  `ownerId` int(11) DEFAULT NULL,
  `countryCode` varchar(255) NOT NULL,
  `administrativeArea` varchar(255) DEFAULT NULL,
  `locality` varchar(255) DEFAULT NULL,
  `dependentLocality` varchar(255) DEFAULT NULL,
  `postalCode` varchar(255) DEFAULT NULL,
  `sortingCode` varchar(255) DEFAULT NULL,
  `addressLine1` varchar(255) DEFAULT NULL,
  `addressLine2` varchar(255) DEFAULT NULL,
  `organization` varchar(255) DEFAULT NULL,
  `organizationTaxId` varchar(255) DEFAULT NULL,
  `fullName` varchar(255) DEFAULT NULL,
  `firstName` varchar(255) DEFAULT NULL,
  `lastName` varchar(255) DEFAULT NULL,
  `latitude` varchar(255) DEFAULT NULL,
  `longitude` varchar(255) DEFAULT NULL,
  `dateCreated` datetime NOT NULL,
  `dateUpdated` datetime NOT NULL,
  PRIMARY KEY (`id`),
  KEY `fk_rbjfdymsbwahajhipavemsbbvngdierhzeae` (`ownerId`),
  CONSTRAINT `fk_jfuixbjdwwgannkjfvyvlephzpboaopbqnan` FOREIGN KEY (`id`) REFERENCES `elements` (`id`) ON DELETE CASCADE,
  CONSTRAINT `fk_rbjfdymsbwahajhipavemsbbvngdierhzeae` FOREIGN KEY (`ownerId`) REFERENCES `elements` (`id`) ON DELETE CASCADE
) ENGINE=InnoDB DEFAULT CHARSET=utf8;
/*!40101 SET character_set_client = @saved_cs_client */;

--
-- Table structure for table `announcements`
--

DROP TABLE IF EXISTS `announcements`;
/*!40101 SET @saved_cs_client     = @@character_set_client */;
/*!40101 SET character_set_client = utf8 */;
CREATE TABLE `announcements` (
  `id` int(11) NOT NULL AUTO_INCREMENT,
  `userId` int(11) NOT NULL,
  `pluginId` int(11) DEFAULT NULL,
  `heading` varchar(255) NOT NULL,
  `body` text NOT NULL,
  `unread` tinyint(1) NOT NULL DEFAULT 1,
  `dateRead` datetime DEFAULT NULL,
  `dateCreated` datetime NOT NULL,
  PRIMARY KEY (`id`),
  KEY `idx_zbgprmfezjrqhzchdvikvtnbozdmquurnkjw` (`userId`,`unread`,`dateRead`,`dateCreated`),
  KEY `idx_rbealahesjjdhoekcddwkeadmwzybwtgbsnk` (`dateRead`),
  KEY `fk_ipppqtlyvewekwnisrgnrnguapsujjrtvgik` (`pluginId`),
  CONSTRAINT `fk_ipppqtlyvewekwnisrgnrnguapsujjrtvgik` FOREIGN KEY (`pluginId`) REFERENCES `plugins` (`id`) ON DELETE CASCADE,
  CONSTRAINT `fk_wcmtkyhwgkmpfpkckfcgmvnyumhviytlgoxt` FOREIGN KEY (`userId`) REFERENCES `users` (`id`) ON DELETE CASCADE
) ENGINE=InnoDB DEFAULT CHARSET=utf8;
/*!40101 SET character_set_client = @saved_cs_client */;

--
-- Table structure for table `assetindexdata`
--

DROP TABLE IF EXISTS `assetindexdata`;
/*!40101 SET @saved_cs_client     = @@character_set_client */;
/*!40101 SET character_set_client = utf8 */;
CREATE TABLE `assetindexdata` (
  `id` int(11) NOT NULL AUTO_INCREMENT,
  `sessionId` int(11) NOT NULL,
  `volumeId` int(11) NOT NULL,
  `uri` text DEFAULT NULL,
  `size` bigint(20) unsigned DEFAULT NULL,
  `timestamp` datetime DEFAULT NULL,
  `isDir` tinyint(1) DEFAULT 0,
  `recordId` int(11) DEFAULT NULL,
  `isSkipped` tinyint(1) DEFAULT 0,
  `inProgress` tinyint(1) DEFAULT 0,
  `completed` tinyint(1) DEFAULT 0,
  `dateCreated` datetime NOT NULL,
  `dateUpdated` datetime NOT NULL,
  `uid` char(36) NOT NULL DEFAULT '0',
  PRIMARY KEY (`id`),
  KEY `idx_okdjimeaxxdjhcdhdvuhusmxgwjeulfcdotz` (`sessionId`,`volumeId`),
  KEY `idx_fioulpmmfwjcwfdtbzoibmbojoopcacuxeit` (`volumeId`),
  CONSTRAINT `fk_cvhqzaoqknddprzzodfqlntvsvsbjuhmapla` FOREIGN KEY (`sessionId`) REFERENCES `assetindexingsessions` (`id`) ON DELETE CASCADE,
  CONSTRAINT `fk_ktkpscjizbtvxxecdtnvjsoygxslegbilahy` FOREIGN KEY (`volumeId`) REFERENCES `volumes` (`id`) ON DELETE CASCADE
) ENGINE=InnoDB DEFAULT CHARSET=utf8;
/*!40101 SET character_set_client = @saved_cs_client */;

--
-- Table structure for table `assetindexingsessions`
--

DROP TABLE IF EXISTS `assetindexingsessions`;
/*!40101 SET @saved_cs_client     = @@character_set_client */;
/*!40101 SET character_set_client = utf8 */;
CREATE TABLE `assetindexingsessions` (
  `id` int(11) NOT NULL AUTO_INCREMENT,
  `indexedVolumes` text DEFAULT NULL,
  `totalEntries` int(11) DEFAULT NULL,
  `processedEntries` int(11) NOT NULL DEFAULT 0,
  `cacheRemoteImages` tinyint(1) DEFAULT NULL,
  `isCli` tinyint(1) DEFAULT 0,
  `actionRequired` tinyint(1) DEFAULT 0,
  `dateCreated` datetime NOT NULL,
  `dateUpdated` datetime NOT NULL,
  `uid` char(36) NOT NULL DEFAULT '0',
  PRIMARY KEY (`id`)
) ENGINE=InnoDB DEFAULT CHARSET=utf8;
/*!40101 SET character_set_client = @saved_cs_client */;

--
-- Table structure for table `assets`
--

DROP TABLE IF EXISTS `assets`;
/*!40101 SET @saved_cs_client     = @@character_set_client */;
/*!40101 SET character_set_client = utf8 */;
CREATE TABLE `assets` (
  `id` int(11) NOT NULL,
  `volumeId` int(11) DEFAULT NULL,
  `folderId` int(11) NOT NULL,
  `uploaderId` int(11) DEFAULT NULL,
  `filename` varchar(255) NOT NULL,
  `kind` varchar(50) NOT NULL DEFAULT 'unknown',
  `alt` text DEFAULT NULL,
  `width` int(11) unsigned DEFAULT NULL,
  `height` int(11) unsigned DEFAULT NULL,
  `size` bigint(20) unsigned DEFAULT NULL,
  `focalPoint` varchar(13) DEFAULT NULL,
  `deletedWithVolume` tinyint(1) DEFAULT NULL,
  `keptFile` tinyint(1) DEFAULT NULL,
  `dateModified` datetime DEFAULT NULL,
  `dateCreated` datetime NOT NULL,
  `dateUpdated` datetime NOT NULL,
  PRIMARY KEY (`id`),
  KEY `idx_hczjqagapdnbvzyajjlofjmksqhbzbvmvajw` (`filename`,`folderId`),
  KEY `idx_hsdivwsghgfmfdtunfaqqdefhpjovdmgaioj` (`folderId`),
  KEY `idx_mhwfvqsbjlgofhfwljazvdqellcsdkaxhnww` (`volumeId`),
  KEY `fk_lrfqoeijinlkumbraecthyctjsqsaljfejbg` (`uploaderId`),
  CONSTRAINT `fk_dgoigcjcgqgoumxuoyydnvzfwxqxgapfguvl` FOREIGN KEY (`id`) REFERENCES `elements` (`id`) ON DELETE CASCADE,
  CONSTRAINT `fk_guimtjupwjzswdviyyxsttwshgyvppkjyzjk` FOREIGN KEY (`volumeId`) REFERENCES `volumes` (`id`) ON DELETE CASCADE,
  CONSTRAINT `fk_klguqkhmoxyekurykkdrrsoiwcofkmcfqopr` FOREIGN KEY (`folderId`) REFERENCES `volumefolders` (`id`) ON DELETE CASCADE,
  CONSTRAINT `fk_lrfqoeijinlkumbraecthyctjsqsaljfejbg` FOREIGN KEY (`uploaderId`) REFERENCES `users` (`id`) ON DELETE SET NULL
) ENGINE=InnoDB DEFAULT CHARSET=utf8;
/*!40101 SET character_set_client = @saved_cs_client */;

--
-- Table structure for table `categories`
--

DROP TABLE IF EXISTS `categories`;
/*!40101 SET @saved_cs_client     = @@character_set_client */;
/*!40101 SET character_set_client = utf8 */;
CREATE TABLE `categories` (
  `id` int(11) NOT NULL,
  `groupId` int(11) NOT NULL,
  `parentId` int(11) DEFAULT NULL,
  `deletedWithGroup` tinyint(1) DEFAULT NULL,
  `dateCreated` datetime NOT NULL,
  `dateUpdated` datetime NOT NULL,
  PRIMARY KEY (`id`),
  KEY `idx_isdkxpqngavqgqrtaennyuxcctfaqfhhozqw` (`groupId`),
  KEY `fk_dfxavmphhbwjplgvzhvgmhdqgdszyxtrnzrp` (`parentId`),
  CONSTRAINT `fk_dfxavmphhbwjplgvzhvgmhdqgdszyxtrnzrp` FOREIGN KEY (`parentId`) REFERENCES `categories` (`id`) ON DELETE SET NULL,
  CONSTRAINT `fk_vvaobtqgdcblzehwwpqfoangorydqisnnbat` FOREIGN KEY (`id`) REFERENCES `elements` (`id`) ON DELETE CASCADE,
  CONSTRAINT `fk_wnfmeeygwrjjkdtlszkazkffudtbqlviyqio` FOREIGN KEY (`groupId`) REFERENCES `categorygroups` (`id`) ON DELETE CASCADE
) ENGINE=InnoDB DEFAULT CHARSET=utf8;
/*!40101 SET character_set_client = @saved_cs_client */;

--
-- Table structure for table `categorygroups`
--

DROP TABLE IF EXISTS `categorygroups`;
/*!40101 SET @saved_cs_client     = @@character_set_client */;
/*!40101 SET character_set_client = utf8 */;
CREATE TABLE `categorygroups` (
  `id` int(11) NOT NULL AUTO_INCREMENT,
  `structureId` int(11) NOT NULL,
  `fieldLayoutId` int(11) DEFAULT NULL,
  `name` varchar(255) NOT NULL,
  `handle` varchar(255) NOT NULL,
  `defaultPlacement` enum('beginning','end') NOT NULL DEFAULT 'end',
  `dateCreated` datetime NOT NULL,
  `dateUpdated` datetime NOT NULL,
  `dateDeleted` datetime DEFAULT NULL,
  `uid` char(36) NOT NULL DEFAULT '0',
  PRIMARY KEY (`id`),
  KEY `idx_nftqrjtxyfsdmvafpkwcdwmbuvxngcpqbcrj` (`name`),
  KEY `idx_hlgqviycdparcxsrtlgawkdbpanmohwujejt` (`handle`),
  KEY `idx_armunfowqwuinsegzswhkpgtuibjltmfxwld` (`structureId`),
  KEY `idx_schiwegovnsdujzgjdvpplhnyrhmkbvawpru` (`fieldLayoutId`),
  KEY `idx_xbipatkuldqpivbyluecfwayvuwonoxjlxrp` (`dateDeleted`),
  CONSTRAINT `fk_hdmeiecmkaoksouyxcmwmziddjoadvzpxgxi` FOREIGN KEY (`fieldLayoutId`) REFERENCES `fieldlayouts` (`id`) ON DELETE SET NULL,
  CONSTRAINT `fk_jivnqajuwpligrvvvueesyzmfrbjnxymxpoa` FOREIGN KEY (`structureId`) REFERENCES `structures` (`id`) ON DELETE CASCADE
) ENGINE=InnoDB AUTO_INCREMENT=3 DEFAULT CHARSET=utf8;
/*!40101 SET character_set_client = @saved_cs_client */;

--
-- Table structure for table `categorygroups_sites`
--

DROP TABLE IF EXISTS `categorygroups_sites`;
/*!40101 SET @saved_cs_client     = @@character_set_client */;
/*!40101 SET character_set_client = utf8 */;
CREATE TABLE `categorygroups_sites` (
  `id` int(11) NOT NULL AUTO_INCREMENT,
  `groupId` int(11) NOT NULL,
  `siteId` int(11) NOT NULL,
  `hasUrls` tinyint(1) NOT NULL DEFAULT 1,
  `uriFormat` text DEFAULT NULL,
  `template` varchar(500) DEFAULT NULL,
  `dateCreated` datetime NOT NULL,
  `dateUpdated` datetime NOT NULL,
  `uid` char(36) NOT NULL DEFAULT '0',
  PRIMARY KEY (`id`),
  UNIQUE KEY `idx_anebzozplwoiampekumvjqsohtwnvozngwuz` (`groupId`,`siteId`),
  KEY `idx_elhwivrrxiatrujmqnmiwxlhugctztvqjphg` (`siteId`),
  CONSTRAINT `fk_udgavuxmwdzcouaexiwisyeiwfofidldwxhn` FOREIGN KEY (`siteId`) REFERENCES `sites` (`id`) ON DELETE CASCADE ON UPDATE CASCADE,
  CONSTRAINT `fk_xfvvsowusclqgdmjwisnkuyncfygtasgrbxf` FOREIGN KEY (`groupId`) REFERENCES `categorygroups` (`id`) ON DELETE CASCADE
) ENGINE=InnoDB AUTO_INCREMENT=3 DEFAULT CHARSET=utf8;
/*!40101 SET character_set_client = @saved_cs_client */;

--
-- Table structure for table `changedattributes`
--

DROP TABLE IF EXISTS `changedattributes`;
/*!40101 SET @saved_cs_client     = @@character_set_client */;
/*!40101 SET character_set_client = utf8 */;
CREATE TABLE `changedattributes` (
  `elementId` int(11) NOT NULL,
  `siteId` int(11) NOT NULL,
  `attribute` varchar(255) NOT NULL,
  `dateUpdated` datetime NOT NULL,
  `propagated` tinyint(1) NOT NULL,
  `userId` int(11) DEFAULT NULL,
  PRIMARY KEY (`elementId`,`siteId`,`attribute`),
  KEY `idx_vowusnaghdxtxbmltzjvkkhngjirrjgagjfq` (`elementId`,`siteId`,`dateUpdated`),
  KEY `fk_bxdjtopmltyudkqefmhnxaukblnyljehqbyj` (`siteId`),
  KEY `fk_lusklmpbaanzaqkaylzssbhyrnwpjraeesas` (`userId`),
  CONSTRAINT `fk_bxdjtopmltyudkqefmhnxaukblnyljehqbyj` FOREIGN KEY (`siteId`) REFERENCES `sites` (`id`) ON DELETE CASCADE ON UPDATE CASCADE,
  CONSTRAINT `fk_lusklmpbaanzaqkaylzssbhyrnwpjraeesas` FOREIGN KEY (`userId`) REFERENCES `users` (`id`) ON DELETE SET NULL ON UPDATE CASCADE,
  CONSTRAINT `fk_npdeydafuhjsngewlspdhbsolnhlfihmofog` FOREIGN KEY (`elementId`) REFERENCES `elements` (`id`) ON DELETE CASCADE ON UPDATE CASCADE
) ENGINE=InnoDB DEFAULT CHARSET=utf8;
/*!40101 SET character_set_client = @saved_cs_client */;

--
-- Table structure for table `changedfields`
--

DROP TABLE IF EXISTS `changedfields`;
/*!40101 SET @saved_cs_client     = @@character_set_client */;
/*!40101 SET character_set_client = utf8 */;
CREATE TABLE `changedfields` (
  `elementId` int(11) NOT NULL,
  `siteId` int(11) NOT NULL,
  `fieldId` int(11) NOT NULL,
  `dateUpdated` datetime NOT NULL,
  `propagated` tinyint(1) NOT NULL,
  `userId` int(11) DEFAULT NULL,
  PRIMARY KEY (`elementId`,`siteId`,`fieldId`),
  KEY `idx_rshhtjffeldmhkapqqrxxacozgujrsyempni` (`elementId`,`siteId`,`dateUpdated`),
  KEY `fk_abqwgpohudcjvahruuaugylmbbsfadzkcmeq` (`siteId`),
  KEY `fk_jlpjcfkrolmnvuugatnpozqfucvvdyutyqnv` (`fieldId`),
  KEY `fk_jdjohlgacnwstzlmpdlhkuvosvsunsppcwzz` (`userId`),
  CONSTRAINT `fk_abqwgpohudcjvahruuaugylmbbsfadzkcmeq` FOREIGN KEY (`siteId`) REFERENCES `sites` (`id`) ON DELETE CASCADE ON UPDATE CASCADE,
  CONSTRAINT `fk_ixkhrhsxscbpkyeedfwuaugikwmeedmtlcuz` FOREIGN KEY (`elementId`) REFERENCES `elements` (`id`) ON DELETE CASCADE ON UPDATE CASCADE,
  CONSTRAINT `fk_jdjohlgacnwstzlmpdlhkuvosvsunsppcwzz` FOREIGN KEY (`userId`) REFERENCES `users` (`id`) ON DELETE SET NULL ON UPDATE CASCADE,
  CONSTRAINT `fk_jlpjcfkrolmnvuugatnpozqfucvvdyutyqnv` FOREIGN KEY (`fieldId`) REFERENCES `fields` (`id`) ON DELETE CASCADE ON UPDATE CASCADE
) ENGINE=InnoDB DEFAULT CHARSET=utf8;
/*!40101 SET character_set_client = @saved_cs_client */;

--
-- Table structure for table `content`
--

DROP TABLE IF EXISTS `content`;
/*!40101 SET @saved_cs_client     = @@character_set_client */;
/*!40101 SET character_set_client = utf8 */;
CREATE TABLE `content` (
  `id` int(11) NOT NULL AUTO_INCREMENT,
  `elementId` int(11) NOT NULL,
  `siteId` int(11) NOT NULL,
  `title` varchar(255) DEFAULT NULL,
  `dateCreated` datetime NOT NULL,
  `dateUpdated` datetime NOT NULL,
  `uid` char(36) NOT NULL DEFAULT '0',
  `field_foldTitle_lyivivbj` text DEFAULT NULL,
  `field_foldText_msierqve` text DEFAULT NULL,
  `field_projectName_hqalniew` text DEFAULT NULL,
  `field_projectDescription_ownkbgoa` varchar(600) DEFAULT NULL,
  `field_globalText_rvsvzivg` text DEFAULT NULL,
  `field_memberName_mdkmuitm` text DEFAULT NULL,
  `field_memberInfo_tbbxncys` text DEFAULT NULL,
  PRIMARY KEY (`id`),
  UNIQUE KEY `idx_oiktqgcaupzuadtctgytntokxafbopitwocj` (`elementId`,`siteId`),
  KEY `idx_sesxnvlvpxhrbfovbblrvivasjegncpyozpe` (`siteId`),
  KEY `idx_sqnurucptbbbxfjjmzzjfwkgmtobvwsnieox` (`title`),
  CONSTRAINT `fk_iwfonubjowutuvutnqjkkowxfwjqwvhsjtth` FOREIGN KEY (`elementId`) REFERENCES `elements` (`id`) ON DELETE CASCADE,
  CONSTRAINT `fk_ydtgbzcpbsjhaxibdxpnbbzskfxvoqtmihcl` FOREIGN KEY (`siteId`) REFERENCES `sites` (`id`) ON DELETE CASCADE ON UPDATE CASCADE
) ENGINE=InnoDB AUTO_INCREMENT=329 DEFAULT CHARSET=utf8;
/*!40101 SET character_set_client = @saved_cs_client */;

--
-- Table structure for table `craftidtokens`
--

DROP TABLE IF EXISTS `craftidtokens`;
/*!40101 SET @saved_cs_client     = @@character_set_client */;
/*!40101 SET character_set_client = utf8 */;
CREATE TABLE `craftidtokens` (
  `id` int(11) NOT NULL AUTO_INCREMENT,
  `userId` int(11) NOT NULL,
  `accessToken` text NOT NULL,
  `expiryDate` datetime DEFAULT NULL,
  `dateCreated` datetime NOT NULL,
  `dateUpdated` datetime NOT NULL,
  `uid` char(36) NOT NULL DEFAULT '0',
  PRIMARY KEY (`id`),
  KEY `fk_aikzlyfnywehqokzvxnzbgedkskezigdywtm` (`userId`),
  CONSTRAINT `fk_aikzlyfnywehqokzvxnzbgedkskezigdywtm` FOREIGN KEY (`userId`) REFERENCES `users` (`id`) ON DELETE CASCADE
) ENGINE=InnoDB DEFAULT CHARSET=utf8;
/*!40101 SET character_set_client = @saved_cs_client */;

--
-- Table structure for table `deprecationerrors`
--

DROP TABLE IF EXISTS `deprecationerrors`;
/*!40101 SET @saved_cs_client     = @@character_set_client */;
/*!40101 SET character_set_client = utf8 */;
CREATE TABLE `deprecationerrors` (
  `id` int(11) NOT NULL AUTO_INCREMENT,
  `key` varchar(255) NOT NULL,
  `fingerprint` varchar(255) NOT NULL,
  `lastOccurrence` datetime NOT NULL,
  `file` varchar(255) NOT NULL,
  `line` smallint(6) unsigned DEFAULT NULL,
  `message` text DEFAULT NULL,
  `traces` text DEFAULT NULL,
  `dateCreated` datetime NOT NULL,
  `dateUpdated` datetime NOT NULL,
  `uid` char(36) NOT NULL DEFAULT '0',
  PRIMARY KEY (`id`),
  UNIQUE KEY `idx_ypyyazfcfptkzwmtkrbumbiivboeyykcsovz` (`key`,`fingerprint`)
) ENGINE=InnoDB DEFAULT CHARSET=utf8;
/*!40101 SET character_set_client = @saved_cs_client */;

--
-- Table structure for table `drafts`
--

DROP TABLE IF EXISTS `drafts`;
/*!40101 SET @saved_cs_client     = @@character_set_client */;
/*!40101 SET character_set_client = utf8 */;
CREATE TABLE `drafts` (
  `id` int(11) NOT NULL AUTO_INCREMENT,
  `canonicalId` int(11) DEFAULT NULL,
  `creatorId` int(11) DEFAULT NULL,
  `provisional` tinyint(1) NOT NULL DEFAULT 0,
  `name` varchar(255) NOT NULL,
  `notes` text DEFAULT NULL,
  `trackChanges` tinyint(1) NOT NULL DEFAULT 0,
  `dateLastMerged` datetime DEFAULT NULL,
  `saved` tinyint(1) NOT NULL DEFAULT 1,
  PRIMARY KEY (`id`),
  KEY `idx_qmtongszdhlzqopkeqthekihwmlfatvgpmhz` (`creatorId`,`provisional`),
  KEY `idx_fzgejmlxtcasrmcegbqwbtvglcjaaadizdah` (`saved`),
  KEY `fk_empshtrqrivypozfjamvitvkpnoyoczchysc` (`canonicalId`),
  CONSTRAINT `fk_empshtrqrivypozfjamvitvkpnoyoczchysc` FOREIGN KEY (`canonicalId`) REFERENCES `elements` (`id`) ON DELETE CASCADE,
  CONSTRAINT `fk_lxxnraybdpabyizljwdxthoudvbdmvmygkye` FOREIGN KEY (`creatorId`) REFERENCES `users` (`id`) ON DELETE SET NULL
) ENGINE=InnoDB AUTO_INCREMENT=100 DEFAULT CHARSET=utf8;
/*!40101 SET character_set_client = @saved_cs_client */;

--
-- Table structure for table `elements`
--

DROP TABLE IF EXISTS `elements`;
/*!40101 SET @saved_cs_client     = @@character_set_client */;
/*!40101 SET character_set_client = utf8 */;
CREATE TABLE `elements` (
  `id` int(11) NOT NULL AUTO_INCREMENT,
  `canonicalId` int(11) DEFAULT NULL,
  `draftId` int(11) DEFAULT NULL,
  `revisionId` int(11) DEFAULT NULL,
  `fieldLayoutId` int(11) DEFAULT NULL,
  `type` varchar(255) NOT NULL,
  `enabled` tinyint(1) NOT NULL DEFAULT 1,
  `archived` tinyint(1) NOT NULL DEFAULT 0,
  `dateCreated` datetime NOT NULL,
  `dateUpdated` datetime NOT NULL,
  `dateLastMerged` datetime DEFAULT NULL,
  `dateDeleted` datetime DEFAULT NULL,
  `uid` char(36) NOT NULL DEFAULT '0',
  PRIMARY KEY (`id`),
  KEY `idx_wvpxjqlzertqzbjciwzykoimlnydqzzzjbbm` (`dateDeleted`),
  KEY `idx_qdasjdprsethynjzhuofcqzhdvecxbbkkygm` (`fieldLayoutId`),
  KEY `idx_yiepxwozppapohulkxdwrjfolnorvcymhclz` (`type`),
  KEY `idx_kzanrtudpasgealfujtgnsaqpbaymuyiktjc` (`enabled`),
  KEY `idx_rsqrrqeshkylhovonlmtqokhuifrkzeujjkq` (`archived`,`dateCreated`),
  KEY `idx_isssjvpkynwxxjplcxsndiyccyqrssxulujf` (`archived`,`dateDeleted`,`draftId`,`revisionId`,`canonicalId`),
  KEY `idx_fhbgmhpzqtatbxvuvfsdltpjfliwujyczmel` (`archived`,`dateDeleted`,`draftId`,`revisionId`,`canonicalId`,`enabled`),
  KEY `fk_epbpazrmltestzghxbaxzmuojltkjectydur` (`canonicalId`),
  KEY `fk_zwskcuaiddvaobccitgwcnfewawbxumxpisg` (`draftId`),
  KEY `fk_dmfvoyvblhugwyxdyxqozaoyvlcsoxxfhfdy` (`revisionId`),
  CONSTRAINT `fk_dmfvoyvblhugwyxdyxqozaoyvlcsoxxfhfdy` FOREIGN KEY (`revisionId`) REFERENCES `revisions` (`id`) ON DELETE CASCADE,
  CONSTRAINT `fk_epbpazrmltestzghxbaxzmuojltkjectydur` FOREIGN KEY (`canonicalId`) REFERENCES `elements` (`id`) ON DELETE SET NULL,
  CONSTRAINT `fk_ovwhuxncxqqkdxnbigyohwmmlhapwcrzufzx` FOREIGN KEY (`fieldLayoutId`) REFERENCES `fieldlayouts` (`id`) ON DELETE SET NULL,
  CONSTRAINT `fk_zwskcuaiddvaobccitgwcnfewawbxumxpisg` FOREIGN KEY (`draftId`) REFERENCES `drafts` (`id`) ON DELETE CASCADE
) ENGINE=InnoDB AUTO_INCREMENT=487 DEFAULT CHARSET=utf8;
/*!40101 SET character_set_client = @saved_cs_client */;

--
-- Table structure for table `elements_sites`
--

DROP TABLE IF EXISTS `elements_sites`;
/*!40101 SET @saved_cs_client     = @@character_set_client */;
/*!40101 SET character_set_client = utf8 */;
CREATE TABLE `elements_sites` (
  `id` int(11) NOT NULL AUTO_INCREMENT,
  `elementId` int(11) NOT NULL,
  `siteId` int(11) NOT NULL,
  `slug` varchar(255) DEFAULT NULL,
  `uri` varchar(255) DEFAULT NULL,
  `enabled` tinyint(1) NOT NULL DEFAULT 1,
  `dateCreated` datetime NOT NULL,
  `dateUpdated` datetime NOT NULL,
  `uid` char(36) NOT NULL DEFAULT '0',
  PRIMARY KEY (`id`),
  UNIQUE KEY `idx_imyiqnyzezxerbguviskeaukcmvcotpuwfau` (`elementId`,`siteId`),
  KEY `idx_gdnqspyqedpcjliwbjamxndxzpcoaomscnzf` (`siteId`),
  KEY `idx_huddcdhllwuhuxnvsgqeckqdiexwyyugvmfk` (`slug`,`siteId`),
  KEY `idx_jnwpwdgwrwotkwxwjicbbcydlvspqkxyvies` (`enabled`),
  KEY `idx_fehxpokjwhmluarlcikajpffydrcmcnrahok` (`uri`,`siteId`),
  CONSTRAINT `fk_kgchdykbxnqseglcozetpqpvswxpltfyvtok` FOREIGN KEY (`siteId`) REFERENCES `sites` (`id`) ON DELETE CASCADE ON UPDATE CASCADE,
  CONSTRAINT `fk_xpnpbrtinodwiuohuohcnjevbjhzuhvwkpag` FOREIGN KEY (`elementId`) REFERENCES `elements` (`id`) ON DELETE CASCADE
) ENGINE=InnoDB AUTO_INCREMENT=487 DEFAULT CHARSET=utf8;
/*!40101 SET character_set_client = @saved_cs_client */;

--
-- Table structure for table `entries`
--

DROP TABLE IF EXISTS `entries`;
/*!40101 SET @saved_cs_client     = @@character_set_client */;
/*!40101 SET character_set_client = utf8 */;
CREATE TABLE `entries` (
  `id` int(11) NOT NULL,
  `sectionId` int(11) NOT NULL,
  `parentId` int(11) DEFAULT NULL,
  `typeId` int(11) NOT NULL,
  `authorId` int(11) DEFAULT NULL,
  `postDate` datetime DEFAULT NULL,
  `expiryDate` datetime DEFAULT NULL,
  `deletedWithEntryType` tinyint(1) DEFAULT NULL,
  `dateCreated` datetime NOT NULL,
  `dateUpdated` datetime NOT NULL,
  PRIMARY KEY (`id`),
  KEY `idx_hndexyfcvekvtjqbdvatszwrasoydiouymxn` (`postDate`),
  KEY `idx_tcpkxmyadtmtidezbwzmuiypleeghjjlphng` (`expiryDate`),
  KEY `idx_plirsoaffwxzzcmsppubtzsthgbmqvbljvoi` (`authorId`),
  KEY `idx_fmkmsqpsctuvrmibjbzbtqbjysdlbqpllsjw` (`sectionId`),
  KEY `idx_uzsinyrgauisswptdpstydzurntrikvgaphv` (`typeId`),
  KEY `fk_mekaxmeauqjvjukvrkdlnxcqrxsszggksady` (`parentId`),
  CONSTRAINT `fk_mekaxmeauqjvjukvrkdlnxcqrxsszggksady` FOREIGN KEY (`parentId`) REFERENCES `entries` (`id`) ON DELETE SET NULL,
  CONSTRAINT `fk_mugmsvdpyekgcsgjehrwjbuizejvkwwrkohg` FOREIGN KEY (`id`) REFERENCES `elements` (`id`) ON DELETE CASCADE,
  CONSTRAINT `fk_vkaykhednzeldxzvckntldboufumljqvopnz` FOREIGN KEY (`sectionId`) REFERENCES `sections` (`id`) ON DELETE CASCADE,
  CONSTRAINT `fk_xhtgpakahlrfssncfunsbhhdtnyvzcbwkvre` FOREIGN KEY (`authorId`) REFERENCES `users` (`id`) ON DELETE SET NULL,
  CONSTRAINT `fk_yoozlndvtfbqrqvjlonwvzfaridvlxjzzkan` FOREIGN KEY (`typeId`) REFERENCES `entrytypes` (`id`) ON DELETE CASCADE
) ENGINE=InnoDB DEFAULT CHARSET=utf8;
/*!40101 SET character_set_client = @saved_cs_client */;

--
-- Table structure for table `entrytypes`
--

DROP TABLE IF EXISTS `entrytypes`;
/*!40101 SET @saved_cs_client     = @@character_set_client */;
/*!40101 SET character_set_client = utf8 */;
CREATE TABLE `entrytypes` (
  `id` int(11) NOT NULL AUTO_INCREMENT,
  `sectionId` int(11) NOT NULL,
  `fieldLayoutId` int(11) DEFAULT NULL,
  `name` varchar(255) NOT NULL,
  `handle` varchar(255) NOT NULL,
  `hasTitleField` tinyint(1) NOT NULL DEFAULT 1,
  `titleTranslationMethod` varchar(255) NOT NULL DEFAULT 'site',
  `titleTranslationKeyFormat` text DEFAULT NULL,
  `titleFormat` varchar(255) DEFAULT NULL,
  `sortOrder` smallint(6) unsigned DEFAULT NULL,
  `dateCreated` datetime NOT NULL,
  `dateUpdated` datetime NOT NULL,
  `dateDeleted` datetime DEFAULT NULL,
  `uid` char(36) NOT NULL DEFAULT '0',
  PRIMARY KEY (`id`),
  KEY `idx_svybvsacqdtccnctydrishoqoaxbsrofvonr` (`name`,`sectionId`),
  KEY `idx_pgdkdicnceusadiyhrcuhclzhxyebnietprn` (`handle`,`sectionId`),
  KEY `idx_qmiwsdgrylapiifmynacnmazloxubykatppx` (`sectionId`),
  KEY `idx_higukpzgeugueyxnafoomduuejntebfakvhw` (`fieldLayoutId`),
  KEY `idx_dpvfibbdtmcyoehioselaxztcjtqnkmyhysp` (`dateDeleted`),
  CONSTRAINT `fk_lhtohkcwtkdjnskyfusfpducvqbwnylzvruk` FOREIGN KEY (`fieldLayoutId`) REFERENCES `fieldlayouts` (`id`) ON DELETE SET NULL,
  CONSTRAINT `fk_odpgemmfzbpmdvcwmjdzppqnihzvkkrmypjr` FOREIGN KEY (`sectionId`) REFERENCES `sections` (`id`) ON DELETE CASCADE
) ENGINE=InnoDB AUTO_INCREMENT=10 DEFAULT CHARSET=utf8;
/*!40101 SET character_set_client = @saved_cs_client */;

--
-- Table structure for table `fieldgroups`
--

DROP TABLE IF EXISTS `fieldgroups`;
/*!40101 SET @saved_cs_client     = @@character_set_client */;
/*!40101 SET character_set_client = utf8 */;
CREATE TABLE `fieldgroups` (
  `id` int(11) NOT NULL AUTO_INCREMENT,
  `name` varchar(255) NOT NULL,
  `dateCreated` datetime NOT NULL,
  `dateUpdated` datetime NOT NULL,
  `dateDeleted` datetime DEFAULT NULL,
  `uid` char(36) NOT NULL DEFAULT '0',
  PRIMARY KEY (`id`),
  KEY `idx_kspdqeeuunxyhrsqggjarjvekgfaikqtmlvh` (`name`),
  KEY `idx_wuraewhyhdudiyyplcohvwobimzgssndbfef` (`dateDeleted`,`name`)
) ENGINE=InnoDB AUTO_INCREMENT=7 DEFAULT CHARSET=utf8;
/*!40101 SET character_set_client = @saved_cs_client */;

--
-- Table structure for table `fieldlayoutfields`
--

DROP TABLE IF EXISTS `fieldlayoutfields`;
/*!40101 SET @saved_cs_client     = @@character_set_client */;
/*!40101 SET character_set_client = utf8 */;
CREATE TABLE `fieldlayoutfields` (
  `id` int(11) NOT NULL AUTO_INCREMENT,
  `layoutId` int(11) NOT NULL,
  `tabId` int(11) NOT NULL,
  `fieldId` int(11) NOT NULL,
  `required` tinyint(1) NOT NULL DEFAULT 0,
  `sortOrder` smallint(6) unsigned DEFAULT NULL,
  `dateCreated` datetime NOT NULL,
  `dateUpdated` datetime NOT NULL,
  `uid` char(36) NOT NULL DEFAULT '0',
  PRIMARY KEY (`id`),
  UNIQUE KEY `idx_xnusreklbhnccvmvosgecpqmcoqzwqaibgxa` (`layoutId`,`fieldId`),
  KEY `idx_avyhjoxehwivpwemcahrkqrxgftnoumwhmzl` (`sortOrder`),
  KEY `idx_wuqpjrjvieyllpasdsavjzobqnfhbmndlvge` (`tabId`),
  KEY `idx_zepwratddxbdaxiqipzspkgrmgpfnjfcolds` (`fieldId`),
  CONSTRAINT `fk_nifehdwenxmktwbxausrrwxyykpgkqfuoozc` FOREIGN KEY (`tabId`) REFERENCES `fieldlayouttabs` (`id`) ON DELETE CASCADE,
  CONSTRAINT `fk_scseghshrmnpefbxzlsrvqnzbfarmwszstbc` FOREIGN KEY (`fieldId`) REFERENCES `fields` (`id`) ON DELETE CASCADE,
  CONSTRAINT `fk_xlvzarhzctopczdilqkhmdhwpolpjqauynju` FOREIGN KEY (`layoutId`) REFERENCES `fieldlayouts` (`id`) ON DELETE CASCADE
) ENGINE=InnoDB AUTO_INCREMENT=84 DEFAULT CHARSET=utf8;
/*!40101 SET character_set_client = @saved_cs_client */;

--
-- Table structure for table `fieldlayouts`
--

DROP TABLE IF EXISTS `fieldlayouts`;
/*!40101 SET @saved_cs_client     = @@character_set_client */;
/*!40101 SET character_set_client = utf8 */;
CREATE TABLE `fieldlayouts` (
  `id` int(11) NOT NULL AUTO_INCREMENT,
  `type` varchar(255) NOT NULL,
  `dateCreated` datetime NOT NULL,
  `dateUpdated` datetime NOT NULL,
  `dateDeleted` datetime DEFAULT NULL,
  `uid` char(36) NOT NULL DEFAULT '0',
  PRIMARY KEY (`id`),
  KEY `idx_hqlhlunkvmtekmhmfhslyzntdpbebeoepzpf` (`dateDeleted`),
  KEY `idx_frrrbkyiufstbnjtabrrxeztzepqeejabsec` (`type`)
) ENGINE=InnoDB AUTO_INCREMENT=18 DEFAULT CHARSET=utf8;
/*!40101 SET character_set_client = @saved_cs_client */;

--
-- Table structure for table `fieldlayouttabs`
--

DROP TABLE IF EXISTS `fieldlayouttabs`;
/*!40101 SET @saved_cs_client     = @@character_set_client */;
/*!40101 SET character_set_client = utf8 */;
CREATE TABLE `fieldlayouttabs` (
  `id` int(11) NOT NULL AUTO_INCREMENT,
  `layoutId` int(11) NOT NULL,
  `name` varchar(255) NOT NULL,
  `settings` text DEFAULT NULL,
  `elements` text DEFAULT NULL,
  `sortOrder` smallint(6) unsigned DEFAULT NULL,
  `dateCreated` datetime NOT NULL,
  `dateUpdated` datetime NOT NULL,
  `uid` char(36) NOT NULL DEFAULT '0',
  PRIMARY KEY (`id`),
  KEY `idx_dnrprshgoqaxhrqhqegfksmuseudnyhfbazx` (`sortOrder`),
  KEY `idx_fbwgfjknetgzgqllgzkxoktnamxusvwswwmk` (`layoutId`),
  CONSTRAINT `fk_dcipgdpemofxzqdvvjoakytlchhoqrjgfuaw` FOREIGN KEY (`layoutId`) REFERENCES `fieldlayouts` (`id`) ON DELETE CASCADE
) ENGINE=InnoDB AUTO_INCREMENT=65 DEFAULT CHARSET=utf8;
/*!40101 SET character_set_client = @saved_cs_client */;

--
-- Table structure for table `fields`
--

DROP TABLE IF EXISTS `fields`;
/*!40101 SET @saved_cs_client     = @@character_set_client */;
/*!40101 SET character_set_client = utf8 */;
CREATE TABLE `fields` (
  `id` int(11) NOT NULL AUTO_INCREMENT,
  `groupId` int(11) DEFAULT NULL,
  `name` varchar(255) NOT NULL,
  `handle` varchar(64) NOT NULL,
  `context` varchar(255) NOT NULL DEFAULT 'global',
  `columnSuffix` char(8) DEFAULT NULL,
  `instructions` text DEFAULT NULL,
  `searchable` tinyint(1) NOT NULL DEFAULT 1,
  `translationMethod` varchar(255) NOT NULL DEFAULT 'none',
  `translationKeyFormat` text DEFAULT NULL,
  `type` varchar(255) NOT NULL,
  `settings` text DEFAULT NULL,
  `dateCreated` datetime NOT NULL,
  `dateUpdated` datetime NOT NULL,
  `uid` char(36) NOT NULL DEFAULT '0',
  PRIMARY KEY (`id`),
  KEY `idx_mptqpuluqxlflxpqnyvhimqkdlvwfqikwdan` (`handle`,`context`),
  KEY `idx_hjfbeeiyijnjcgvzgovsuvdxdqqhuhxwtywo` (`groupId`),
  KEY `idx_vswoevsqleheerkkrwrszrgrycmosnlgcrow` (`context`),
  CONSTRAINT `fk_bvrxslosjbxtresmxujfkdfdzfdffcriazqv` FOREIGN KEY (`groupId`) REFERENCES `fieldgroups` (`id`) ON DELETE CASCADE
) ENGINE=InnoDB AUTO_INCREMENT=24 DEFAULT CHARSET=utf8;
/*!40101 SET character_set_client = @saved_cs_client */;

--
-- Table structure for table `globalsets`
--

DROP TABLE IF EXISTS `globalsets`;
/*!40101 SET @saved_cs_client     = @@character_set_client */;
/*!40101 SET character_set_client = utf8 */;
CREATE TABLE `globalsets` (
  `id` int(11) NOT NULL AUTO_INCREMENT,
  `name` varchar(255) NOT NULL,
  `handle` varchar(255) NOT NULL,
  `fieldLayoutId` int(11) DEFAULT NULL,
  `sortOrder` smallint(6) unsigned DEFAULT NULL,
  `dateCreated` datetime NOT NULL,
  `dateUpdated` datetime NOT NULL,
  `uid` char(36) NOT NULL DEFAULT '0',
  PRIMARY KEY (`id`),
  KEY `idx_vvnzixygxwnwmcaypuevefoniraqekovvgsy` (`name`),
  KEY `idx_avblvrtvlcuzvldhqfvjuxzcgxxhirdmwnjk` (`handle`),
  KEY `idx_jjgeyvcfsjyamidxolplbtlpzzdfmdxzkkhn` (`fieldLayoutId`),
  KEY `idx_gnuhrwlsknibznfrepuatguwpcrvmqekmiqt` (`sortOrder`),
  CONSTRAINT `fk_txwlvjfpdxevxnmaxbwtqrsvluvpswdomlbn` FOREIGN KEY (`id`) REFERENCES `elements` (`id`) ON DELETE CASCADE,
  CONSTRAINT `fk_yzsgopaiovfvoefedtforxfgbshgyzpncuud` FOREIGN KEY (`fieldLayoutId`) REFERENCES `fieldlayouts` (`id`) ON DELETE SET NULL
) ENGINE=InnoDB AUTO_INCREMENT=417 DEFAULT CHARSET=utf8;
/*!40101 SET character_set_client = @saved_cs_client */;

--
-- Table structure for table `gqlschemas`
--

DROP TABLE IF EXISTS `gqlschemas`;
/*!40101 SET @saved_cs_client     = @@character_set_client */;
/*!40101 SET character_set_client = utf8 */;
CREATE TABLE `gqlschemas` (
  `id` int(11) NOT NULL AUTO_INCREMENT,
  `name` varchar(255) NOT NULL,
  `scope` text DEFAULT NULL,
  `isPublic` tinyint(1) NOT NULL DEFAULT 0,
  `dateCreated` datetime NOT NULL,
  `dateUpdated` datetime NOT NULL,
  `uid` char(36) NOT NULL DEFAULT '0',
  PRIMARY KEY (`id`)
) ENGINE=InnoDB DEFAULT CHARSET=utf8;
/*!40101 SET character_set_client = @saved_cs_client */;

--
-- Table structure for table `gqltokens`
--

DROP TABLE IF EXISTS `gqltokens`;
/*!40101 SET @saved_cs_client     = @@character_set_client */;
/*!40101 SET character_set_client = utf8 */;
CREATE TABLE `gqltokens` (
  `id` int(11) NOT NULL AUTO_INCREMENT,
  `name` varchar(255) NOT NULL,
  `accessToken` varchar(255) NOT NULL,
  `enabled` tinyint(1) NOT NULL DEFAULT 1,
  `expiryDate` datetime DEFAULT NULL,
  `lastUsed` datetime DEFAULT NULL,
  `schemaId` int(11) DEFAULT NULL,
  `dateCreated` datetime NOT NULL,
  `dateUpdated` datetime NOT NULL,
  `uid` char(36) NOT NULL DEFAULT '0',
  PRIMARY KEY (`id`),
  UNIQUE KEY `idx_qlbzxrzaxwvkiontinwoutyduqvdfghehtny` (`accessToken`),
  UNIQUE KEY `idx_hgnnmvcgxolqbrztfarengjsrlukwbenkvys` (`name`),
  KEY `fk_ipbmbxvmqyfsjdkhtugvimhioioypxmwponw` (`schemaId`),
  CONSTRAINT `fk_ipbmbxvmqyfsjdkhtugvimhioioypxmwponw` FOREIGN KEY (`schemaId`) REFERENCES `gqlschemas` (`id`) ON DELETE SET NULL
) ENGINE=InnoDB DEFAULT CHARSET=utf8;
/*!40101 SET character_set_client = @saved_cs_client */;

--
-- Table structure for table `imagetransformindex`
--

DROP TABLE IF EXISTS `imagetransformindex`;
/*!40101 SET @saved_cs_client     = @@character_set_client */;
/*!40101 SET character_set_client = utf8 */;
CREATE TABLE `imagetransformindex` (
  `id` int(11) NOT NULL AUTO_INCREMENT,
  `assetId` int(11) NOT NULL,
  `transformer` varchar(255) DEFAULT NULL,
  `filename` varchar(255) DEFAULT NULL,
  `format` varchar(255) DEFAULT NULL,
  `transformString` varchar(255) NOT NULL,
  `fileExists` tinyint(1) NOT NULL DEFAULT 0,
  `inProgress` tinyint(1) NOT NULL DEFAULT 0,
  `error` tinyint(1) NOT NULL DEFAULT 0,
  `dateIndexed` datetime DEFAULT NULL,
  `dateCreated` datetime NOT NULL,
  `dateUpdated` datetime NOT NULL,
  `uid` char(36) NOT NULL DEFAULT '0',
  PRIMARY KEY (`id`),
  KEY `idx_ojyjqablnqctotonhuwijktvizjkkkdqucgi` (`assetId`,`transformString`)
) ENGINE=InnoDB AUTO_INCREMENT=78 DEFAULT CHARSET=utf8;
/*!40101 SET character_set_client = @saved_cs_client */;

--
-- Table structure for table `imagetransforms`
--

DROP TABLE IF EXISTS `imagetransforms`;
/*!40101 SET @saved_cs_client     = @@character_set_client */;
/*!40101 SET character_set_client = utf8 */;
CREATE TABLE `imagetransforms` (
  `id` int(11) NOT NULL AUTO_INCREMENT,
  `name` varchar(255) NOT NULL,
  `handle` varchar(255) NOT NULL,
  `mode` enum('stretch','fit','crop') NOT NULL DEFAULT 'crop',
  `position` enum('top-left','top-center','top-right','center-left','center-center','center-right','bottom-left','bottom-center','bottom-right') NOT NULL DEFAULT 'center-center',
  `width` int(11) unsigned DEFAULT NULL,
  `height` int(11) unsigned DEFAULT NULL,
  `format` varchar(255) DEFAULT NULL,
  `quality` int(11) DEFAULT NULL,
  `interlace` enum('none','line','plane','partition') NOT NULL DEFAULT 'none',
  `parameterChangeTime` datetime DEFAULT NULL,
  `dateCreated` datetime NOT NULL,
  `dateUpdated` datetime NOT NULL,
  `uid` char(36) NOT NULL DEFAULT '0',
  PRIMARY KEY (`id`),
  KEY `idx_dtztrbzjczgjlcjtmdmpkxtwkyhlnvwfseul` (`name`),
  KEY `idx_bivgcmsepiafcalxfcexnsmvbjnukzrumbkv` (`handle`)
) ENGINE=InnoDB DEFAULT CHARSET=utf8;
/*!40101 SET character_set_client = @saved_cs_client */;

--
-- Table structure for table `info`
--

DROP TABLE IF EXISTS `info`;
/*!40101 SET @saved_cs_client     = @@character_set_client */;
/*!40101 SET character_set_client = utf8 */;
CREATE TABLE `info` (
  `id` int(11) NOT NULL AUTO_INCREMENT,
  `version` varchar(50) NOT NULL,
  `schemaVersion` varchar(15) NOT NULL,
  `maintenance` tinyint(1) NOT NULL DEFAULT 0,
  `configVersion` char(12) NOT NULL DEFAULT '000000000000',
  `fieldVersion` char(12) NOT NULL DEFAULT '000000000000',
  `dateCreated` datetime NOT NULL,
  `dateUpdated` datetime NOT NULL,
  `uid` char(36) NOT NULL DEFAULT '0',
  PRIMARY KEY (`id`)
) ENGINE=InnoDB AUTO_INCREMENT=2 DEFAULT CHARSET=utf8;
/*!40101 SET character_set_client = @saved_cs_client */;

--
-- Table structure for table `matrixblocks`
--

DROP TABLE IF EXISTS `matrixblocks`;
/*!40101 SET @saved_cs_client     = @@character_set_client */;
/*!40101 SET character_set_client = utf8 */;
CREATE TABLE `matrixblocks` (
  `id` int(11) NOT NULL,
  `primaryOwnerId` int(11) NOT NULL,
  `fieldId` int(11) NOT NULL,
  `typeId` int(11) NOT NULL,
  `deletedWithOwner` tinyint(1) DEFAULT NULL,
  `dateCreated` datetime NOT NULL,
  `dateUpdated` datetime NOT NULL,
  PRIMARY KEY (`id`),
  KEY `idx_osofnnvqrpuumknssbtytmwqprmfrarirckx` (`primaryOwnerId`),
  KEY `idx_odbxkzsetdydnvegilztcxuyyproveeddopi` (`fieldId`),
  KEY `idx_ronuzjjswprdxamjglxjyjlyrwmgbxyvpfbv` (`typeId`),
  CONSTRAINT `fk_czadbeylxnpibshnizhezabxoxflhjynvfym` FOREIGN KEY (`fieldId`) REFERENCES `fields` (`id`) ON DELETE CASCADE,
  CONSTRAINT `fk_iaycrxdsbtkgviaxprvjnozibxoqkthlnigm` FOREIGN KEY (`typeId`) REFERENCES `matrixblocktypes` (`id`) ON DELETE CASCADE,
  CONSTRAINT `fk_mlkrgzrtemwvmqlcqddaeaeofrbeijbywsbd` FOREIGN KEY (`primaryOwnerId`) REFERENCES `elements` (`id`) ON DELETE CASCADE,
  CONSTRAINT `fk_mloosipwjgskknspvbqzwnlcqmfidtugboim` FOREIGN KEY (`id`) REFERENCES `elements` (`id`) ON DELETE CASCADE
) ENGINE=InnoDB DEFAULT CHARSET=utf8;
/*!40101 SET character_set_client = @saved_cs_client */;

--
-- Table structure for table `matrixblocks_owners`
--

DROP TABLE IF EXISTS `matrixblocks_owners`;
/*!40101 SET @saved_cs_client     = @@character_set_client */;
/*!40101 SET character_set_client = utf8 */;
CREATE TABLE `matrixblocks_owners` (
  `blockId` int(11) NOT NULL,
  `ownerId` int(11) NOT NULL,
  `sortOrder` smallint(6) unsigned NOT NULL,
  PRIMARY KEY (`blockId`,`ownerId`),
  KEY `fk_xdimhxaegufmfetmaaedatwtouyadqhddbot` (`ownerId`),
  CONSTRAINT `fk_vawkwldvtmlkscaabndbkkbwuegusmyixamm` FOREIGN KEY (`blockId`) REFERENCES `matrixblocks` (`id`) ON DELETE CASCADE,
  CONSTRAINT `fk_xdimhxaegufmfetmaaedatwtouyadqhddbot` FOREIGN KEY (`ownerId`) REFERENCES `elements` (`id`) ON DELETE CASCADE
) ENGINE=InnoDB DEFAULT CHARSET=utf8;
/*!40101 SET character_set_client = @saved_cs_client */;

--
-- Table structure for table `matrixblocktypes`
--

DROP TABLE IF EXISTS `matrixblocktypes`;
/*!40101 SET @saved_cs_client     = @@character_set_client */;
/*!40101 SET character_set_client = utf8 */;
CREATE TABLE `matrixblocktypes` (
  `id` int(11) NOT NULL AUTO_INCREMENT,
  `fieldId` int(11) NOT NULL,
  `fieldLayoutId` int(11) DEFAULT NULL,
  `name` varchar(255) NOT NULL,
  `handle` varchar(255) NOT NULL,
  `sortOrder` smallint(6) unsigned DEFAULT NULL,
  `dateCreated` datetime NOT NULL,
  `dateUpdated` datetime NOT NULL,
  `uid` char(36) NOT NULL DEFAULT '0',
  PRIMARY KEY (`id`),
  KEY `idx_apwytqxsjbpgxafcpszfshmshustgaqrldkz` (`name`,`fieldId`),
  KEY `idx_ygrrkrgirzidqdkdnbaghletmsxzetzpvxow` (`handle`,`fieldId`),
  KEY `idx_gkwuaskoydxhrrxazoaptmgcnjhvulkgpqkq` (`fieldId`),
  KEY `idx_xyhjjyibweaccqakxevehioqicmnpkxrdzql` (`fieldLayoutId`),
  CONSTRAINT `fk_ndwralfzfqogigpqyovffpnevbotrtlhviar` FOREIGN KEY (`fieldId`) REFERENCES `fields` (`id`) ON DELETE CASCADE,
  CONSTRAINT `fk_swrujsyapxfoptbfencdoswqcsrsmpsmutkz` FOREIGN KEY (`fieldLayoutId`) REFERENCES `fieldlayouts` (`id`) ON DELETE SET NULL
) ENGINE=InnoDB AUTO_INCREMENT=4 DEFAULT CHARSET=utf8;
/*!40101 SET character_set_client = @saved_cs_client */;

--
-- Table structure for table `matrixcontent_navigationlinks`
--

DROP TABLE IF EXISTS `matrixcontent_navigationlinks`;
/*!40101 SET @saved_cs_client     = @@character_set_client */;
/*!40101 SET character_set_client = utf8 */;
CREATE TABLE `matrixcontent_navigationlinks` (
  `id` int(11) NOT NULL AUTO_INCREMENT,
  `elementId` int(11) NOT NULL,
  `siteId` int(11) NOT NULL,
  `dateCreated` datetime NOT NULL,
  `dateUpdated` datetime NOT NULL,
  `uid` char(36) NOT NULL DEFAULT '0',
  `field_link_linkText_qgtahimg` text DEFAULT NULL,
  PRIMARY KEY (`id`),
  UNIQUE KEY `idx_rxmnzlnpdrxvsegprikokwalgmyihcpkkcgg` (`elementId`,`siteId`),
  KEY `fk_jspknbajbugpymgqkrdmrbhflwfosbltpaxd` (`siteId`),
  CONSTRAINT `fk_cvzqtnflfwpzkqjtxeewradkloichsafeafn` FOREIGN KEY (`elementId`) REFERENCES `elements` (`id`) ON DELETE CASCADE,
  CONSTRAINT `fk_jspknbajbugpymgqkrdmrbhflwfosbltpaxd` FOREIGN KEY (`siteId`) REFERENCES `sites` (`id`) ON DELETE CASCADE ON UPDATE CASCADE
) ENGINE=InnoDB AUTO_INCREMENT=4 DEFAULT CHARSET=utf8;
/*!40101 SET character_set_client = @saved_cs_client */;

--
-- Table structure for table `matrixcontent_socialmedia`
--

DROP TABLE IF EXISTS `matrixcontent_socialmedia`;
/*!40101 SET @saved_cs_client     = @@character_set_client */;
/*!40101 SET character_set_client = utf8 */;
CREATE TABLE `matrixcontent_socialmedia` (
  `id` int(11) NOT NULL AUTO_INCREMENT,
  `elementId` int(11) NOT NULL,
  `siteId` int(11) NOT NULL,
  `dateCreated` datetime NOT NULL,
  `dateUpdated` datetime NOT NULL,
  `uid` char(36) NOT NULL DEFAULT '0',
  `field_socials_socialName_jcdbksxn` text DEFAULT NULL,
  PRIMARY KEY (`id`),
  UNIQUE KEY `idx_dqgvmfzxoknkgvalnayyukeebmvdmiucedoz` (`elementId`,`siteId`),
  KEY `fk_mvdaytmprtoihafepacwjuirhscpjouudeec` (`siteId`),
  CONSTRAINT `fk_mvdaytmprtoihafepacwjuirhscpjouudeec` FOREIGN KEY (`siteId`) REFERENCES `sites` (`id`) ON DELETE CASCADE ON UPDATE CASCADE,
  CONSTRAINT `fk_mwlcbamtiorwqzzbscuxhpuabrmkymcujusc` FOREIGN KEY (`elementId`) REFERENCES `elements` (`id`) ON DELETE CASCADE
) ENGINE=InnoDB AUTO_INCREMENT=45 DEFAULT CHARSET=utf8;
/*!40101 SET character_set_client = @saved_cs_client */;

--
-- Table structure for table `migrations`
--

DROP TABLE IF EXISTS `migrations`;
/*!40101 SET @saved_cs_client     = @@character_set_client */;
/*!40101 SET character_set_client = utf8 */;
CREATE TABLE `migrations` (
  `id` int(11) NOT NULL AUTO_INCREMENT,
  `track` varchar(255) NOT NULL,
  `name` varchar(255) NOT NULL,
  `applyTime` datetime NOT NULL,
  `dateCreated` datetime NOT NULL,
  `dateUpdated` datetime NOT NULL,
  `uid` char(36) NOT NULL DEFAULT '0',
  PRIMARY KEY (`id`),
  UNIQUE KEY `idx_bwljfdipxbineofwddettagdnykovcdervkw` (`track`,`name`)
) ENGINE=InnoDB AUTO_INCREMENT=29 DEFAULT CHARSET=utf8;
/*!40101 SET character_set_client = @saved_cs_client */;

--
-- Table structure for table `plugins`
--

DROP TABLE IF EXISTS `plugins`;
/*!40101 SET @saved_cs_client     = @@character_set_client */;
/*!40101 SET character_set_client = utf8 */;
CREATE TABLE `plugins` (
  `id` int(11) NOT NULL AUTO_INCREMENT,
  `handle` varchar(255) NOT NULL,
  `version` varchar(255) NOT NULL,
  `schemaVersion` varchar(255) NOT NULL,
  `licenseKeyStatus` enum('valid','trial','invalid','mismatched','astray','unknown') NOT NULL DEFAULT 'unknown',
  `licensedEdition` varchar(255) DEFAULT NULL,
  `installDate` datetime NOT NULL,
  `dateCreated` datetime NOT NULL,
  `dateUpdated` datetime NOT NULL,
  `uid` char(36) NOT NULL DEFAULT '0',
  PRIMARY KEY (`id`),
  UNIQUE KEY `idx_ovmmhsawnmwcbilyejylzmvwftkmmeeaeaco` (`handle`)
) ENGINE=InnoDB AUTO_INCREMENT=3 DEFAULT CHARSET=utf8;
/*!40101 SET character_set_client = @saved_cs_client */;

--
-- Table structure for table `projectconfig`
--

DROP TABLE IF EXISTS `projectconfig`;
/*!40101 SET @saved_cs_client     = @@character_set_client */;
/*!40101 SET character_set_client = utf8 */;
CREATE TABLE `projectconfig` (
  `path` varchar(255) NOT NULL,
  `value` text NOT NULL,
  PRIMARY KEY (`path`)
) ENGINE=InnoDB DEFAULT CHARSET=utf8;
/*!40101 SET character_set_client = @saved_cs_client */;

--
-- Table structure for table `queue`
--

DROP TABLE IF EXISTS `queue`;
/*!40101 SET @saved_cs_client     = @@character_set_client */;
/*!40101 SET character_set_client = utf8 */;
CREATE TABLE `queue` (
  `id` int(11) NOT NULL AUTO_INCREMENT,
  `channel` varchar(255) NOT NULL DEFAULT 'queue',
  `job` longblob NOT NULL,
  `description` text DEFAULT NULL,
  `timePushed` int(11) NOT NULL,
  `ttr` int(11) NOT NULL,
  `delay` int(11) NOT NULL DEFAULT 0,
  `priority` int(11) unsigned NOT NULL DEFAULT 1024,
  `dateReserved` datetime DEFAULT NULL,
  `timeUpdated` int(11) DEFAULT NULL,
  `progress` smallint(6) NOT NULL DEFAULT 0,
  `progressLabel` varchar(255) DEFAULT NULL,
  `attempt` int(11) DEFAULT NULL,
  `fail` tinyint(1) DEFAULT 0,
  `dateFailed` datetime DEFAULT NULL,
  `error` text DEFAULT NULL,
  PRIMARY KEY (`id`),
  KEY `idx_bwivhthtmsmmyatqavabwypuckyotviuqobr` (`channel`,`fail`,`timeUpdated`,`timePushed`),
  KEY `idx_zzahicqbogsdjbomzenqvzbpfgzcexpblelf` (`channel`,`fail`,`timeUpdated`,`delay`)
) ENGINE=InnoDB AUTO_INCREMENT=1426 DEFAULT CHARSET=utf8;
/*!40101 SET character_set_client = @saved_cs_client */;

--
-- Table structure for table `relations`
--

DROP TABLE IF EXISTS `relations`;
/*!40101 SET @saved_cs_client     = @@character_set_client */;
/*!40101 SET character_set_client = utf8 */;
CREATE TABLE `relations` (
  `id` int(11) NOT NULL AUTO_INCREMENT,
  `fieldId` int(11) NOT NULL,
  `sourceId` int(11) NOT NULL,
  `sourceSiteId` int(11) DEFAULT NULL,
  `targetId` int(11) NOT NULL,
  `sortOrder` smallint(6) unsigned DEFAULT NULL,
  `dateCreated` datetime NOT NULL,
  `dateUpdated` datetime NOT NULL,
  `uid` char(36) NOT NULL DEFAULT '0',
  PRIMARY KEY (`id`),
  UNIQUE KEY `idx_ujglnqhrjhmctjitnfxkrjoanlvkdvdkbfam` (`fieldId`,`sourceId`,`sourceSiteId`,`targetId`),
  KEY `idx_bqtwkhedhwlcwvgpphgvudowhgttrmdyuryx` (`sourceId`),
  KEY `idx_nnibniwezwsjfnevyeusgivlygowawbrciir` (`targetId`),
  KEY `idx_jqslodxjqtfrxromtamewdprtabevysbsjms` (`sourceSiteId`),
  CONSTRAINT `fk_iruddmxzzecyjhrlujrtmsuppqaijohnqpqd` FOREIGN KEY (`targetId`) REFERENCES `elements` (`id`) ON DELETE CASCADE,
  CONSTRAINT `fk_lhwfuclgmyhceoamfgmiqluphghpmvdmjzdp` FOREIGN KEY (`sourceSiteId`) REFERENCES `sites` (`id`) ON DELETE CASCADE ON UPDATE CASCADE,
  CONSTRAINT `fk_orjkxqrbvsraofwvtdyclijxldaxoyorkqlk` FOREIGN KEY (`fieldId`) REFERENCES `fields` (`id`) ON DELETE CASCADE,
  CONSTRAINT `fk_xaokuhoieldqduyyslmspaaekgpyjhwdwxjq` FOREIGN KEY (`sourceId`) REFERENCES `elements` (`id`) ON DELETE CASCADE
) ENGINE=InnoDB AUTO_INCREMENT=441 DEFAULT CHARSET=utf8;
/*!40101 SET character_set_client = @saved_cs_client */;

--
-- Table structure for table `resourcepaths`
--

DROP TABLE IF EXISTS `resourcepaths`;
/*!40101 SET @saved_cs_client     = @@character_set_client */;
/*!40101 SET character_set_client = utf8 */;
CREATE TABLE `resourcepaths` (
  `hash` varchar(255) NOT NULL,
  `path` varchar(255) NOT NULL,
  PRIMARY KEY (`hash`)
) ENGINE=InnoDB DEFAULT CHARSET=utf8;
/*!40101 SET character_set_client = @saved_cs_client */;

--
-- Table structure for table `revisions`
--

DROP TABLE IF EXISTS `revisions`;
/*!40101 SET @saved_cs_client     = @@character_set_client */;
/*!40101 SET character_set_client = utf8 */;
CREATE TABLE `revisions` (
  `id` int(11) NOT NULL AUTO_INCREMENT,
  `canonicalId` int(11) NOT NULL,
  `creatorId` int(11) DEFAULT NULL,
  `num` int(11) NOT NULL,
  `notes` text DEFAULT NULL,
  PRIMARY KEY (`id`),
  UNIQUE KEY `idx_ihqmbzswyoqclvgoynxsapofqkuuevytehmz` (`canonicalId`,`num`),
  KEY `fk_ffhqedpxawvnfoejuqvrzeuznnepxbmufauj` (`creatorId`),
  CONSTRAINT `fk_ffhqedpxawvnfoejuqvrzeuznnepxbmufauj` FOREIGN KEY (`creatorId`) REFERENCES `users` (`id`) ON DELETE SET NULL,
  CONSTRAINT `fk_tvqzwouotbkodzhgmpqtlvcesghmheumerlq` FOREIGN KEY (`canonicalId`) REFERENCES `elements` (`id`) ON DELETE CASCADE
) ENGINE=InnoDB AUTO_INCREMENT=298 DEFAULT CHARSET=utf8;
/*!40101 SET character_set_client = @saved_cs_client */;

--
-- Table structure for table `searchindex`
--

DROP TABLE IF EXISTS `searchindex`;
/*!40101 SET @saved_cs_client     = @@character_set_client */;
/*!40101 SET character_set_client = utf8 */;
CREATE TABLE `searchindex` (
  `elementId` int(11) NOT NULL,
  `attribute` varchar(25) NOT NULL,
  `fieldId` int(11) NOT NULL,
  `siteId` int(11) NOT NULL,
  `keywords` text NOT NULL,
  PRIMARY KEY (`elementId`,`attribute`,`fieldId`,`siteId`),
  FULLTEXT KEY `idx_nmbcgacwcciwwhrvzhsbkoyzsoyjjqsynudh` (`keywords`)
) ENGINE=InnoDB DEFAULT CHARSET=utf8;
/*!40101 SET character_set_client = @saved_cs_client */;

--
-- Table structure for table `sections`
--

DROP TABLE IF EXISTS `sections`;
/*!40101 SET @saved_cs_client     = @@character_set_client */;
/*!40101 SET character_set_client = utf8 */;
CREATE TABLE `sections` (
  `id` int(11) NOT NULL AUTO_INCREMENT,
  `structureId` int(11) DEFAULT NULL,
  `name` varchar(255) NOT NULL,
  `handle` varchar(255) NOT NULL,
  `type` enum('single','channel','structure') NOT NULL DEFAULT 'channel',
  `enableVersioning` tinyint(1) NOT NULL DEFAULT 0,
  `propagationMethod` varchar(255) NOT NULL DEFAULT 'all',
  `defaultPlacement` enum('beginning','end') NOT NULL DEFAULT 'end',
  `previewTargets` text DEFAULT NULL,
  `dateCreated` datetime NOT NULL,
  `dateUpdated` datetime NOT NULL,
  `dateDeleted` datetime DEFAULT NULL,
  `uid` char(36) NOT NULL DEFAULT '0',
  PRIMARY KEY (`id`),
  KEY `idx_fvkpunjvtpisxohfypixuolozwcwvdbzprao` (`handle`),
  KEY `idx_hygyfiwamqeewjlndiqpnzjdodhrhfnsxfwi` (`name`),
  KEY `idx_cwnnksvkbecnhuzgtmzwwodqhquvsrkoinsy` (`structureId`),
  KEY `idx_ptyirhfuhgjfhfwtaqjdquybrduwxwbawcyj` (`dateDeleted`),
  CONSTRAINT `fk_odacjfekuvvffeubvxlltvhknitlclpjkwkb` FOREIGN KEY (`structureId`) REFERENCES `structures` (`id`) ON DELETE SET NULL
) ENGINE=InnoDB AUTO_INCREMENT=10 DEFAULT CHARSET=utf8;
/*!40101 SET character_set_client = @saved_cs_client */;

--
-- Table structure for table `sections_sites`
--

DROP TABLE IF EXISTS `sections_sites`;
/*!40101 SET @saved_cs_client     = @@character_set_client */;
/*!40101 SET character_set_client = utf8 */;
CREATE TABLE `sections_sites` (
  `id` int(11) NOT NULL AUTO_INCREMENT,
  `sectionId` int(11) NOT NULL,
  `siteId` int(11) NOT NULL,
  `hasUrls` tinyint(1) NOT NULL DEFAULT 1,
  `uriFormat` text DEFAULT NULL,
  `template` varchar(500) DEFAULT NULL,
  `enabledByDefault` tinyint(1) NOT NULL DEFAULT 1,
  `dateCreated` datetime NOT NULL,
  `dateUpdated` datetime NOT NULL,
  `uid` char(36) NOT NULL DEFAULT '0',
  PRIMARY KEY (`id`),
  UNIQUE KEY `idx_ltcacctrhwjxwrnjibjusftxjnjyputkbrfy` (`sectionId`,`siteId`),
  KEY `idx_upgwskmkywscnlbqqrtejukibdidhdurfrvz` (`siteId`),
  CONSTRAINT `fk_mvxkbxtdhfzlakdlwkzxebglfxdxqhafyjfj` FOREIGN KEY (`siteId`) REFERENCES `sites` (`id`) ON DELETE CASCADE ON UPDATE CASCADE,
  CONSTRAINT `fk_sdzburjqtyjhnafhvpryeawzabuvrlyjuoik` FOREIGN KEY (`sectionId`) REFERENCES `sections` (`id`) ON DELETE CASCADE
) ENGINE=InnoDB AUTO_INCREMENT=10 DEFAULT CHARSET=utf8;
/*!40101 SET character_set_client = @saved_cs_client */;

--
-- Table structure for table `sequences`
--

DROP TABLE IF EXISTS `sequences`;
/*!40101 SET @saved_cs_client     = @@character_set_client */;
/*!40101 SET character_set_client = utf8 */;
CREATE TABLE `sequences` (
  `name` varchar(255) NOT NULL,
  `next` int(11) unsigned NOT NULL DEFAULT 1,
  PRIMARY KEY (`name`)
) ENGINE=InnoDB DEFAULT CHARSET=utf8;
/*!40101 SET character_set_client = @saved_cs_client */;

--
-- Table structure for table `sessions`
--

DROP TABLE IF EXISTS `sessions`;
/*!40101 SET @saved_cs_client     = @@character_set_client */;
/*!40101 SET character_set_client = utf8 */;
CREATE TABLE `sessions` (
  `id` int(11) NOT NULL AUTO_INCREMENT,
  `userId` int(11) NOT NULL,
  `token` char(100) NOT NULL,
  `dateCreated` datetime NOT NULL,
  `dateUpdated` datetime NOT NULL,
  `uid` char(36) NOT NULL DEFAULT '0',
  PRIMARY KEY (`id`),
  KEY `idx_pzdfjgfqgreuuwxtntpfaedyfsgioxfzoavx` (`uid`),
  KEY `idx_tizurhzshmgnegckywggtrkjngvgaalcfhyx` (`token`),
  KEY `idx_kluwhdycryefpylgpxalymljverynyyytiyj` (`dateUpdated`),
  KEY `idx_bulprnhupapfnawqrwtjvnkgaakieometdfh` (`userId`),
  CONSTRAINT `fk_dttstlqmqocmzntvbbvgzlnltwswoglfvhfg` FOREIGN KEY (`userId`) REFERENCES `users` (`id`) ON DELETE CASCADE
) ENGINE=InnoDB AUTO_INCREMENT=18 DEFAULT CHARSET=utf8;
/*!40101 SET character_set_client = @saved_cs_client */;

--
-- Table structure for table `shunnedmessages`
--

DROP TABLE IF EXISTS `shunnedmessages`;
/*!40101 SET @saved_cs_client     = @@character_set_client */;
/*!40101 SET character_set_client = utf8 */;
CREATE TABLE `shunnedmessages` (
  `id` int(11) NOT NULL AUTO_INCREMENT,
  `userId` int(11) NOT NULL,
  `message` varchar(255) NOT NULL,
  `expiryDate` datetime DEFAULT NULL,
  `dateCreated` datetime NOT NULL,
  `dateUpdated` datetime NOT NULL,
  `uid` char(36) NOT NULL DEFAULT '0',
  PRIMARY KEY (`id`),
  UNIQUE KEY `idx_vxswiwsrhhynfvozhnwcksjwgbtgfxmxqlpv` (`userId`,`message`),
  CONSTRAINT `fk_zfzznbcpupzkmzpmjbndehpeuiuvtbhfsowc` FOREIGN KEY (`userId`) REFERENCES `users` (`id`) ON DELETE CASCADE
) ENGINE=InnoDB DEFAULT CHARSET=utf8;
/*!40101 SET character_set_client = @saved_cs_client */;

--
-- Table structure for table `sitegroups`
--

DROP TABLE IF EXISTS `sitegroups`;
/*!40101 SET @saved_cs_client     = @@character_set_client */;
/*!40101 SET character_set_client = utf8 */;
CREATE TABLE `sitegroups` (
  `id` int(11) NOT NULL AUTO_INCREMENT,
  `name` varchar(255) NOT NULL,
  `dateCreated` datetime NOT NULL,
  `dateUpdated` datetime NOT NULL,
  `dateDeleted` datetime DEFAULT NULL,
  `uid` char(36) NOT NULL DEFAULT '0',
  PRIMARY KEY (`id`),
  KEY `idx_jefvymojamthbunpqfduzowbbdvpdplqlkyk` (`name`)
) ENGINE=InnoDB AUTO_INCREMENT=2 DEFAULT CHARSET=utf8;
/*!40101 SET character_set_client = @saved_cs_client */;

--
-- Table structure for table `sites`
--

DROP TABLE IF EXISTS `sites`;
/*!40101 SET @saved_cs_client     = @@character_set_client */;
/*!40101 SET character_set_client = utf8 */;
CREATE TABLE `sites` (
  `id` int(11) NOT NULL AUTO_INCREMENT,
  `groupId` int(11) NOT NULL,
  `primary` tinyint(1) NOT NULL,
  `enabled` varchar(255) NOT NULL DEFAULT 'true',
  `name` varchar(255) NOT NULL,
  `handle` varchar(255) NOT NULL,
  `language` varchar(12) NOT NULL,
  `hasUrls` tinyint(1) NOT NULL DEFAULT 0,
  `baseUrl` varchar(255) DEFAULT NULL,
  `sortOrder` smallint(6) unsigned DEFAULT NULL,
  `dateCreated` datetime NOT NULL,
  `dateUpdated` datetime NOT NULL,
  `dateDeleted` datetime DEFAULT NULL,
  `uid` char(36) NOT NULL DEFAULT '0',
  PRIMARY KEY (`id`),
  KEY `idx_lbxirmjsfhynswlubecnflgrsnlrarypreia` (`dateDeleted`),
  KEY `idx_rflttjtygsdydkdsgzpqjewvqpghlhmmpvfx` (`handle`),
  KEY `idx_hpdipznbkrkyfwbljjaaiosevgdltiskelve` (`sortOrder`),
  KEY `fk_mnsxngbmpkrrcrtvierbopjcwyorlyspzygf` (`groupId`),
  CONSTRAINT `fk_mnsxngbmpkrrcrtvierbopjcwyorlyspzygf` FOREIGN KEY (`groupId`) REFERENCES `sitegroups` (`id`) ON DELETE CASCADE
) ENGINE=InnoDB AUTO_INCREMENT=2 DEFAULT CHARSET=utf8;
/*!40101 SET character_set_client = @saved_cs_client */;

--
-- Table structure for table `structureelements`
--

DROP TABLE IF EXISTS `structureelements`;
/*!40101 SET @saved_cs_client     = @@character_set_client */;
/*!40101 SET character_set_client = utf8 */;
CREATE TABLE `structureelements` (
  `id` int(11) NOT NULL AUTO_INCREMENT,
  `structureId` int(11) NOT NULL,
  `elementId` int(11) DEFAULT NULL,
  `root` int(11) unsigned DEFAULT NULL,
  `lft` int(11) unsigned NOT NULL,
  `rgt` int(11) unsigned NOT NULL,
  `level` smallint(6) unsigned NOT NULL,
  `dateCreated` datetime NOT NULL,
  `dateUpdated` datetime NOT NULL,
  `uid` char(36) NOT NULL DEFAULT '0',
  PRIMARY KEY (`id`),
  UNIQUE KEY `idx_kffibolrofxkjbyesaqhbjsvwolgunccijbp` (`structureId`,`elementId`),
  KEY `idx_ikdibvjuhfglwgccguxvwlkpcrhaymrpsjif` (`root`),
  KEY `idx_nshuhtypbchmrkgzfyokdripzmiqnllslyxp` (`lft`),
  KEY `idx_igucdhajyjfdhrvsayuldjovnhjvnnkklulh` (`rgt`),
  KEY `idx_ipbzmiztjxwhfdywovprkicueoqprbquaqpe` (`level`),
  KEY `idx_fiwmvgzopoztcfcmrgzqgsfpzddoveieuywe` (`elementId`),
  CONSTRAINT `fk_hejewhfzgiobchqfgdmckydiklzpsgpaeddt` FOREIGN KEY (`structureId`) REFERENCES `structures` (`id`) ON DELETE CASCADE,
  CONSTRAINT `fk_vwwtqwdvkrdbbayrfdcdanakfjbiqtmfycgv` FOREIGN KEY (`elementId`) REFERENCES `elements` (`id`) ON DELETE CASCADE
) ENGINE=InnoDB AUTO_INCREMENT=14 DEFAULT CHARSET=utf8;
/*!40101 SET character_set_client = @saved_cs_client */;

--
-- Table structure for table `structures`
--

DROP TABLE IF EXISTS `structures`;
/*!40101 SET @saved_cs_client     = @@character_set_client */;
/*!40101 SET character_set_client = utf8 */;
CREATE TABLE `structures` (
  `id` int(11) NOT NULL AUTO_INCREMENT,
  `maxLevels` smallint(6) unsigned DEFAULT NULL,
  `dateCreated` datetime NOT NULL,
  `dateUpdated` datetime NOT NULL,
  `dateDeleted` datetime DEFAULT NULL,
  `uid` char(36) NOT NULL DEFAULT '0',
  PRIMARY KEY (`id`),
  KEY `idx_dndovmbuezyruyjwiemupmnhrxhtbljbniko` (`dateDeleted`)
) ENGINE=InnoDB AUTO_INCREMENT=3 DEFAULT CHARSET=utf8;
/*!40101 SET character_set_client = @saved_cs_client */;

--
-- Table structure for table `systemmessages`
--

DROP TABLE IF EXISTS `systemmessages`;
/*!40101 SET @saved_cs_client     = @@character_set_client */;
/*!40101 SET character_set_client = utf8 */;
CREATE TABLE `systemmessages` (
  `id` int(11) NOT NULL AUTO_INCREMENT,
  `language` varchar(255) NOT NULL,
  `key` varchar(255) NOT NULL,
  `subject` text NOT NULL,
  `body` text NOT NULL,
  `dateCreated` datetime NOT NULL,
  `dateUpdated` datetime NOT NULL,
  `uid` char(36) NOT NULL DEFAULT '0',
  PRIMARY KEY (`id`),
  UNIQUE KEY `idx_fpotrukgqzklyyatckguwpijzmtgzmvkdvaw` (`key`,`language`),
  KEY `idx_vgomttijpsmhscqcheuwhuuajpynuaiyokge` (`language`)
) ENGINE=InnoDB DEFAULT CHARSET=utf8;
/*!40101 SET character_set_client = @saved_cs_client */;

--
-- Table structure for table `taggroups`
--

DROP TABLE IF EXISTS `taggroups`;
/*!40101 SET @saved_cs_client     = @@character_set_client */;
/*!40101 SET character_set_client = utf8 */;
CREATE TABLE `taggroups` (
  `id` int(11) NOT NULL AUTO_INCREMENT,
  `name` varchar(255) NOT NULL,
  `handle` varchar(255) NOT NULL,
  `fieldLayoutId` int(11) DEFAULT NULL,
  `dateCreated` datetime NOT NULL,
  `dateUpdated` datetime NOT NULL,
  `dateDeleted` datetime DEFAULT NULL,
  `uid` char(36) NOT NULL DEFAULT '0',
  PRIMARY KEY (`id`),
  KEY `idx_etkdxizjceweduqmgnmuoaefbgwcjvckwzxo` (`name`),
  KEY `idx_fevxxisfdlsgagsaoihisfmhmkczcidcpzgs` (`handle`),
  KEY `idx_bsvjanesinkidoskuckrcdfxqcfnpkpbkkgg` (`dateDeleted`),
  KEY `fk_enwnyfikzbdajzmrvpewcywtlmfcrzocvtsg` (`fieldLayoutId`),
  CONSTRAINT `fk_enwnyfikzbdajzmrvpewcywtlmfcrzocvtsg` FOREIGN KEY (`fieldLayoutId`) REFERENCES `fieldlayouts` (`id`) ON DELETE SET NULL
) ENGINE=InnoDB DEFAULT CHARSET=utf8;
/*!40101 SET character_set_client = @saved_cs_client */;

--
-- Table structure for table `tags`
--

DROP TABLE IF EXISTS `tags`;
/*!40101 SET @saved_cs_client     = @@character_set_client */;
/*!40101 SET character_set_client = utf8 */;
CREATE TABLE `tags` (
  `id` int(11) NOT NULL,
  `groupId` int(11) NOT NULL,
  `deletedWithGroup` tinyint(1) DEFAULT NULL,
  `dateCreated` datetime NOT NULL,
  `dateUpdated` datetime NOT NULL,
  PRIMARY KEY (`id`),
  KEY `idx_lwcpwofnkveofbfdkmxgxymucuxpbdnbqcev` (`groupId`),
  CONSTRAINT `fk_hleiapoewtonbxqxdyphqznovkmodotfgzzt` FOREIGN KEY (`id`) REFERENCES `elements` (`id`) ON DELETE CASCADE,
  CONSTRAINT `fk_nxhnlbuuzowehrsbogjzygwaqifijoarympg` FOREIGN KEY (`groupId`) REFERENCES `taggroups` (`id`) ON DELETE CASCADE
) ENGINE=InnoDB DEFAULT CHARSET=utf8;
/*!40101 SET character_set_client = @saved_cs_client */;

--
-- Table structure for table `tokens`
--

DROP TABLE IF EXISTS `tokens`;
/*!40101 SET @saved_cs_client     = @@character_set_client */;
/*!40101 SET character_set_client = utf8 */;
CREATE TABLE `tokens` (
  `id` int(11) NOT NULL AUTO_INCREMENT,
  `token` char(32) NOT NULL,
  `route` text DEFAULT NULL,
  `usageLimit` tinyint(3) unsigned DEFAULT NULL,
  `usageCount` tinyint(3) unsigned DEFAULT NULL,
  `expiryDate` datetime NOT NULL,
  `dateCreated` datetime NOT NULL,
  `dateUpdated` datetime NOT NULL,
  `uid` char(36) NOT NULL DEFAULT '0',
  PRIMARY KEY (`id`),
  UNIQUE KEY `idx_peifghoccvhmmgbgngsulhepllbdyfetegop` (`token`),
  KEY `idx_fkxlqagzavbwvthazgnuilccldorhlpsmcni` (`expiryDate`)
) ENGINE=InnoDB DEFAULT CHARSET=utf8;
/*!40101 SET character_set_client = @saved_cs_client */;

--
-- Table structure for table `usergroups`
--

DROP TABLE IF EXISTS `usergroups`;
/*!40101 SET @saved_cs_client     = @@character_set_client */;
/*!40101 SET character_set_client = utf8 */;
CREATE TABLE `usergroups` (
  `id` int(11) NOT NULL AUTO_INCREMENT,
  `name` varchar(255) NOT NULL,
  `handle` varchar(255) NOT NULL,
  `description` text DEFAULT NULL,
  `dateCreated` datetime NOT NULL,
  `dateUpdated` datetime NOT NULL,
  `uid` char(36) NOT NULL DEFAULT '0',
  PRIMARY KEY (`id`),
  KEY `idx_kpblxphncyexjafyoljxzfbrweuklarechkz` (`handle`),
  KEY `idx_zsvshvqzwozdthyaqzjtdzewfewhhiugncem` (`name`)
) ENGINE=InnoDB DEFAULT CHARSET=utf8;
/*!40101 SET character_set_client = @saved_cs_client */;

--
-- Table structure for table `usergroups_users`
--

DROP TABLE IF EXISTS `usergroups_users`;
/*!40101 SET @saved_cs_client     = @@character_set_client */;
/*!40101 SET character_set_client = utf8 */;
CREATE TABLE `usergroups_users` (
  `id` int(11) NOT NULL AUTO_INCREMENT,
  `groupId` int(11) NOT NULL,
  `userId` int(11) NOT NULL,
  `dateCreated` datetime NOT NULL,
  `dateUpdated` datetime NOT NULL,
  `uid` char(36) NOT NULL DEFAULT '0',
  PRIMARY KEY (`id`),
  UNIQUE KEY `idx_xlczghnypdubzsrztygwgzppprkpjeqifbqf` (`groupId`,`userId`),
  KEY `idx_idtxvtektuqwsworurnulwiguwibaoyaxiyx` (`userId`),
  CONSTRAINT `fk_qguugfkhiceoqrxpwoipcczwdfcbhewkcovo` FOREIGN KEY (`userId`) REFERENCES `users` (`id`) ON DELETE CASCADE,
  CONSTRAINT `fk_zlialtiwhnhjmjuhvaqqpdlewemnmpsoarjh` FOREIGN KEY (`groupId`) REFERENCES `usergroups` (`id`) ON DELETE CASCADE
) ENGINE=InnoDB DEFAULT CHARSET=utf8;
/*!40101 SET character_set_client = @saved_cs_client */;

--
-- Table structure for table `userpermissions`
--

DROP TABLE IF EXISTS `userpermissions`;
/*!40101 SET @saved_cs_client     = @@character_set_client */;
/*!40101 SET character_set_client = utf8 */;
CREATE TABLE `userpermissions` (
  `id` int(11) NOT NULL AUTO_INCREMENT,
  `name` varchar(255) NOT NULL,
  `dateCreated` datetime NOT NULL,
  `dateUpdated` datetime NOT NULL,
  `uid` char(36) NOT NULL DEFAULT '0',
  PRIMARY KEY (`id`),
  UNIQUE KEY `idx_yzhseayeufubmbissrbxqlfazcihkcdpqkow` (`name`)
) ENGINE=InnoDB DEFAULT CHARSET=utf8;
/*!40101 SET character_set_client = @saved_cs_client */;

--
-- Table structure for table `userpermissions_usergroups`
--

DROP TABLE IF EXISTS `userpermissions_usergroups`;
/*!40101 SET @saved_cs_client     = @@character_set_client */;
/*!40101 SET character_set_client = utf8 */;
CREATE TABLE `userpermissions_usergroups` (
  `id` int(11) NOT NULL AUTO_INCREMENT,
  `permissionId` int(11) NOT NULL,
  `groupId` int(11) NOT NULL,
  `dateCreated` datetime NOT NULL,
  `dateUpdated` datetime NOT NULL,
  `uid` char(36) NOT NULL DEFAULT '0',
  PRIMARY KEY (`id`),
  UNIQUE KEY `idx_kuzqlnjmlmafkoucefjqzbajjuxbjwomqqax` (`permissionId`,`groupId`),
  KEY `idx_bfpsdugtycmiasucakrcnljeisrtoyblrvka` (`groupId`),
  CONSTRAINT `fk_cvugfrqwgxmsfrloxoemvfkpdqzaizbkognq` FOREIGN KEY (`permissionId`) REFERENCES `userpermissions` (`id`) ON DELETE CASCADE,
  CONSTRAINT `fk_waetwkygrcjirtacntytwbdelnxmdalcldmg` FOREIGN KEY (`groupId`) REFERENCES `usergroups` (`id`) ON DELETE CASCADE
) ENGINE=InnoDB DEFAULT CHARSET=utf8;
/*!40101 SET character_set_client = @saved_cs_client */;

--
-- Table structure for table `userpermissions_users`
--

DROP TABLE IF EXISTS `userpermissions_users`;
/*!40101 SET @saved_cs_client     = @@character_set_client */;
/*!40101 SET character_set_client = utf8 */;
CREATE TABLE `userpermissions_users` (
  `id` int(11) NOT NULL AUTO_INCREMENT,
  `permissionId` int(11) NOT NULL,
  `userId` int(11) NOT NULL,
  `dateCreated` datetime NOT NULL,
  `dateUpdated` datetime NOT NULL,
  `uid` char(36) NOT NULL DEFAULT '0',
  PRIMARY KEY (`id`),
  UNIQUE KEY `idx_irwhrvrdzajzohkknydvgwasjcikqmaoxcgv` (`permissionId`,`userId`),
  KEY `idx_vrqpcgdqnvpdhnmputwcgzitglktjxkcrmnl` (`userId`),
  CONSTRAINT `fk_hbotpeoxiudmxmvkfqpxatiksktetgpzptur` FOREIGN KEY (`userId`) REFERENCES `users` (`id`) ON DELETE CASCADE,
  CONSTRAINT `fk_jekvrplqpsupaszibuqpcoixqfvencqrjtsf` FOREIGN KEY (`permissionId`) REFERENCES `userpermissions` (`id`) ON DELETE CASCADE
) ENGINE=InnoDB DEFAULT CHARSET=utf8;
/*!40101 SET character_set_client = @saved_cs_client */;

--
-- Table structure for table `userpreferences`
--

DROP TABLE IF EXISTS `userpreferences`;
/*!40101 SET @saved_cs_client     = @@character_set_client */;
/*!40101 SET character_set_client = utf8 */;
CREATE TABLE `userpreferences` (
  `userId` int(11) NOT NULL AUTO_INCREMENT,
  `preferences` text DEFAULT NULL,
  PRIMARY KEY (`userId`),
  CONSTRAINT `fk_ahmdkjebqzlgjiwxdbnoaskbepyumujachgr` FOREIGN KEY (`userId`) REFERENCES `users` (`id`) ON DELETE CASCADE
) ENGINE=InnoDB AUTO_INCREMENT=2 DEFAULT CHARSET=utf8;
/*!40101 SET character_set_client = @saved_cs_client */;

--
-- Table structure for table `users`
--

DROP TABLE IF EXISTS `users`;
/*!40101 SET @saved_cs_client     = @@character_set_client */;
/*!40101 SET character_set_client = utf8 */;
CREATE TABLE `users` (
  `id` int(11) NOT NULL,
  `photoId` int(11) DEFAULT NULL,
  `active` tinyint(1) NOT NULL DEFAULT 0,
  `pending` tinyint(1) NOT NULL DEFAULT 0,
  `locked` tinyint(1) NOT NULL DEFAULT 0,
  `suspended` tinyint(1) NOT NULL DEFAULT 0,
  `admin` tinyint(1) NOT NULL DEFAULT 0,
  `username` varchar(255) DEFAULT NULL,
  `fullName` varchar(255) DEFAULT NULL,
  `firstName` varchar(255) DEFAULT NULL,
  `lastName` varchar(255) DEFAULT NULL,
  `email` varchar(255) DEFAULT NULL,
  `password` varchar(255) DEFAULT NULL,
  `lastLoginDate` datetime DEFAULT NULL,
  `lastLoginAttemptIp` varchar(45) DEFAULT NULL,
  `invalidLoginWindowStart` datetime DEFAULT NULL,
  `invalidLoginCount` tinyint(3) unsigned DEFAULT NULL,
  `lastInvalidLoginDate` datetime DEFAULT NULL,
  `lockoutDate` datetime DEFAULT NULL,
  `hasDashboard` tinyint(1) NOT NULL DEFAULT 0,
  `verificationCode` varchar(255) DEFAULT NULL,
  `verificationCodeIssuedDate` datetime DEFAULT NULL,
  `unverifiedEmail` varchar(255) DEFAULT NULL,
  `passwordResetRequired` tinyint(1) NOT NULL DEFAULT 0,
  `lastPasswordChangeDate` datetime DEFAULT NULL,
  `dateCreated` datetime NOT NULL,
  `dateUpdated` datetime NOT NULL,
  PRIMARY KEY (`id`),
  KEY `idx_mgykwttupdvhjzgcesbnuvtizgfjfjlnubjw` (`active`),
  KEY `idx_yhmryippnvbwyqcgpgbapcxypampnhmbilvc` (`locked`),
  KEY `idx_kfgavgjvghtpcukfbbksmbyepxoygqisdnjc` (`pending`),
  KEY `idx_hmaalyaleilocxqpsrfcqmfympobjhcqkuok` (`suspended`),
  KEY `idx_gakvbpldpimmpxctqfjxcglrlpgzfllealpg` (`verificationCode`),
  KEY `idx_lwtbiifeitarvtyydlmwctthlkmqhliuumxq` (`email`),
  KEY `idx_nqwvkhajzwyliikdxmdaspztblufhvdutqhv` (`username`),
  KEY `fk_mljevojmrqjeisjyyxldogehottdzqeavtig` (`photoId`),
  CONSTRAINT `fk_asskvmkgitjabuqnclhaxvjavkpzppagkszv` FOREIGN KEY (`id`) REFERENCES `elements` (`id`) ON DELETE CASCADE,
  CONSTRAINT `fk_mljevojmrqjeisjyyxldogehottdzqeavtig` FOREIGN KEY (`photoId`) REFERENCES `assets` (`id`) ON DELETE SET NULL
) ENGINE=InnoDB DEFAULT CHARSET=utf8;
/*!40101 SET character_set_client = @saved_cs_client */;

--
-- Table structure for table `volumefolders`
--

DROP TABLE IF EXISTS `volumefolders`;
/*!40101 SET @saved_cs_client     = @@character_set_client */;
/*!40101 SET character_set_client = utf8 */;
CREATE TABLE `volumefolders` (
  `id` int(11) NOT NULL AUTO_INCREMENT,
  `parentId` int(11) DEFAULT NULL,
  `volumeId` int(11) DEFAULT NULL,
  `name` varchar(255) NOT NULL,
  `path` varchar(255) DEFAULT NULL,
  `dateCreated` datetime NOT NULL,
  `dateUpdated` datetime NOT NULL,
  `uid` char(36) NOT NULL DEFAULT '0',
  PRIMARY KEY (`id`),
  UNIQUE KEY `idx_ztmiltruzraykodyyhvsimwnmuglqpshlnnq` (`name`,`parentId`,`volumeId`),
  KEY `idx_deazfadhpnpybahdvnxzczkmabxsiomelqts` (`parentId`),
  KEY `idx_esuiotqizgxtqyitwmjqmuepzujftrphlhsi` (`volumeId`),
  CONSTRAINT `fk_gexoehajusrloiyefwtjrgrudeceohalccxi` FOREIGN KEY (`volumeId`) REFERENCES `volumes` (`id`) ON DELETE CASCADE,
  CONSTRAINT `fk_nakpdweoaaktvnwaxpppvpvjfstfirjikoon` FOREIGN KEY (`parentId`) REFERENCES `volumefolders` (`id`) ON DELETE CASCADE
) ENGINE=InnoDB AUTO_INCREMENT=4 DEFAULT CHARSET=utf8;
/*!40101 SET character_set_client = @saved_cs_client */;

--
-- Table structure for table `volumes`
--

DROP TABLE IF EXISTS `volumes`;
/*!40101 SET @saved_cs_client     = @@character_set_client */;
/*!40101 SET character_set_client = utf8 */;
CREATE TABLE `volumes` (
  `id` int(11) NOT NULL AUTO_INCREMENT,
  `fieldLayoutId` int(11) DEFAULT NULL,
  `name` varchar(255) NOT NULL,
  `handle` varchar(255) NOT NULL,
  `fs` varchar(255) NOT NULL,
  `transformFs` varchar(255) DEFAULT NULL,
  `transformSubpath` varchar(255) DEFAULT NULL,
  `titleTranslationMethod` varchar(255) NOT NULL DEFAULT 'site',
  `titleTranslationKeyFormat` text DEFAULT NULL,
  `sortOrder` smallint(6) unsigned DEFAULT NULL,
  `dateCreated` datetime NOT NULL,
  `dateUpdated` datetime NOT NULL,
  `dateDeleted` datetime DEFAULT NULL,
  `uid` char(36) NOT NULL DEFAULT '0',
  PRIMARY KEY (`id`),
  KEY `idx_mwzrlaxhsofbtqpgtvpvjtwxnvxeiamrvrtd` (`name`),
  KEY `idx_aqwnmnnoofqwpdvmjbnxjyvqhoqhchkyuomi` (`handle`),
  KEY `idx_uxfjhhuvscrztbddnssndmakulmclkvybnbk` (`fieldLayoutId`),
  KEY `idx_cvrouggfbdprvppxwecguadteidaxsaxhogs` (`dateDeleted`),
  CONSTRAINT `fk_uywivzitfcuravzysxlgohfzlngzsectcmzo` FOREIGN KEY (`fieldLayoutId`) REFERENCES `fieldlayouts` (`id`) ON DELETE SET NULL
) ENGINE=InnoDB AUTO_INCREMENT=2 DEFAULT CHARSET=utf8;
/*!40101 SET character_set_client = @saved_cs_client */;

--
-- Table structure for table `widgets`
--

DROP TABLE IF EXISTS `widgets`;
/*!40101 SET @saved_cs_client     = @@character_set_client */;
/*!40101 SET character_set_client = utf8 */;
CREATE TABLE `widgets` (
  `id` int(11) NOT NULL AUTO_INCREMENT,
  `userId` int(11) NOT NULL,
  `type` varchar(255) NOT NULL,
  `sortOrder` smallint(6) unsigned DEFAULT NULL,
  `colspan` tinyint(3) DEFAULT NULL,
  `settings` text DEFAULT NULL,
  `enabled` tinyint(1) NOT NULL DEFAULT 1,
  `dateCreated` datetime NOT NULL,
  `dateUpdated` datetime NOT NULL,
  `uid` char(36) NOT NULL DEFAULT '0',
  PRIMARY KEY (`id`),
  KEY `idx_hvwuvhjmegqiycyfokcyhqqcnyupwpgantlo` (`userId`),
  CONSTRAINT `fk_jvgjzyndybarpratdphyxgqkxnmcpcscxnis` FOREIGN KEY (`userId`) REFERENCES `users` (`id`) ON DELETE CASCADE
) ENGINE=InnoDB AUTO_INCREMENT=5 DEFAULT CHARSET=utf8;
/*!40101 SET character_set_client = @saved_cs_client */;

--
-- Dumping routines for database 'db'
--
/*!40103 SET TIME_ZONE=@OLD_TIME_ZONE */;

/*!40101 SET SQL_MODE=@OLD_SQL_MODE */;
/*!40014 SET FOREIGN_KEY_CHECKS=@OLD_FOREIGN_KEY_CHECKS */;
/*!40014 SET UNIQUE_CHECKS=@OLD_UNIQUE_CHECKS */;
/*!40101 SET CHARACTER_SET_CLIENT=@OLD_CHARACTER_SET_CLIENT */;
/*!40101 SET CHARACTER_SET_RESULTS=@OLD_CHARACTER_SET_RESULTS */;
/*!40101 SET COLLATION_CONNECTION=@OLD_COLLATION_CONNECTION */;
/*!40111 SET SQL_NOTES=@OLD_SQL_NOTES */;

-- Dump completed on 2022-12-17 14:57:48
-- MariaDB dump 10.19  Distrib 10.5.15-MariaDB, for debian-linux-gnu (aarch64)
--
-- Host: db    Database: db
-- ------------------------------------------------------
-- Server version	10.4.26-MariaDB-1:10.4.26+maria~ubu2004-log

/*!40101 SET @OLD_CHARACTER_SET_CLIENT=@@CHARACTER_SET_CLIENT */;
/*!40101 SET @OLD_CHARACTER_SET_RESULTS=@@CHARACTER_SET_RESULTS */;
/*!40101 SET @OLD_COLLATION_CONNECTION=@@COLLATION_CONNECTION */;
/*!40101 SET NAMES utf8 */;
/*!40103 SET @OLD_TIME_ZONE=@@TIME_ZONE */;
/*!40103 SET TIME_ZONE='+00:00' */;
/*!40014 SET @OLD_FOREIGN_KEY_CHECKS=@@FOREIGN_KEY_CHECKS, FOREIGN_KEY_CHECKS=0 */;
/*!40101 SET @OLD_SQL_MODE=@@SQL_MODE, SQL_MODE='NO_AUTO_VALUE_ON_ZERO' */;
/*!40111 SET @OLD_SQL_NOTES=@@SQL_NOTES, SQL_NOTES=0 */;

--
-- Dumping data for table `addresses`
--

LOCK TABLES `addresses` WRITE;
/*!40000 ALTER TABLE `addresses` DISABLE KEYS */;
set autocommit=0;
/*!40000 ALTER TABLE `addresses` ENABLE KEYS */;
UNLOCK TABLES;
commit;

--
-- Dumping data for table `announcements`
--

LOCK TABLES `announcements` WRITE;
/*!40000 ALTER TABLE `announcements` DISABLE KEYS */;
set autocommit=0;
/*!40000 ALTER TABLE `announcements` ENABLE KEYS */;
UNLOCK TABLES;
commit;

--
-- Dumping data for table `assetindexingsessions`
--

LOCK TABLES `assetindexingsessions` WRITE;
/*!40000 ALTER TABLE `assetindexingsessions` DISABLE KEYS */;
set autocommit=0;
/*!40000 ALTER TABLE `assetindexingsessions` ENABLE KEYS */;
UNLOCK TABLES;
commit;

--
-- Dumping data for table `assets`
--

LOCK TABLES `assets` WRITE;
/*!40000 ALTER TABLE `assets` DISABLE KEYS */;
set autocommit=0;
INSERT INTO `assets` VALUES (6,NULL,3,1,'asset6399d02c243e98.40328067.jpg','image',NULL,1471,981,212109,NULL,NULL,NULL,'2022-12-14 13:31:24','2022-12-14 13:31:24','2022-12-14 13:31:24'),(7,NULL,3,1,'asset6399d03323b704.55006380.jpg','image',NULL,1471,981,212109,NULL,NULL,NULL,'2022-12-14 13:31:31','2022-12-14 13:31:31','2022-12-14 13:31:31'),(11,NULL,3,1,'asset6399d0f41e3214.02862339.jpg','image',NULL,640,420,35583,NULL,NULL,NULL,'2022-12-14 13:34:44','2022-12-14 13:34:44','2022-12-14 13:34:44'),(12,NULL,3,1,'asset6399d0fd94b3e8.51400593.jpg','image',NULL,640,420,35583,NULL,NULL,NULL,'2022-12-14 13:34:53','2022-12-14 13:34:53','2022-12-14 13:34:53'),(14,NULL,3,1,'asset6399d14caf8148.76611811.jpg','image',NULL,640,420,35583,NULL,NULL,NULL,'2022-12-14 13:36:12','2022-12-14 13:36:12','2022-12-14 13:36:12'),(15,NULL,3,1,'asset6399d17d7aea73.45171272.jpg','image',NULL,640,420,35583,NULL,NULL,NULL,'2022-12-14 13:37:01','2022-12-14 13:37:01','2022-12-14 13:37:01'),(16,NULL,3,1,'asset6399d2b35b7176.44214343.jpg','image',NULL,640,420,35583,NULL,NULL,NULL,'2022-12-14 13:42:11','2022-12-14 13:42:11','2022-12-14 13:42:11'),(17,NULL,3,1,'asset6399d2ba60f483.87401650.jpg','image',NULL,640,420,35583,NULL,NULL,NULL,'2022-12-14 13:42:18','2022-12-14 13:42:18','2022-12-14 13:42:18'),(18,NULL,3,1,'asset6399d587d54ae1.98896766.jpg','image',NULL,640,420,35583,NULL,NULL,NULL,'2022-12-14 13:54:15','2022-12-14 13:54:15','2022-12-14 13:54:15'),(19,1,1,1,'agency.jpg','image',NULL,640,420,35583,NULL,NULL,NULL,'2022-12-14 13:55:02','2022-12-14 13:55:02','2022-12-14 13:55:02'),(44,1,1,1,'Thomas.jpeg','image',NULL,1076,1351,130665,NULL,NULL,NULL,'2022-12-14 17:42:15','2022-12-14 17:42:15','2022-12-14 17:42:15'),(90,1,1,1,'kasper.png','image',NULL,1000,1000,782015,NULL,NULL,NULL,'2022-12-15 17:04:35','2022-12-15 17:04:35','2022-12-15 17:04:35'),(91,1,1,1,'senne.png','image',NULL,1000,1000,956086,NULL,NULL,NULL,'2022-12-15 17:04:46','2022-12-15 17:04:46','2022-12-15 17:04:46'),(92,1,1,1,'thomas.png','image',NULL,1000,1000,703457,NULL,NULL,NULL,'2022-12-15 17:04:56','2022-12-15 17:04:56','2022-12-15 17:04:56'),(133,1,1,1,'Screenshot-2022-12-15-at-20.33.11.png','image',NULL,1742,1736,3951140,NULL,NULL,NULL,'2022-12-15 19:33:28','2022-12-15 19:33:28','2022-12-15 19:33:28'),(150,1,1,1,'Screenshot-2022-12-15-at-22.06.31.png','image',NULL,780,770,768243,NULL,NULL,NULL,'2022-12-15 21:07:11','2022-12-15 21:07:11','2022-12-15 21:07:11'),(196,1,1,1,'Screenshot-2022-12-15-at-23.07.08.png','image',NULL,768,740,835594,NULL,NULL,NULL,'2022-12-15 22:07:24','2022-12-15 22:07:24','2022-12-15 22:07:24'),(209,1,1,1,'sennepic.png','image',NULL,1000,1000,1205364,NULL,NULL,NULL,'2022-12-16 15:35:49','2022-12-16 15:35:49','2022-12-16 15:35:49'),(216,1,1,1,'thomaspic.png','image',NULL,1000,1000,1150039,NULL,NULL,NULL,'2022-12-16 15:49:24','2022-12-16 15:49:24','2022-12-16 15:49:24'),(217,1,1,1,'kasperpic.png','image',NULL,1000,1000,1182839,NULL,NULL,NULL,'2022-12-16 15:49:35','2022-12-16 15:49:35','2022-12-16 15:49:35'),(404,1,1,1,'Screenshot-2022-12-17-at-00.47.13.png','image',NULL,1134,1154,1381873,NULL,NULL,NULL,'2022-12-16 23:47:55','2022-12-16 23:47:55','2022-12-16 23:47:55'),(407,1,1,1,'Screenshot-2022-12-17-at-00.50.38.png','image',NULL,1128,1126,1229788,NULL,NULL,NULL,'2022-12-16 23:51:00','2022-12-16 23:51:00','2022-12-16 23:51:00'),(418,1,1,1,'Screenshot-2022-12-17-at-10.48.24.png','image',NULL,860,842,415636,NULL,NULL,NULL,'2022-12-17 09:49:05','2022-12-17 09:49:05','2022-12-17 09:49:05'),(429,1,1,1,'fb.png','image',NULL,512,512,6881,NULL,NULL,NULL,'2022-12-17 10:05:25','2022-12-17 10:05:25','2022-12-17 10:05:25'),(438,1,1,1,'instagram.png','image',NULL,512,512,9629,NULL,NULL,NULL,'2022-12-17 10:07:13','2022-12-17 10:07:13','2022-12-17 10:07:13'),(453,1,1,1,'linkedin.png','image',NULL,980,938,21221,NULL,NULL,NULL,'2022-12-17 10:18:01','2022-12-17 10:08:45','2022-12-17 10:18:01'),(468,1,1,1,'linkedIn_2022-12-17-101757_fjvl.png','image',NULL,980,938,19511,NULL,0,0,'2022-12-17 10:17:58','2022-12-17 10:17:58','2022-12-17 10:17:58'),(481,1,1,1,'Screenshot-2022-12-17-at-13.36.35.png','image',NULL,1732,598,1158743,NULL,NULL,NULL,'2022-12-17 12:39:07','2022-12-17 12:39:07','2022-12-17 12:39:07');
/*!40000 ALTER TABLE `assets` ENABLE KEYS */;
UNLOCK TABLES;
commit;

--
-- Dumping data for table `categories`
--

LOCK TABLES `categories` WRITE;
/*!40000 ALTER TABLE `categories` DISABLE KEYS */;
set autocommit=0;
INSERT INTO `categories` VALUES (241,1,NULL,NULL,'2022-12-16 17:09:05','2022-12-16 17:09:05'),(252,1,NULL,NULL,'2022-12-16 20:37:00','2022-12-16 20:37:00'),(255,1,NULL,0,'2022-12-16 21:17:23','2022-12-16 21:17:23'),(256,1,NULL,0,'2022-12-16 21:17:33','2022-12-16 21:17:33'),(257,1,NULL,0,'2022-12-16 21:18:35','2022-12-16 21:18:35'),(258,1,NULL,0,'2022-12-16 21:19:57','2022-12-16 21:19:57'),(260,2,NULL,0,'2022-12-16 21:28:08','2022-12-16 21:28:08'),(274,2,NULL,NULL,'2022-12-16 21:40:53','2022-12-16 21:40:53'),(275,2,NULL,0,'2022-12-16 21:41:07','2022-12-16 21:41:07'),(276,2,NULL,NULL,'2022-12-16 21:41:12','2022-12-16 21:41:12'),(277,2,NULL,NULL,'2022-12-16 21:41:46','2022-12-16 21:41:46');
/*!40000 ALTER TABLE `categories` ENABLE KEYS */;
UNLOCK TABLES;
commit;

--
-- Dumping data for table `categorygroups`
--

LOCK TABLES `categorygroups` WRITE;
/*!40000 ALTER TABLE `categorygroups` DISABLE KEYS */;
set autocommit=0;
INSERT INTO `categorygroups` VALUES (1,1,11,'work type','workType','end','2022-12-16 17:03:53','2022-12-16 17:06:00',NULL,'358e8018-8fa2-4683-adbc-b21ada456d12'),(2,2,12,'job function','function','end','2022-12-16 21:24:04','2022-12-16 21:38:46',NULL,'f4068a68-e668-4058-a00b-bdaa140e3d1c');
/*!40000 ALTER TABLE `categorygroups` ENABLE KEYS */;
UNLOCK TABLES;
commit;

--
-- Dumping data for table `categorygroups_sites`
--

LOCK TABLES `categorygroups_sites` WRITE;
/*!40000 ALTER TABLE `categorygroups_sites` DISABLE KEYS */;
set autocommit=0;
INSERT INTO `categorygroups_sites` VALUES (1,1,1,1,'work/{slug}','_/work/_entry.twig','2022-12-16 17:03:53','2022-12-16 19:59:48','bb310dc8-a27f-4a4a-8fa9-4fbb27367f7d'),(2,2,1,1,'function/{slug}',NULL,'2022-12-16 21:24:04','2022-12-16 21:24:04','092075cc-6207-4939-8e7e-f7c6a274445c');
/*!40000 ALTER TABLE `categorygroups_sites` ENABLE KEYS */;
UNLOCK TABLES;
commit;

--
-- Dumping data for table `changedattributes`
--

LOCK TABLES `changedattributes` WRITE;
/*!40000 ALTER TABLE `changedattributes` DISABLE KEYS */;
set autocommit=0;
INSERT INTO `changedattributes` VALUES (26,1,'authorId','2022-12-14 17:07:20',0,1),(26,1,'uri','2022-12-14 16:32:16',0,1),(38,1,'authorId','2022-12-16 22:02:03',0,1),(38,1,'uri','2022-12-16 22:07:56',0,1),(116,1,'authorId','2022-12-15 18:59:56',0,1),(116,1,'slug','2022-12-15 22:14:28',0,1),(116,1,'title','2022-12-16 19:51:34',0,1),(116,1,'uri','2022-12-15 21:10:44',0,1),(119,1,'title','2022-12-15 18:57:46',0,1),(132,1,'enabled','2022-12-15 19:36:54',0,1),(132,1,'postDate','2022-12-15 19:36:54',0,1),(132,1,'slug','2022-12-15 19:36:54',0,1),(143,1,'uri','2022-12-15 21:10:44',0,1),(149,1,'enabled','2022-12-15 21:08:14',0,1),(149,1,'postDate','2022-12-15 21:08:14',0,1),(149,1,'slug','2022-12-15 21:08:14',0,1),(149,1,'uri','2022-12-15 21:15:55',0,1),(172,1,'slug','2022-12-15 21:53:12',0,1),(172,1,'title','2022-12-15 21:54:19',0,1),(193,1,'postDate','2022-12-15 22:01:28',0,1),(193,1,'slug','2022-12-15 22:00:50',0,1),(193,1,'title','2022-12-15 22:00:50',0,1),(193,1,'uri','2022-12-15 22:00:50',0,1),(241,1,'slug','2022-12-16 17:09:18',0,1),(241,1,'title','2022-12-16 17:09:18',0,1),(241,1,'uri','2022-12-16 17:09:18',0,1),(252,1,'slug','2022-12-16 20:37:12',0,1),(252,1,'title','2022-12-16 20:37:12',0,1),(252,1,'uri','2022-12-16 20:37:12',0,1),(255,1,'slug','2022-12-16 21:17:28',0,1),(255,1,'title','2022-12-16 21:17:28',0,1),(255,1,'uri','2022-12-16 21:17:28',0,1),(256,1,'slug','2022-12-16 21:17:39',0,1),(256,1,'title','2022-12-16 21:17:39',0,1),(256,1,'uri','2022-12-16 21:17:39',0,1),(257,1,'slug','2022-12-16 21:18:41',0,1),(257,1,'title','2022-12-16 21:18:39',0,1),(257,1,'uri','2022-12-16 21:18:41',0,1),(258,1,'slug','2022-12-16 21:20:23',0,1),(258,1,'title','2022-12-16 21:20:23',0,1),(258,1,'uri','2022-12-16 21:20:23',0,1),(260,1,'slug','2022-12-16 21:28:13',0,1),(260,1,'title','2022-12-16 21:28:13',0,1),(260,1,'uri','2022-12-16 21:28:13',0,1),(274,1,'slug','2022-12-16 21:40:57',0,1),(274,1,'title','2022-12-16 21:40:57',0,1),(274,1,'uri','2022-12-16 21:40:57',0,1),(275,1,'slug','2022-12-16 21:41:09',0,1),(275,1,'title','2022-12-16 21:41:09',0,1),(275,1,'uri','2022-12-16 21:41:09',0,1),(276,1,'slug','2022-12-16 21:41:34',0,1),(276,1,'title','2022-12-16 21:41:34',0,1),(276,1,'uri','2022-12-16 21:41:34',0,1),(277,1,'slug','2022-12-16 21:41:52',0,1),(277,1,'title','2022-12-16 21:41:52',0,1),(277,1,'uri','2022-12-16 21:41:52',0,1),(292,1,'uri','2022-12-16 22:08:09',0,1),(368,1,'postDate','2022-12-16 22:51:15',0,1),(368,1,'slug','2022-12-16 22:51:15',0,1),(368,1,'uri','2022-12-16 22:51:15',0,1),(382,1,'uri','2022-12-16 23:03:41',0,1),(392,1,'postDate','2022-12-16 23:11:59',0,1),(392,1,'slug','2022-12-16 23:11:41',0,1),(392,1,'title','2022-12-16 23:11:41',0,1),(392,1,'uri','2022-12-16 23:11:41',0,1),(394,1,'postDate','2022-12-16 23:12:13',0,1),(394,1,'slug','2022-12-16 23:12:04',0,1),(394,1,'title','2022-12-16 23:12:04',0,1),(394,1,'uri','2022-12-16 23:12:04',0,1),(396,1,'postDate','2022-12-16 23:12:27',0,1),(396,1,'slug','2022-12-16 23:12:18',0,1),(396,1,'title','2022-12-16 23:12:18',0,1),(396,1,'uri','2022-12-16 23:12:18',0,1),(399,1,'postDate','2022-12-16 23:15:51',0,1),(399,1,'slug','2022-12-16 23:15:43',0,1),(399,1,'title','2022-12-16 23:15:43',0,1),(399,1,'uri','2022-12-16 23:15:43',0,1),(401,1,'postDate','2022-12-16 23:44:29',0,1),(401,1,'slug','2022-12-16 23:37:19',0,1),(401,1,'title','2022-12-16 23:37:19',0,1),(401,1,'uri','2022-12-16 23:37:19',0,1),(406,1,'postDate','2022-12-16 23:51:09',0,1),(406,1,'slug','2022-12-16 23:50:52',0,1),(406,1,'title','2022-12-16 23:50:52',0,1),(406,1,'uri','2022-12-16 23:50:52',0,1),(417,1,'postDate','2022-12-17 09:50:22',0,1),(417,1,'slug','2022-12-17 09:48:47',0,1),(417,1,'title','2022-12-17 09:48:47',0,1),(417,1,'uri','2022-12-17 09:48:47',0,1);
/*!40000 ALTER TABLE `changedattributes` ENABLE KEYS */;
UNLOCK TABLES;
commit;

--
-- Dumping data for table `changedfields`
--

LOCK TABLES `changedfields` WRITE;
/*!40000 ALTER TABLE `changedfields` DISABLE KEYS */;
set autocommit=0;
INSERT INTO `changedfields` VALUES (2,1,1,'2022-12-14 14:17:38',0,1),(2,1,2,'2022-12-15 18:30:37',0,1),(2,1,7,'2022-12-16 10:05:24',0,1),(116,1,2,'2022-12-15 18:59:56',0,1),(116,1,8,'2022-12-15 21:43:05',0,1),(116,1,9,'2022-12-15 21:54:27',0,1),(116,1,10,'2022-12-15 21:54:27',0,1),(116,1,11,'2022-12-16 16:00:24',0,1),(116,1,15,'2022-12-16 20:37:57',0,1),(119,1,20,'2022-12-17 10:18:06',0,1),(119,1,23,'2022-12-17 12:39:18',0,1),(132,1,2,'2022-12-15 19:52:10',0,1),(132,1,8,'2022-12-15 19:33:52',0,1),(132,1,9,'2022-12-15 19:33:31',0,1),(132,1,10,'2022-12-15 19:36:52',0,1),(143,1,8,'2022-12-15 21:10:44',0,1),(143,1,9,'2022-12-15 21:10:44',0,1),(143,1,10,'2022-12-15 21:10:44',0,1),(149,1,8,'2022-12-15 21:15:55',0,1),(149,1,9,'2022-12-15 21:15:55',0,1),(149,1,10,'2022-12-15 21:15:55',0,1),(172,1,9,'2022-12-15 21:54:20',0,1),(172,1,10,'2022-12-15 21:54:20',0,1),(193,1,9,'2022-12-15 22:07:27',0,1),(193,1,10,'2022-12-15 22:01:26',0,1),(193,1,11,'2022-12-16 16:35:25',0,1),(193,1,15,'2022-12-16 17:13:51',0,1),(234,1,13,'2022-12-16 23:07:55',0,1),(234,1,14,'2022-12-16 23:07:55',0,1),(235,1,13,'2022-12-16 23:07:55',0,1),(235,1,14,'2022-12-16 23:07:55',0,1),(236,1,13,'2022-12-16 23:07:55',0,1),(236,1,14,'2022-12-16 23:07:55',0,1),(368,1,16,'2022-12-16 22:50:55',0,1),(368,1,17,'2022-12-16 22:50:49',0,1),(368,1,18,'2022-12-16 22:51:00',0,1),(392,1,17,'2022-12-16 23:11:45',0,1),(392,1,18,'2022-12-16 23:11:51',0,1),(394,1,17,'2022-12-16 23:12:08',0,1),(394,1,18,'2022-12-16 23:12:12',0,1),(394,1,19,'2022-12-17 09:11:23',0,1),(396,1,17,'2022-12-16 23:12:22',0,1),(396,1,18,'2022-12-16 23:12:27',0,1),(396,1,19,'2022-12-17 09:14:50',0,1),(399,1,17,'2022-12-16 23:15:46',0,1),(399,1,18,'2022-12-16 23:15:51',0,1),(399,1,19,'2022-12-17 09:10:47',0,1),(401,1,17,'2022-12-16 23:47:59',0,1),(401,1,18,'2022-12-16 23:44:29',0,1),(406,1,17,'2022-12-16 23:51:02',0,1),(406,1,18,'2022-12-16 23:51:09',0,1),(417,1,9,'2022-12-17 09:49:07',0,1),(417,1,10,'2022-12-17 09:49:30',0,1),(417,1,11,'2022-12-17 09:52:10',0,1),(417,1,15,'2022-12-17 09:48:54',0,1),(433,1,21,'2022-12-17 10:08:52',0,1),(457,1,22,'2022-12-17 10:18:06',0,1);
/*!40000 ALTER TABLE `changedfields` ENABLE KEYS */;
UNLOCK TABLES;
commit;

--
-- Dumping data for table `content`
--

LOCK TABLES `content` WRITE;
/*!40000 ALTER TABLE `content` DISABLE KEYS */;
set autocommit=0;
INSERT INTO `content` VALUES (1,1,1,NULL,'2022-12-14 09:41:50','2022-12-14 09:41:50','66961e7c-0783-4684-ab80-12ca5169794f',NULL,NULL,NULL,NULL,NULL,NULL,NULL),(2,2,1,'Home','2022-12-14 12:50:05','2022-12-16 10:05:24','71245ea9-1035-4c8c-b36d-b3ad13dad5e9','Vandoorne Agency','<div>\n<p>Founded in 2021, our agency is a full-service creative studio specializing in branding, advertising, and digital design.</p>\n<p><br /></p>\n<p>Were located in the heart of West-Flanders: Waregem, and our team has a passion for crafting beautiful, engaging work that gets results.</p>\n</div>',NULL,NULL,NULL,NULL,NULL),(3,3,1,'Home','2022-12-14 12:50:05','2022-12-14 12:50:05','16638dd8-4d12-47c6-85cd-f89e97db251a',NULL,NULL,NULL,NULL,NULL,NULL,NULL),(4,4,1,'Home','2022-12-14 12:50:05','2022-12-14 12:50:05','cb5a5680-ea07-4a21-b648-04cd40511f33',NULL,NULL,NULL,NULL,NULL,NULL,NULL),(5,5,1,'Home','2022-12-14 13:29:00','2022-12-14 13:29:00','7ad75cd9-f1b2-48aa-86e0-cc352d002bfa',NULL,NULL,NULL,NULL,NULL,NULL,NULL),(6,6,1,'Agency','2022-12-14 13:31:24','2022-12-14 13:31:24','aeaea29d-9bb9-41b5-af81-78f54407a09f',NULL,NULL,NULL,NULL,NULL,NULL,NULL),(7,7,1,'Agency','2022-12-14 13:31:31','2022-12-14 13:31:31','0c7654bf-2472-49c9-bc93-50e048b1a7f7',NULL,NULL,NULL,NULL,NULL,NULL,NULL),(11,11,1,'Agency','2022-12-14 13:34:44','2022-12-14 13:34:44','42e45e11-f25c-4280-bfe1-2fd6f54bada1',NULL,NULL,NULL,NULL,NULL,NULL,NULL),(12,12,1,'Agency','2022-12-14 13:34:53','2022-12-14 13:34:53','7c7d54d5-9b56-4888-a417-98521bb24135',NULL,NULL,NULL,NULL,NULL,NULL,NULL),(14,14,1,'Agency','2022-12-14 13:36:12','2022-12-14 13:36:12','93e19fb4-201a-4eeb-885d-129e69ce5039',NULL,NULL,NULL,NULL,NULL,NULL,NULL),(15,15,1,'Agency','2022-12-14 13:37:01','2022-12-14 13:37:01','f41c9989-c001-48ca-a9ec-d6004f931fe5',NULL,NULL,NULL,NULL,NULL,NULL,NULL),(16,16,1,'Agency','2022-12-14 13:42:11','2022-12-14 13:42:11','a5c20fe6-5d13-4617-a37d-d1670be745ba',NULL,NULL,NULL,NULL,NULL,NULL,NULL),(17,17,1,'Agency','2022-12-14 13:42:18','2022-12-14 13:42:18','7bf83506-ba08-4976-9bed-352bcb7c9e4f',NULL,NULL,NULL,NULL,NULL,NULL,NULL),(18,18,1,'Agency','2022-12-14 13:54:15','2022-12-14 13:54:15','23dcb3fa-e3f8-4a2f-a1ca-406060dc495b',NULL,NULL,NULL,NULL,NULL,NULL,NULL),(19,19,1,'Agency','2022-12-14 13:55:02','2022-12-14 13:55:02','282ea6c4-7d20-4872-931d-59f113f4e1db',NULL,NULL,NULL,NULL,NULL,NULL,NULL),(21,21,1,'Home','2022-12-14 14:17:38','2022-12-14 14:17:38','020fe8ca-9af6-44d0-b833-5f1b1e13c1d8',NULL,NULL,NULL,NULL,NULL,NULL,NULL),(22,22,1,'Home','2022-12-14 14:17:43','2022-12-14 14:17:43','a917daf1-4e45-4111-8f1b-675d6030f4c6',NULL,NULL,NULL,NULL,NULL,NULL,NULL),(23,23,1,'Home','2022-12-14 14:22:23','2022-12-14 14:22:23','0b1c28f5-9683-4dca-9eb1-1d34331c85a3',NULL,NULL,NULL,NULL,NULL,NULL,NULL),(25,25,1,'Home','2022-12-14 14:22:45','2022-12-14 14:22:45','7d50e706-8c28-43bc-bf31-1773fc3eb697','Vandoorne.org',NULL,NULL,NULL,NULL,NULL,NULL),(26,26,1,'Team','2022-12-14 16:25:18','2022-12-14 17:07:20','5f79b021-994c-4461-ba4d-659ab9fd0eb1',NULL,NULL,NULL,NULL,NULL,NULL,NULL),(27,27,1,'Team','2022-12-14 16:25:18','2022-12-14 16:25:18','c8062d0b-d52b-4303-9c50-7ac7c3a33f14',NULL,NULL,NULL,NULL,NULL,NULL,NULL),(28,28,1,'Team','2022-12-14 16:25:18','2022-12-14 16:25:18','262ecda8-8548-4cd4-afd5-37f25002f86d',NULL,NULL,NULL,NULL,NULL,NULL,NULL),(29,29,1,'Team','2022-12-14 16:25:46','2022-12-14 16:25:46','d0181024-ab32-4dc3-b123-9bc5e23c1827',NULL,NULL,NULL,NULL,NULL,NULL,NULL),(30,30,1,'Team','2022-12-14 16:25:46','2022-12-14 16:25:46','74f592f2-02e3-449d-9834-e3fe99a25125',NULL,NULL,NULL,NULL,NULL,NULL,NULL),(31,31,1,'Team','2022-12-14 16:26:22','2022-12-14 16:26:22','fc2ea4ff-4001-4e17-85d1-489f9f0855cb',NULL,NULL,NULL,NULL,NULL,NULL,NULL),(32,32,1,'Team','2022-12-14 16:30:22','2022-12-14 16:30:22','3efb5c82-04e2-444c-87dd-3e2b81878ee8',NULL,NULL,NULL,NULL,NULL,NULL,NULL),(33,33,1,'Team','2022-12-14 16:30:22','2022-12-14 16:30:22','2cc868e5-ad78-4101-ad9b-fb8e8dd3a825',NULL,NULL,NULL,NULL,NULL,NULL,NULL),(34,34,1,'Team','2022-12-14 16:32:16','2022-12-14 16:32:16','483a7de4-df0b-4ad1-81b5-d03be05f05dc',NULL,NULL,NULL,NULL,NULL,NULL,NULL),(35,35,1,'Team','2022-12-14 16:32:16','2022-12-14 16:32:16','305498ac-e2fa-4edc-aaf5-71c689322222',NULL,NULL,NULL,NULL,NULL,NULL,NULL),(36,36,1,'Team','2022-12-14 17:03:15','2022-12-14 17:03:15','61bc3222-5559-482d-b22d-f198c16acd5b',NULL,NULL,NULL,NULL,NULL,NULL,NULL),(37,37,1,'Team','2022-12-14 17:04:01','2022-12-14 17:04:01','fa0c0933-4fbd-4025-8ac2-cad12125f65f',NULL,NULL,NULL,NULL,NULL,NULL,NULL),(38,38,1,'Team','2022-12-14 17:07:51','2022-12-16 22:45:01','b78566c2-d404-4b43-801b-d524ae141eaa',NULL,NULL,NULL,NULL,NULL,NULL,NULL),(39,39,1,'Team','2022-12-14 17:07:51','2022-12-14 17:07:51','0e4324dd-08bf-4755-8dde-5f3c10225cd4',NULL,NULL,NULL,NULL,NULL,NULL,NULL),(40,40,1,'Team','2022-12-14 17:07:51','2022-12-14 17:07:51','2c456246-d149-40ac-a313-c4520ce9e574',NULL,NULL,NULL,NULL,NULL,NULL,NULL),(41,41,1,'Team','2022-12-14 17:34:40','2022-12-14 17:34:40','672b1fbe-c761-49d9-8dc6-683f3b667a52',NULL,NULL,NULL,NULL,NULL,NULL,NULL),(43,44,1,'Thomas','2022-12-14 17:42:15','2022-12-14 17:42:15','fb0d661d-8ab1-4457-af1c-b755c74abc01',NULL,NULL,NULL,NULL,NULL,NULL,NULL),(44,50,1,'Team','2022-12-14 17:42:31','2022-12-14 17:42:31','31961a82-14ac-4e2c-b632-7e43038f5f51',NULL,NULL,NULL,NULL,NULL,NULL,NULL),(45,52,1,'Team','2022-12-14 17:42:39','2022-12-14 17:42:39','71574839-340c-4202-b30f-ded04cffd8ce',NULL,NULL,NULL,NULL,NULL,NULL,NULL),(47,69,1,'Team','2022-12-15 10:13:27','2022-12-15 10:13:27','7dd137ca-80f6-49df-a817-910c0d6ebb71',NULL,NULL,NULL,NULL,NULL,NULL,NULL),(49,74,1,'Home','2022-12-15 16:18:07','2022-12-15 16:18:07','a31b0916-d796-4671-814f-8236e135b564','Vandoorne Agency',NULL,NULL,NULL,NULL,NULL,NULL),(50,75,1,'Home','2022-12-15 16:32:55','2022-12-15 16:32:55','4a149e19-60ab-4b16-a877-fae25dc09586','Vandoorne Agency',NULL,NULL,NULL,NULL,NULL,NULL),(52,77,1,'Home','2022-12-15 16:33:14','2022-12-15 16:33:14','e7db1a55-1874-4db1-a134-438ce3e0b828','Vandoorne Agency','Founded in 2021, our agency is a full-service creative studio specializing in branding, advertising, and digital design.    <br> <br>   Were located in the heart of West-Flanders, Waregem, and our team has a passion for crafting beautiful, engaging work that gets results.</p>',NULL,NULL,NULL,NULL,NULL),(54,79,1,'Home','2022-12-15 16:34:03','2022-12-15 16:34:03','e2d8e069-6f22-4306-a53b-4e7ff60d5b2b','Vandoorne Agency','Founded in 2021, our agency is a full-service creative studio specializing in branding, advertising, and digital design.Were located in the heart of West-Flanders, Waregem, and our team has a passion for crafting beautiful, engaging work that gets results.</p>',NULL,NULL,NULL,NULL,NULL),(56,81,1,'Home','2022-12-15 16:34:19','2022-12-15 16:34:19','9eb1e183-ca82-40fa-82da-20ad63d531f0','Vandoorne Agency','Founded in 2021, our agency is a full-service creative studio specializing in branding, advertising, and digital design.Were located in the heart of West-Flanders, Waregem, and our team has a passion for crafting beautiful, engaging work that gets results.',NULL,NULL,NULL,NULL,NULL),(57,82,1,'Home','2022-12-15 16:34:21','2022-12-15 16:34:21','c90c2ca8-fe37-44bb-a58d-f9a1fd65cdde','Vandoorne Agency','Founded in 2021, our agency is a full-service creative studio specializing in branding, advertising, and digital design.Were located in the heart of West-Flanders, Waregem, and our team has a passion for crafting beautiful, engaging work that gets results.',NULL,NULL,NULL,NULL,NULL),(59,84,1,'Home','2022-12-15 16:36:25','2022-12-15 16:36:25','59c4e2a4-1121-4bf0-89aa-2405eed9b7dc','Vandoorne Agency','Founded in 2021, our agency is a full-service creative studio specializing in branding, advertising, and digital design.\n\nWere located in the heart of West-Flanders, Waregem, and our team has a passion for crafting beautiful, engaging work that gets results.',NULL,NULL,NULL,NULL,NULL),(60,85,1,'Home','2022-12-15 16:37:21','2022-12-15 16:37:21','ce01652a-9982-4af2-b127-06618331b529','Vandoorne Agency','Founded in 2021, our agency is a full-service creative studio specializing in branding, advertising, and digital design.\n\nWere located in the heart of West-Flanders, Waregem, and our team has a passion for crafting beautiful, engaging work that gets results.',NULL,NULL,NULL,NULL,NULL),(62,87,1,'Home','2022-12-15 16:44:48','2022-12-15 16:44:48','c975fe87-5cee-4352-98da-0868dc10006e','Vandoorne Agency','Founded in 2021, our agency is a full-service creative studio specializing in branding, advertising, and digital design.\n\nWere located in the heart of West-Flanders, Waregem, and our team has a passion for crafting beautiful, engaging work that gets results.',NULL,NULL,NULL,NULL,NULL),(64,90,1,'Kasper','2022-12-15 17:04:35','2022-12-15 17:04:35','cd8ed177-6a50-4a94-955b-cf158fa2f4cd',NULL,NULL,NULL,NULL,NULL,NULL,NULL),(65,91,1,'Senne','2022-12-15 17:04:45','2022-12-15 17:04:45','bd0751e4-3836-4395-860d-ce4e19795435',NULL,NULL,NULL,NULL,NULL,NULL,NULL),(66,92,1,'Thomas','2022-12-15 17:04:56','2022-12-15 17:04:56','fb370179-d0e2-4b36-8d4c-cfc6c0e6c2d5',NULL,NULL,NULL,NULL,NULL,NULL,NULL),(67,95,1,'Team','2022-12-15 17:05:25','2022-12-15 17:05:25','7b3a87f6-55d1-472c-9c84-c8312189bc0d',NULL,NULL,NULL,NULL,NULL,NULL,NULL),(69,103,1,'Team','2022-12-15 18:29:43','2022-12-15 18:29:43','05e0fc40-6ba3-4fea-9503-9a5fcfdf0aa7',NULL,NULL,NULL,NULL,NULL,NULL,NULL),(71,108,1,'Home','2022-12-15 18:30:37','2022-12-15 18:30:37','70cc6023-652c-465b-8f5a-8fcd5b301ac4','Vandoorne Agency','Founded in 2021, our agency is a full-service creative studio specializing in branding, advertising, and digital design.\n\nWere located in the heart of West-Flanders, Waregem, and our team has a passion for crafting beautiful, engaging work that gets results.',NULL,NULL,NULL,NULL,NULL),(73,110,1,'Home','2022-12-15 18:36:04','2022-12-15 18:36:04','7c65ff1f-96f7-484f-bec4-15a92ff91078','Vandoorne Agency','Founded in 2021, our agency is a full-service creative studio specializing in branding, advertising, and digital design.\n\nWere located in the heart of West-Flanders: Waregem, and our team has a passion for crafting beautiful, engaging work that gets results.',NULL,NULL,NULL,NULL,NULL),(74,111,1,'Home','2022-12-15 18:47:33','2022-12-15 18:47:33','bd46c0c9-87e8-4e8c-ba1c-bb2cdfc4462a','Vandoorne Agency','Founded in 2021, our agency is a full-service creative studio specializing in branding, advertising, and digital design.\n\nWere located in the heart of West-Flanders: Waregem, and our team has a passion for crafting beautiful, engaging work that gets results.',NULL,NULL,NULL,NULL,NULL),(75,112,1,'Team','2022-12-15 18:47:43','2022-12-15 18:47:43','7c1651c7-7cdd-45ef-9045-b6118137074c',NULL,NULL,NULL,NULL,NULL,NULL,NULL),(76,116,1,'Album Cover: Prullaria','2022-12-15 18:48:12','2022-12-16 20:37:57','4aacdc38-19a5-4193-8e14-f5e047e15075','Our Projects',NULL,'Album Cover: Prullaria','We had to design an random object that goes together with your personality...','<p>We had to design an random object that goes together with your personality, Thomas Vandoorne choose a vinyl. Vinyls bring rest to him, which goes with his calm personality. He likes the simple things in live so he designed it in black and white. The accents are in green, his favourite color.</p>',NULL,NULL),(77,117,1,'projects','2022-12-15 18:48:12','2022-12-15 18:48:12','3cf00d2c-9971-4485-956b-e7f59c0401d6',NULL,NULL,NULL,NULL,NULL,NULL,NULL),(78,118,1,'projects','2022-12-15 18:48:12','2022-12-15 18:48:12','7257e548-4980-4280-9c3e-c27f3c702f69',NULL,NULL,NULL,NULL,NULL,NULL,NULL),(79,119,1,'Contact','2022-12-15 18:49:26','2022-12-17 12:39:18','8d8e8a15-f98e-4e07-9c4b-ac7b1e80a05c',NULL,NULL,NULL,NULL,NULL,NULL,NULL),(80,120,1,'contact','2022-12-15 18:49:26','2022-12-15 18:49:26','8f50385c-92c6-4464-9a1f-05ff315c20e6',NULL,NULL,NULL,NULL,NULL,NULL,NULL),(81,121,1,'contact','2022-12-15 18:49:26','2022-12-15 18:49:26','e7455478-0abc-4d56-b9d8-7c331dd89b3c',NULL,NULL,NULL,NULL,NULL,NULL,NULL),(82,122,1,'Projects','2022-12-15 18:57:39','2022-12-15 18:57:39','e9258caa-18a8-4f8f-b7da-3060332b24d0',NULL,NULL,NULL,NULL,NULL,NULL,NULL),(83,123,1,'Projects','2022-12-15 18:57:39','2022-12-15 18:57:39','5e8ffbc7-364f-4b96-b24e-89b4b46a46e4',NULL,NULL,NULL,NULL,NULL,NULL,NULL),(84,124,1,'Projects','2022-12-15 18:57:39','2022-12-15 18:57:39','59b2c723-7103-4d65-9620-a3d8926bfe29',NULL,NULL,NULL,NULL,NULL,NULL,NULL),(85,125,1,'Contact','2022-12-15 18:57:46','2022-12-15 18:57:46','3b51412b-f8c8-42e0-81c2-bc029d9bdfc5',NULL,NULL,NULL,NULL,NULL,NULL,NULL),(86,126,1,'Contact','2022-12-15 18:57:46','2022-12-15 18:57:46','b18ce01f-b1cb-4131-b157-f5c989707e8d',NULL,NULL,NULL,NULL,NULL,NULL,NULL),(87,127,1,'Contact','2022-12-15 18:57:46','2022-12-15 18:57:46','33142050-06dd-470e-990b-2e6c678d8f88',NULL,NULL,NULL,NULL,NULL,NULL,NULL),(88,128,1,'Projects','2022-12-15 18:58:12','2022-12-15 18:58:12','8d25fa88-6575-4460-aff0-c7b5ca498b7d',NULL,NULL,NULL,NULL,NULL,NULL,NULL),(89,129,1,'Projects','2022-12-15 18:58:43','2022-12-15 18:58:43','3a9b0c34-1abf-4134-8e08-b69985ebe1b0',NULL,NULL,NULL,NULL,NULL,NULL,NULL),(91,131,1,'Projects','2022-12-15 18:58:59','2022-12-15 18:58:59','5f4f724c-c99c-4283-b2d9-8055e1c9e655','Our Projects',NULL,NULL,NULL,NULL,NULL,NULL),(92,132,1,'Projects','2022-12-15 19:30:03','2022-12-15 19:53:45','b22a47ca-6722-4f19-bc14-7c0217bc73a5','Projects',NULL,'Prullaria: Album cover','We had to design an random object that goes together with your personality...',NULL,NULL,NULL),(93,133,1,'Screenshot 2022 12 15 at 20 33 11','2022-12-15 19:33:28','2022-12-15 19:33:28','794cdde8-8627-45b3-9508-ee50625aa46a',NULL,NULL,NULL,NULL,NULL,NULL,NULL),(94,134,1,'Projects','2022-12-15 19:36:54','2022-12-15 19:36:54','c7e8e238-1a80-466d-a6ac-11b422ad6545','Projects',NULL,'Prullaria: Album cover','We had to design an random object that goes together with your personality...',NULL,NULL,NULL),(95,135,1,'Projects','2022-12-15 19:51:55','2022-12-15 19:51:55','69de15a5-9cc0-47b4-91fa-bbe23d0665c6','Our Projects',NULL,NULL,NULL,NULL,NULL,NULL),(97,137,1,'Projects','2022-12-15 19:52:10','2022-12-15 19:52:10','ff72b41d-3df5-4181-ada9-78dd736d3377','Projects',NULL,'Prullaria: Album cover','We had to design an random object that goes together with your personality...',NULL,NULL,NULL),(98,138,1,'Projects','2022-12-15 19:53:10','2022-12-15 19:53:10','58143b58-803e-4c38-b912-d2c19fe3def6',NULL,NULL,'Prullaria: Album cover','We had to design an random object that goes together with your personality...',NULL,NULL,NULL),(99,139,1,'Projects','2022-12-15 19:53:39','2022-12-15 19:53:39','4ba49618-b54c-49d5-9064-2a3bf1611b67',NULL,NULL,'Prullaria: Album cover','We had to design an random object that goes together with your personality...',NULL,NULL,NULL),(100,140,1,'Projects','2022-12-15 19:53:45','2022-12-15 19:53:45','ec0681f5-2c0f-4b95-902c-3f49fdf3b2ee',NULL,NULL,'Prullaria: Album cover','We had to design an random object that goes together with your personality...',NULL,NULL,NULL),(102,142,1,'Projects','2022-12-15 19:54:34','2022-12-15 19:54:34','43d3dce4-7f5f-49a1-b33c-b61e4cd4eec1',NULL,NULL,'Album Cover: Prullaria Personalia','We had to design an random object that goes together with your personality',NULL,NULL,NULL),(103,143,1,'Projects','2022-12-15 19:54:36','2022-12-15 21:10:44','424a890f-b2a4-4ec6-acae-ca8195c87cde',NULL,NULL,NULL,NULL,NULL,NULL,NULL),(104,144,1,'Projects','2022-12-15 20:41:40','2022-12-15 20:41:40','fdd5827b-43ef-4bd9-9b84-dfc25c443ceb',NULL,NULL,'Album Cover: Prullaria Personalia','We had to design an random object that goes together with your personality',NULL,NULL,NULL),(106,146,1,'Projects','2022-12-15 20:49:03','2022-12-15 20:49:03','02dded78-3b54-4061-a17e-2d138caf3ad6',NULL,NULL,'Album Cover: Prullaria Personalia','We had to design an random object that goes together with your personality...',NULL,NULL,NULL),(108,148,1,'Projects','2022-12-15 20:51:09','2022-12-15 20:51:09','a2fe5e5d-6449-408f-8b9c-908414e12dc6',NULL,NULL,'Album Cover: Prullaria','We had to design an random object that goes together with your personality...',NULL,NULL,NULL),(109,149,1,'Projects','2022-12-15 21:06:49','2022-12-15 21:28:47','8ab004c7-d8fa-4c27-b3ae-4ceb3761df0d',NULL,NULL,'Kendrick mobile site','We made an website about the Big Steppers Tour by Kendrick Lamar which reacted to our scrollbehavior...',NULL,NULL,NULL),(110,150,1,'Screenshot 2022 12 15 at 22 06 31','2022-12-15 21:07:11','2022-12-15 21:07:11','45695e56-c51a-4be7-932a-e22b9e592627',NULL,NULL,NULL,NULL,NULL,NULL,NULL),(111,151,1,'Projects','2022-12-15 21:08:14','2022-12-15 21:08:14','7de6bec9-c782-4833-b471-29286ee03451',NULL,NULL,'Kendrick mobile site','We made an website about the Big Steppers Tour by Kendrick Lamar which reacted to our scrollbehavior...',NULL,NULL,NULL),(112,152,1,'Projects','2022-12-15 21:08:29','2022-12-15 21:08:29','5e548b51-d83b-4f3c-80b9-cb8f69d4d03b',NULL,NULL,'Kendrick mobile site','We made an website about the Big Steppers Tour by Kendrick Lamar which reacted to our scrollbehavior...',NULL,NULL,NULL),(113,153,1,'Projects','2022-12-15 21:08:56','2022-12-15 21:08:56','b919a5a8-11cc-490d-8f88-9d7b697d0851',NULL,NULL,'Album Cover: Prullaria','We had to design an random object that goes together with your personality...',NULL,NULL,NULL),(114,154,1,'Projects','2022-12-15 21:13:03','2022-12-15 21:13:03','5d2dc121-727b-44b7-89fe-e9ba4be702d0',NULL,NULL,'Kendrick mobile site','We made an website about the Big Steppers Tour by Kendrick Lamar which reacted to our scrollbehavior...',NULL,NULL,NULL),(115,155,1,'Projects','2022-12-15 21:13:06','2022-12-15 21:13:06','26a03a66-6eb5-4b2d-89b9-1dd9b7e0ae20',NULL,NULL,'Kendrick mobile site','We made an website about the Big Steppers Tour by Kendrick Lamar which reacted to our scrollbehavior...',NULL,NULL,NULL),(116,156,1,'Projects','2022-12-15 21:13:47','2022-12-15 21:13:47','8a32a7f2-6915-49b0-bc59-5469fbd84be3',NULL,NULL,'Kendrick mobile site','We made an website about the Big Steppers Tour by Kendrick Lamar which reacted to our scrollbehavior...',NULL,NULL,NULL),(117,157,1,'Projects','2022-12-15 21:19:49','2022-12-15 21:19:49','c9bbc787-4ff9-49d2-bade-7a13bb76d205',NULL,NULL,'Album Cover: Prullaria','We had to design an random object that goes together with your personality...',NULL,NULL,NULL),(118,158,1,'Projects','2022-12-15 21:24:12','2022-12-15 21:24:12','1eb3c22b-9649-495e-9613-2c97b541f1e0',NULL,NULL,'Kendrick mobile site','We made an website about the Big Steppers Tour by Kendrick Lamar which reacted to our scrollbehavior...',NULL,NULL,NULL),(120,160,1,'Projects','2022-12-15 21:28:21','2022-12-15 21:28:21','cbeeba98-b04a-4da2-b6a1-b5dbf5e26d75',NULL,NULL,'Album Cover: Prullaria','We had to design an random object that goes together with your personality...',NULL,NULL,NULL),(121,161,1,'Projects','2022-12-15 21:28:44','2022-12-15 21:28:44','c8143e01-3a57-489b-854e-126f6d067af6',NULL,NULL,'Album Cover: Prullaria','We had to design an random object that goes together with your personality...',NULL,NULL,NULL),(122,162,1,'Projects','2022-12-15 21:28:47','2022-12-15 21:28:47','4349a15a-4998-438a-8ab6-973526bd6ddf',NULL,NULL,'Kendrick mobile site','We made an website about the Big Steppers Tour by Kendrick Lamar which reacted to our scrollbehavior...',NULL,NULL,NULL),(123,163,1,'Projects','2022-12-15 21:30:31','2022-12-15 21:30:31','0869b80a-ced8-4fd3-871e-55a12d9adb00',NULL,NULL,'Album Cover: Prullaria','We had to design an random object that goes together with your personality...',NULL,NULL,NULL),(124,164,1,'Projects','2022-12-15 21:30:47','2022-12-15 21:30:47','2ec2c507-a1da-4c65-80a9-38289c656dfc',NULL,NULL,'Album Cover: Prullaria','We had to design an random object that goes together with your personality...',NULL,NULL,NULL),(125,165,1,'Projects','2022-12-15 21:30:49','2022-12-15 21:30:49','22dac14d-b7dc-4554-9944-e9e30ced7e01',NULL,NULL,'Album Cover: Prullaria','We had to design an random object that goes together with your personality...',NULL,NULL,NULL),(126,166,1,'Home','2022-12-15 21:37:16','2022-12-15 21:37:16','8be75443-aee2-4f1c-9b9b-a84a20595cd3','Vandoorne Agency','Founded in 2021, our agency is a full-service creative studio specializing in branding, advertising, and digital design.\n\nWere located in the heart of West-Flanders: Waregem, and our team has a passion for crafting beautiful, engaging work that gets results.',NULL,NULL,NULL,NULL,NULL),(128,168,1,'Projects','2022-12-15 21:38:11','2022-12-15 21:38:11','60a6722b-68a7-4cfe-84f7-35562fbdb2ec',NULL,NULL,'Album Cover: Prullaria','We had to design an random object that goes together with your personality...',NULL,NULL,NULL),(130,170,1,'Album Cover: Prullaria','2022-12-15 21:45:21','2022-12-15 21:45:21','6c00c5b9-1dc4-4c49-87bb-e6b2ebe917c0',NULL,NULL,NULL,'We had to design an random object that goes together with your personality...',NULL,NULL,NULL),(131,171,1,'Album Cover: Prullaria','2022-12-15 21:47:05','2022-12-15 21:47:05','d9cf5b69-dfd8-4d42-bbda-79c04d80e609',NULL,NULL,NULL,'We had to design an random object that goes together with your personality...',NULL,NULL,NULL),(132,172,1,'Projects list','2022-12-15 21:51:28','2022-12-16 23:02:35','e6772b90-f3e7-43c9-a047-380f0a24c085',NULL,NULL,NULL,NULL,NULL,NULL,NULL),(133,173,1,'Projectss','2022-12-15 21:51:28','2022-12-15 21:51:28','844942bf-8fc9-475e-962e-d35520529c27',NULL,NULL,NULL,NULL,NULL,NULL,NULL),(134,174,1,'Projectss','2022-12-15 21:51:28','2022-12-15 21:51:28','2b5f976b-30c1-4ba4-bea0-a7b454d9a549',NULL,NULL,NULL,NULL,NULL,NULL,NULL),(135,175,1,'Projectss','2022-12-15 21:51:43','2022-12-15 21:51:43','bf8745fd-aa75-43be-b69c-20c5d88b0ff3',NULL,NULL,NULL,NULL,NULL,NULL,NULL),(136,176,1,'Projects','2022-12-15 21:52:07','2022-12-15 21:52:07','fa439e38-ffc9-4bcf-8fb5-91fec92145eb',NULL,NULL,NULL,NULL,NULL,NULL,NULL),(137,177,1,'Projects','2022-12-15 21:52:07','2022-12-15 21:52:07','4bc0f220-7380-4efd-b24e-9414f2de032c',NULL,NULL,NULL,NULL,NULL,NULL,NULL),(138,178,1,'Projects','2022-12-15 21:52:07','2022-12-15 21:52:07','762594e7-f4d3-4a22-9b4b-f64853a92758',NULL,NULL,NULL,NULL,NULL,NULL,NULL),(139,179,1,'Projects','2022-12-15 21:52:26','2022-12-15 21:52:26','3ba78691-5576-4ba6-b9cf-4768181fa776',NULL,NULL,NULL,NULL,NULL,NULL,NULL),(141,181,1,'Projects','2022-12-15 21:53:12','2022-12-15 21:53:12','66519ed8-518c-400e-9967-7c85df392a28',NULL,NULL,NULL,NULL,NULL,NULL,NULL),(142,182,1,'Projects','2022-12-15 21:53:50','2022-12-15 21:53:50','60c40742-8566-4e06-87f8-bec180eb990d',NULL,NULL,NULL,NULL,NULL,NULL,NULL),(143,183,1,'Projects list','2022-12-15 21:54:19','2022-12-15 21:54:19','19634372-74dd-422a-b69c-cfc12dd4bd8d',NULL,NULL,NULL,NULL,NULL,NULL,NULL),(144,184,1,'Projects list','2022-12-15 21:54:20','2022-12-15 21:54:20','f149d243-d327-4a69-b6e1-ec7f60b356c8',NULL,NULL,NULL,NULL,NULL,NULL,NULL),(145,185,1,'Projects list','2022-12-15 21:54:20','2022-12-15 21:54:20','0a3ed577-395d-43fe-b3a8-e0c2ebb669be',NULL,NULL,NULL,NULL,NULL,NULL,NULL),(146,186,1,'Home','2022-12-15 21:55:16','2022-12-15 21:55:16','d84bb8ca-4e29-4bce-bf78-e91482e18f16','Vandoorne Agency','Founded in 2021, our agency is a full-service creative studio specializing in branding, advertising, and digital design.\n\nWere located in the heart of West-Flanders: Waregem, and our team has a passion for crafting beautiful, engaging work that gets results.',NULL,NULL,NULL,NULL,NULL),(147,187,1,'Team','2022-12-15 21:55:23','2022-12-15 21:55:23','a07dfd32-f200-40e0-8931-0b4d2299764d',NULL,NULL,NULL,NULL,NULL,NULL,NULL),(148,191,1,'Projects list','2022-12-15 21:55:44','2022-12-15 21:55:44','1b98933b-e2a2-4b5d-8e95-2322ffa0690c',NULL,NULL,NULL,NULL,NULL,NULL,NULL),(149,192,1,'Projects list','2022-12-15 21:55:44','2022-12-15 21:55:44','bc62b53e-ff88-4aa0-bbd4-23d62c818f8f',NULL,NULL,NULL,NULL,NULL,NULL,NULL),(150,193,1,'Kendrick Mobile Website','2022-12-15 22:00:33','2022-12-16 23:08:43','1b1e5fb9-e4a0-418c-afaf-fa3a1834e2a6',NULL,NULL,NULL,'We made a website about the Big Steppers Tour, which interacts with you scrollbehavior...','<p>We made a website about the Big Steppers Tour, which interacts with you scrollbehavior. This site gives insights in the history between Thomas and Kendrick Lamars music.</p>\n<p> <br /></p>\n<p><strong>Link:</strong><a href=\"https://thomasvandoorne.be/kendrick\" target=\"_blank\" rel=\"noreferrer noopener\">View the scrollytelling site</a></p>',NULL,NULL),(151,194,1,'Kendrick Mobile Website','2022-12-15 22:01:28','2022-12-15 22:01:28','e7360963-b774-4ec0-b710-76a810e5c1e1',NULL,NULL,NULL,'We made a website about the Big Steppers Tour, which interacts with you scrollbehavior...',NULL,NULL,NULL),(153,196,1,'Screenshot 2022 12 15 at 23 07 08','2022-12-15 22:07:24','2022-12-15 22:07:24','c4a49a36-2c3f-45e6-9e6c-fc6f0481bba9',NULL,NULL,NULL,NULL,NULL,NULL,NULL),(154,197,1,'Kendrick Mobile Website','2022-12-15 22:07:27','2022-12-15 22:07:27','7fe282d6-36b8-4790-a603-21eca074600b',NULL,NULL,NULL,'We made a website about the Big Steppers Tour, which interacts with you scrollbehavior...',NULL,NULL,NULL),(155,198,1,'Album Cover: Prullaria','2022-12-15 22:08:39','2022-12-15 22:08:39','ce0277e2-d287-4f0b-9d9b-62964c5d0e72',NULL,NULL,NULL,'We had to design an random object that goes together with your personality...',NULL,NULL,NULL),(156,199,1,'Kendrick Mobile Website','2022-12-15 22:08:45','2022-12-15 22:08:45','6b85dc69-eb01-47dd-a735-1736bfa0849b',NULL,NULL,NULL,'We made a website about the Big Steppers Tour, which interacts with you scrollbehavior...',NULL,NULL,NULL),(157,200,1,'Kendrick Mobile Website','2022-12-15 22:09:29','2022-12-15 22:09:29','e9b7ad91-edad-40f9-ad95-852fc7bf710c',NULL,NULL,NULL,'We made a website about the Big Steppers Tour, which interacts with you scrollbehavior...',NULL,NULL,NULL),(159,202,1,'Album Cover: Prullaria','2022-12-15 22:14:28','2022-12-15 22:14:28','8b0afd6f-59b0-495f-a979-cd1226d2b988',NULL,NULL,NULL,'We had to design an random object that goes together with your personality...',NULL,NULL,NULL),(161,204,1,'Home','2022-12-16 10:03:53','2022-12-16 10:03:53','b2b4d388-a46d-4455-abb9-476fafb9aac7','Vandoorne Agency','<p>Founded in 2021, our agency is a full-service creative studio specializing in branding, advertising, and digital design.</p>\n<br />\n<p>Were located in the heart of West-Flanders: Waregem, and our team has a passion for crafting beautiful, engaging work that gets results.</p>',NULL,NULL,NULL,NULL,NULL),(163,206,1,'Home','2022-12-16 10:05:24','2022-12-16 10:05:24','90c1a5ef-3ba3-471e-b3fa-430a3f995d0f','Vandoorne Agency','<div>\n<p>Founded in 2021, our agency is a full-service creative studio specializing in branding, advertising, and digital design.</p>\n<p><br /></p>\n<p>Were located in the heart of West-Flanders: Waregem, and our team has a passion for crafting beautiful, engaging work that gets results.</p>\n</div>',NULL,NULL,NULL,NULL,NULL),(165,209,1,'Sennepic','2022-12-16 15:35:49','2022-12-16 15:35:49','d4048062-e848-4768-b12b-0b1378e72484',NULL,NULL,NULL,NULL,NULL,NULL,NULL),(166,210,1,'Team','2022-12-16 15:35:52','2022-12-16 15:35:52','98e5adc5-aea1-40e4-937a-f8d48663a1db',NULL,NULL,NULL,NULL,NULL,NULL,NULL),(168,216,1,'Thomaspic','2022-12-16 15:49:24','2022-12-16 15:49:24','bc7e6712-6579-426f-af82-59c46c44a427',NULL,NULL,NULL,NULL,NULL,NULL,NULL),(169,217,1,'Kasperpic','2022-12-16 15:49:35','2022-12-16 15:49:35','ea0c1d7f-1a47-41ce-bf50-f841e1152cfd',NULL,NULL,NULL,NULL,NULL,NULL,NULL),(170,219,1,'Team','2022-12-16 15:49:49','2022-12-16 15:49:49','26e9e1b2-e02c-4fab-b5a6-83611a67031a',NULL,NULL,NULL,NULL,NULL,NULL,NULL),(172,224,1,'Album Cover: Prullaria','2022-12-16 15:59:03','2022-12-16 15:59:03','0127f973-c36d-4f7f-80d5-72a291ff5321',NULL,NULL,NULL,'We had to design an random object that goes together with your personality...','<p>We had to design an random object that goes together with your personality, Thomas Vandoorne choose a vinyl. Vinyls bring rest to Thomas, which goes with his calm personality. He likes the simple things in live so he designed it in black and white. The accents are in green, his favourite color.</p>',NULL,NULL),(174,226,1,'Album Cover: Prullaria','2022-12-16 16:00:24','2022-12-16 16:00:24','afb13474-328e-4116-9302-eed6de21a695',NULL,NULL,NULL,'We had to design an random object that goes together with your personality...','<p>We had to design an random object that goes together with your personality, Thomas Vandoorne choose a vinyl. Vinyls bring rest to him, which goes with his calm personality. He likes the simple things in live so he designed it in black and white. The accents are in green, his favourite color.</p>',NULL,NULL),(176,228,1,'Kendrick Mobile Website','2022-12-16 16:02:04','2022-12-16 16:02:04','b633ec51-139f-46a6-8c21-e59448f4d7eb',NULL,NULL,NULL,'We made a website about the Big Steppers Tour, which interacts with you scrollbehavior...','<p>We made a website about the Big Steppers Tour, which interacts with you scrollbehavior. This site gives insights in the history between Thomas and Kendrick Lamars music.</p>\n<p><strong>Link:</strong><a href=\"https://thomasvandoorne.be/kendrick/\">https://thomasvandoorne.be/kendrick/</a></p>',NULL,NULL),(177,229,1,'Kendrick Mobile Website','2022-12-16 16:02:08','2022-12-16 16:02:08','f26b2f19-8f6d-4efb-acbc-30714f5e1c41',NULL,NULL,NULL,'We made a website about the Big Steppers Tour, which interacts with you scrollbehavior...','<p>We made a website about the Big Steppers Tour, which interacts with you scrollbehavior. This site gives insights in the history between Thomas and Kendrick Lamars music.</p>\n<p><strong>Link:</strong><a href=\"https://thomasvandoorne.be/kendrick/\">https://thomasvandoorne.be/kendrick/</a></p>',NULL,NULL),(179,231,1,'Kendrick Mobile Website','2022-12-16 16:10:43','2022-12-16 16:10:43','5daf480e-f0d0-4f3d-ad05-cce76d0326cb',NULL,NULL,NULL,'We made a website about the Big Steppers Tour, which interacts with you scrollbehavior...','<p>We made a website about the Big Steppers Tour, which interacts with you scrollbehavior. This site gives insights in the history between Thomas and Kendrick Lamars music.</p> <br />\n<p><strong>Link:</strong><a href=\"https://thomasvandoorne.be/kendrick/\">https://thomasvandoorne.be/kendrick/</a></p>',NULL,NULL),(180,232,1,'Kendrick Mobile Website','2022-12-16 16:10:45','2022-12-16 16:10:45','88ee4ea3-f9d7-413a-b02a-c1d12992e098',NULL,NULL,NULL,'We made a website about the Big Steppers Tour, which interacts with you scrollbehavior...','<p>We made a website about the Big Steppers Tour, which interacts with you scrollbehavior. This site gives insights in the history between Thomas and Kendrick Lamars music.</p> <br />\n<p><strong>Link:</strong><a href=\"https://thomasvandoorne.be/kendrick/\">https://thomasvandoorne.be/kendrick/</a></p>',NULL,NULL),(181,233,1,NULL,'2022-12-16 16:13:23','2022-12-16 23:07:55','504bbb4d-2a3c-41d4-854c-be6875f5ce4a',NULL,NULL,NULL,NULL,NULL,NULL,NULL),(183,238,1,'Kendrick Mobile Website','2022-12-16 16:34:38','2022-12-16 16:34:38','183654b3-079b-49bf-b452-efe3a42e76ff',NULL,NULL,NULL,'We made a website about the Big Steppers Tour, which interacts with you scrollbehavior...','<p>We made a website about the Big Steppers Tour, which interacts with you scrollbehavior. This site gives insights in the history between Thomas and Kendrick Lamars music.</p>\n<p> <br /></p>\n<p><strong>Link:</strong><a href=\"https://thomasvandoorne.be/kendrick/%20target=\">View the scrollytelling site</a></p>',NULL,NULL),(185,240,1,'Kendrick Mobile Website','2022-12-16 16:35:25','2022-12-16 16:35:25','1c78ff7f-be04-458d-9131-ca7dc2f088ec',NULL,NULL,NULL,'We made a website about the Big Steppers Tour, which interacts with you scrollbehavior...','<p>We made a website about the Big Steppers Tour, which interacts with you scrollbehavior. This site gives insights in the history between Thomas and Kendrick Lamars music.</p>\n<p> <br /></p>\n<p><strong>Link:</strong><a href=\"https://thomasvandoorne.be/kendrick\" target=\"_blank\" rel=\"noreferrer noopener\">View the scrollytelling site</a></p>',NULL,NULL),(186,241,1,'Website','2022-12-16 17:09:05','2022-12-16 19:58:30','75a4fb2a-9b0b-4624-8edf-410e5bab8e07',NULL,NULL,NULL,NULL,NULL,NULL,NULL),(187,242,1,'Projects list','2022-12-16 17:11:54','2022-12-16 17:11:54','14b0fe2e-22a5-47ed-a2b5-43bf77852c64',NULL,NULL,NULL,NULL,NULL,NULL,NULL),(188,243,1,'Projects list','2022-12-16 17:12:32','2022-12-16 17:12:32','48f2c7d5-5496-4789-a330-5608168deeca',NULL,NULL,NULL,NULL,NULL,NULL,NULL),(189,244,1,'Projects list','2022-12-16 17:12:39','2022-12-16 17:12:39','231fc6c8-fcd8-426f-8a52-8f2bd0e5b827',NULL,NULL,NULL,NULL,NULL,NULL,NULL),(191,246,1,'Kendrick Mobile Website','2022-12-16 17:13:51','2022-12-16 17:13:51','bc136722-fdc6-47b0-ba26-2a92fbf2a186',NULL,NULL,NULL,'We made a website about the Big Steppers Tour, which interacts with you scrollbehavior...','<p>We made a website about the Big Steppers Tour, which interacts with you scrollbehavior. This site gives insights in the history between Thomas and Kendrick Lamars music.</p>\n<p> <br /></p>\n<p><strong>Link:</strong><a href=\"https://thomasvandoorne.be/kendrick\" target=\"_blank\" rel=\"noreferrer noopener\">View the scrollytelling site</a></p>',NULL,NULL),(193,248,1,'Kendrick Mobile Website','2022-12-16 19:37:55','2022-12-16 19:37:55','a7e89305-9b22-4ca8-a6dc-9076b1819aca',NULL,NULL,NULL,'We made a website about the Big Steppers Tour, which interacts with you scrollbehavior...','<p>We made a website about the Big Steppers Tour, which interacts with you scrollbehavior. This site gives insights in the history between Thomas and Kendrick Lamars music.</p>\n<p> <br /></p>\n<p><strong>Link:</strong><a href=\"https://thomasvandoorne.be/kendrick\" target=\"_blank\" rel=\"noreferrer noopener\">View the scrollytelling site</a></p>',NULL,NULL),(194,249,1,'Kendrick Mobile Website','2022-12-16 19:40:05','2022-12-16 19:40:05','43ae5cbe-67d4-4053-9147-c3bc6ef5097a',NULL,NULL,NULL,'We made a website about the Big Steppers Tour, which interacts with you scrollbehavior...','<p>We made a website about the Big Steppers Tour, which interacts with you scrollbehavior. This site gives insights in the history between Thomas and Kendrick Lamars music.</p>\n<p> <br /></p>\n<p><strong>Link:</strong><a href=\"https://thomasvandoorne.be/kendrick\" target=\"_blank\" rel=\"noreferrer noopener\">View the scrollytelling site</a></p>',NULL,NULL),(195,250,1,'Kendrick Mobile Website','2022-12-16 19:51:27','2022-12-16 19:51:27','78a6649e-d099-4a64-b185-416048e475b4',NULL,NULL,NULL,'We made a website about the Big Steppers Tour, which interacts with you scrollbehavior...','<p>We made a website about the Big Steppers Tour, which interacts with you scrollbehavior. This site gives insights in the history between Thomas and Kendrick Lamars music.</p>\n<p> <br /></p>\n<p><strong>Link:</strong><a href=\"https://thomasvandoorne.be/kendrick\" target=\"_blank\" rel=\"noreferrer noopener\">View the scrollytelling site</a></p>',NULL,NULL),(196,251,1,'Album Cover: Prullaria','2022-12-16 19:51:34','2022-12-16 19:51:34','082d80a7-818b-4f94-90f3-204684fc219b',NULL,NULL,NULL,'We had to design an random object that goes together with your personality...','<p>We had to design an random object that goes together with your personality, Thomas Vandoorne choose a vinyl. Vinyls bring rest to him, which goes with his calm personality. He likes the simple things in live so he designed it in black and white. The accents are in green, his favourite color.</p>',NULL,NULL),(197,252,1,'Design','2022-12-16 20:37:00','2022-12-16 21:29:59','9a602066-301d-46ba-ac56-c6b49a058104',NULL,NULL,NULL,NULL,NULL,NULL,NULL),(199,254,1,'Album Cover: Prullaria','2022-12-16 20:37:57','2022-12-16 20:37:57','dacab17a-c526-4464-a317-631042d7467d',NULL,NULL,NULL,'We had to design an random object that goes together with your personality...','<p>We had to design an random object that goes together with your personality, Thomas Vandoorne choose a vinyl. Vinyls bring rest to him, which goes with his calm personality. He likes the simple things in live so he designed it in black and white. The accents are in green, his favourite color.</p>',NULL,NULL),(200,255,1,'Function','2022-12-16 21:17:23','2022-12-16 21:17:31','6ffaa3f2-ce9d-4a8d-b09c-d024ac508a80',NULL,NULL,NULL,NULL,NULL,NULL,NULL),(201,256,1,'UX Researcher','2022-12-16 21:17:33','2022-12-16 21:17:39','37aaffdc-a184-4cd3-9ae2-c226944a26ac',NULL,NULL,NULL,NULL,NULL,NULL,NULL),(202,257,1,'Work','2022-12-16 21:18:35','2022-12-16 21:18:41','5edd8f60-8484-44d3-892d-7af536c7716b',NULL,NULL,NULL,NULL,NULL,NULL,NULL),(203,258,1,'Type of Work','2022-12-16 21:19:57','2022-12-16 21:20:24','7b9d76af-fc57-40f5-9102-2fa389a0bd2e',NULL,NULL,NULL,NULL,NULL,NULL,NULL),(205,260,1,'UX Designer','2022-12-16 21:28:08','2022-12-16 21:28:15','66ba374f-0748-456a-8ce5-deba3b06338d',NULL,NULL,NULL,NULL,NULL,NULL,NULL),(207,265,1,'Team','2022-12-16 21:28:38','2022-12-16 21:28:38','2dab1dc7-8d6a-435a-9949-ff44d62a095e',NULL,NULL,NULL,NULL,NULL,NULL,NULL),(208,269,1,'Team','2022-12-16 21:29:38','2022-12-16 21:29:38','061b3074-2128-4796-83cf-0ff5b748239a',NULL,NULL,NULL,NULL,NULL,NULL,NULL),(210,274,1,'Designer','2022-12-16 21:40:53','2022-12-16 21:40:59','91abcb55-a12e-4b1f-93ff-8b9a2ef04363',NULL,NULL,NULL,NULL,NULL,NULL,NULL),(211,275,1,'CEO','2022-12-16 21:41:07','2022-12-16 21:41:11','fdb7c039-b4f2-43a1-9be2-3f81d5952bb0',NULL,NULL,NULL,NULL,NULL,NULL,NULL),(212,276,1,'Developer','2022-12-16 21:41:12','2022-12-16 21:41:35','fc8d0ae1-58d2-427b-9cf2-e62b85248ece',NULL,NULL,NULL,NULL,NULL,NULL,NULL),(213,277,1,'UX Researcher','2022-12-16 21:41:46','2022-12-16 21:42:03','2003a9b7-a754-46c7-bfae-1f833279e92c',NULL,NULL,NULL,NULL,NULL,NULL,NULL),(215,282,1,'Team','2022-12-16 21:42:37','2022-12-16 21:42:37','5ae27731-7e1c-47d1-b355-b499e808747d',NULL,NULL,NULL,NULL,NULL,NULL,NULL),(217,288,1,'Team','2022-12-16 21:46:22','2022-12-16 21:46:22','903017ed-ec73-4453-bb88-61ea76689498',NULL,NULL,NULL,NULL,NULL,NULL,NULL),(218,292,1,'team members','2022-12-16 22:06:47','2022-12-16 22:26:59','1f27cc2c-e063-4253-aace-af436e2bccc9',NULL,NULL,NULL,NULL,NULL,NULL,NULL),(219,293,1,'team members','2022-12-16 22:06:47','2022-12-16 22:06:47','60ccbb8a-9cd1-472f-bf15-8bf114376b41',NULL,NULL,NULL,NULL,NULL,NULL,NULL),(220,294,1,'team members','2022-12-16 22:06:47','2022-12-16 22:06:47','7d02979b-177c-4904-bc88-62505f7c93cf',NULL,NULL,NULL,NULL,NULL,NULL,NULL),(221,295,1,'team members','2022-12-16 22:06:50','2022-12-16 22:06:50','aa272db0-ff01-4405-868b-ce08d5b6b8cd',NULL,NULL,NULL,NULL,NULL,NULL,NULL),(222,296,1,'team members','2022-12-16 22:07:05','2022-12-16 22:07:05','49697559-704f-471e-87c7-e175dbc0db9e',NULL,NULL,NULL,NULL,NULL,NULL,NULL),(223,297,1,'Projects list','2022-12-16 22:07:08','2022-12-16 22:07:08','35fbfd5c-1ffd-4b03-b6b4-292ec0c935b1',NULL,NULL,NULL,NULL,NULL,NULL,NULL),(224,298,1,'Projects list','2022-12-16 22:07:49','2022-12-16 22:07:49','fc74a8d3-f585-4edd-863b-b14b254f258d',NULL,NULL,NULL,NULL,NULL,NULL,NULL),(225,299,1,'team members','2022-12-16 22:08:09','2022-12-16 22:08:09','53fe6fc8-cc10-426a-916b-bf3aa1af5d81',NULL,NULL,NULL,NULL,NULL,NULL,NULL),(226,300,1,'team members','2022-12-16 22:08:09','2022-12-16 22:08:09','b6a1f208-0112-4779-8ebd-17168c02a813',NULL,NULL,NULL,NULL,NULL,NULL,NULL),(227,301,1,'team members','2022-12-16 22:08:27','2022-12-16 22:08:27','b400b2ea-9417-4bad-8d24-5051b00c789d',NULL,NULL,NULL,NULL,NULL,NULL,NULL),(228,302,1,'Projects list','2022-12-16 22:08:47','2022-12-16 22:08:47','dbabd296-9d11-423c-88cb-4708e5c688af',NULL,NULL,NULL,NULL,NULL,NULL,NULL),(229,303,1,'team members','2022-12-16 22:09:02','2022-12-16 22:09:02','48c50f96-be5e-40ca-9b65-abcd14a8c324',NULL,NULL,NULL,NULL,NULL,NULL,NULL),(230,304,1,'team members','2022-12-16 22:09:02','2022-12-16 22:09:02','b1ad9f54-fc0f-4bba-8f76-6848470b9ffd',NULL,NULL,NULL,NULL,NULL,NULL,NULL),(231,305,1,'team members','2022-12-16 22:12:54','2022-12-16 22:12:54','d534b071-66dc-4fde-bbd8-5a69dcc29fdb',NULL,NULL,NULL,NULL,NULL,NULL,NULL),(232,306,1,'team members','2022-12-16 22:13:04','2022-12-16 22:13:04','82a8096d-d478-44d1-af00-04a7d17b9e18',NULL,NULL,NULL,NULL,NULL,NULL,NULL),(233,307,1,'Projects list','2022-12-16 22:13:13','2022-12-16 22:13:13','07447c06-dcd5-45f3-bbc7-85dd9e858161',NULL,NULL,NULL,NULL,NULL,NULL,NULL),(234,308,1,'Projects list','2022-12-16 22:13:17','2022-12-16 22:13:17','b2b53614-6871-43c8-b53e-65a46e805651',NULL,NULL,NULL,NULL,NULL,NULL,NULL),(235,309,1,'Team','2022-12-16 22:16:39','2022-12-16 22:16:39','c5292844-d7af-420a-b49d-4bb40c7d0e68',NULL,NULL,NULL,NULL,NULL,NULL,NULL),(236,313,1,'Team','2022-12-16 22:16:54','2022-12-16 22:16:54','a91c4e74-01a3-4673-b8e8-88a9552637d7',NULL,NULL,NULL,NULL,NULL,NULL,NULL),(237,317,1,'Team','2022-12-16 22:18:23','2022-12-16 22:18:23','fec6a3d7-2aff-404b-86ad-d038bc4f6e2f',NULL,NULL,NULL,NULL,NULL,NULL,NULL),(238,321,1,'Team','2022-12-16 22:23:04','2022-12-16 22:23:04','24524f9e-3cdb-4e97-af48-e42bb3173b3a',NULL,NULL,NULL,NULL,NULL,NULL,NULL),(239,325,1,'team members','2022-12-16 22:23:10','2022-12-16 22:44:05','0c8f390a-d3c1-4363-986f-367c8a257e94',NULL,NULL,NULL,NULL,NULL,NULL,NULL),(240,327,1,'Kendrick Mobile Website','2022-12-16 22:24:03','2022-12-16 22:24:03','21a21113-1508-4984-8a84-4433fade654b',NULL,NULL,NULL,'We made a website about the Big Steppers Tour, which interacts with you scrollbehavior...','<p>We made a website about the Big Steppers Tour, which interacts with you scrollbehavior. This site gives insights in the history between Thomas and Kendrick Lamars music.</p>\n<p> <br /></p>\n<p><strong>Link:</strong><a href=\"https://thomasvandoorne.be/kendrick\" target=\"_blank\" rel=\"noreferrer noopener\">View the scrollytelling site</a></p>',NULL,NULL),(241,328,1,'team members','2022-12-16 22:26:59','2022-12-16 22:26:59','7ad463b6-fc9c-4fd6-97c7-43775d38be9b',NULL,NULL,NULL,NULL,NULL,NULL,NULL),(242,329,1,'Kendrick Mobile Website','2022-12-16 22:27:24','2022-12-16 22:27:24','3ab893d8-009a-4c7c-abcb-810f78b636b2',NULL,NULL,NULL,'We made a website about the Big Steppers Tour, which interacts with you scrollbehavior...','<p>We made a website about the Big Steppers Tour, which interacts with you scrollbehavior. This site gives insights in the history between Thomas and Kendrick Lamars music.</p>\n<p> <br /></p>\n<p><strong>Link:</strong><a href=\"https://thomasvandoorne.be/kendrick\" target=\"_blank\" rel=\"noreferrer noopener\">View the scrollytelling site</a></p>',NULL,NULL),(243,330,1,'Team','2022-12-16 22:27:30','2022-12-16 22:27:30','167ecf53-96a9-4321-ae14-62f4506b96a2',NULL,NULL,NULL,NULL,NULL,NULL,NULL),(244,334,1,'Kendrick Mobile Website','2022-12-16 22:27:34','2022-12-16 22:27:34','d7a69cd4-0275-4d8a-bc85-a72228808446',NULL,NULL,NULL,'We made a website about the Big Steppers Tour, which interacts with you scrollbehavior...','<p>We made a website about the Big Steppers Tour, which interacts with you scrollbehavior. This site gives insights in the history between Thomas and Kendrick Lamars music.</p>\n<p> <br /></p>\n<p><strong>Link:</strong><a href=\"https://thomasvandoorne.be/kendrick\" target=\"_blank\" rel=\"noreferrer noopener\">View the scrollytelling site</a></p>',NULL,NULL),(245,335,1,'Team','2022-12-16 22:29:38','2022-12-16 22:29:38','6c698d44-1640-423e-b11d-d192850cde09',NULL,NULL,NULL,NULL,NULL,NULL,NULL),(246,339,1,'Team','2022-12-16 22:38:04','2022-12-16 22:38:04','77da470a-1754-4419-a461-ff82edad242d',NULL,NULL,NULL,NULL,NULL,NULL,NULL),(247,343,1,'Team','2022-12-16 22:38:17','2022-12-16 22:38:17','df708966-1b5e-4f96-b4a8-d8c9566ad741',NULL,NULL,NULL,NULL,NULL,NULL,NULL),(248,347,1,'Team','2022-12-16 22:38:25','2022-12-16 22:38:25','1a1bd3cf-884e-427f-8865-1b73b1ff97a7',NULL,NULL,NULL,NULL,NULL,NULL,NULL),(249,351,1,'Team','2022-12-16 22:38:34','2022-12-16 22:38:34','bbf36486-da12-48bc-ad7b-d200efd86394',NULL,NULL,NULL,NULL,NULL,NULL,NULL),(250,355,1,'Team','2022-12-16 22:42:13','2022-12-16 22:42:13','cce6010c-f804-4ec0-921b-2f6b98e75fc5',NULL,NULL,NULL,NULL,NULL,NULL,NULL),(251,359,1,'Team','2022-12-16 22:43:17','2022-12-16 22:43:17','5a9878df-ec9c-4d3e-8103-5c09c6254b24',NULL,NULL,NULL,NULL,NULL,NULL,NULL),(252,363,1,'Projects list','2022-12-16 22:44:02','2022-12-16 22:44:02','7aa382f1-64bf-49d3-bda5-5d23bd25418a',NULL,NULL,NULL,NULL,NULL,NULL,NULL),(253,364,1,'Team','2022-12-16 22:45:01','2022-12-16 22:45:01','641152f7-40de-4ba0-b935-b7ce0ed6f28f',NULL,NULL,NULL,NULL,NULL,NULL,NULL),(254,368,1,'Team','2022-12-16 22:50:43','2022-12-16 22:58:57','1cdd42d4-8b61-495d-a831-aa88f8d3ab20',NULL,NULL,NULL,NULL,NULL,'Thomas',NULL),(255,369,1,'Team','2022-12-16 22:51:15','2022-12-16 22:51:15','5beb1e60-7bfc-4e58-97d5-dc18bc1f2230',NULL,NULL,NULL,NULL,NULL,'Thomas',NULL),(256,370,1,'Team','2022-12-16 22:51:30','2022-12-16 22:51:30','779880b8-04a7-4cd7-9cd2-051b834e932a',NULL,NULL,NULL,NULL,NULL,'Thomas',NULL),(257,371,1,'Team','2022-12-16 22:52:49','2022-12-16 22:52:49','abac4314-54b5-43a7-b105-0ca0d071e0dd',NULL,NULL,NULL,NULL,NULL,NULL,NULL),(258,372,1,'Team','2022-12-16 22:56:02','2022-12-16 22:56:02','9916add9-58a3-4a19-a800-fce3cd5822d4',NULL,NULL,NULL,NULL,NULL,NULL,NULL),(259,373,1,'Team','2022-12-16 22:56:03','2022-12-16 22:56:03','d274eba4-f3a4-4ae8-9b70-4a003da9f4d7',NULL,NULL,NULL,NULL,NULL,NULL,NULL),(260,374,1,'Team','2022-12-16 22:56:42','2022-12-16 22:56:42','a6edf490-ba01-426e-9cba-cbe318cd4e88',NULL,NULL,NULL,NULL,NULL,'Thomas',NULL),(261,375,1,'Team','2022-12-16 22:56:50','2022-12-16 22:56:50','1886c364-4272-40c9-b89d-602a51dd25a4',NULL,NULL,NULL,NULL,NULL,'Thomas',NULL),(262,376,1,'Team','2022-12-16 22:57:03','2022-12-16 22:57:03','2908eea7-66ab-487d-9bec-e827417b4e54',NULL,NULL,NULL,NULL,NULL,'Thomas',NULL),(263,377,1,'Team','2022-12-16 22:57:06','2022-12-16 22:57:06','517ab7c0-7e25-4198-b500-d8265f2ef06c',NULL,NULL,NULL,NULL,NULL,'Thomas',NULL),(264,378,1,'Kendrick Mobile Website','2022-12-16 22:57:17','2022-12-16 22:57:17','cd82458b-19bb-4b63-9b12-e0cdc6335024',NULL,NULL,NULL,'We made a website about the Big Steppers Tour, which interacts with you scrollbehavior...','<p>We made a website about the Big Steppers Tour, which interacts with you scrollbehavior. This site gives insights in the history between Thomas and Kendrick Lamars music.</p>\n<p> <br /></p>\n<p><strong>Link:</strong><a href=\"https://thomasvandoorne.be/kendrick\" target=\"_blank\" rel=\"noreferrer noopener\">View the scrollytelling site</a></p>',NULL,NULL),(265,379,1,'Team','2022-12-16 22:58:57','2022-12-16 22:58:57','320dbb83-7254-4998-87bf-b3b334592ac2',NULL,NULL,NULL,NULL,NULL,'Thomas',NULL),(266,380,1,'Team','2022-12-16 22:59:09','2022-12-16 22:59:09','9a1009bc-08ac-4bdb-865a-cc0dcca6327d',NULL,NULL,NULL,NULL,NULL,NULL,NULL),(267,381,1,'Projects list','2022-12-16 23:02:35','2022-12-16 23:02:35','06860f1f-8f6c-4c25-bbd6-0b5b595b00a1',NULL,NULL,NULL,NULL,NULL,NULL,NULL),(268,382,1,'Team List','2022-12-16 23:03:07','2022-12-16 23:05:39','4f2d0861-2f6b-4551-9dcc-20856da5e9b3',NULL,NULL,NULL,NULL,NULL,NULL,NULL),(269,383,1,'Team List','2022-12-16 23:03:07','2022-12-16 23:03:07','daf031ca-e951-4e56-ae4f-2c029a2e99a7',NULL,NULL,NULL,NULL,NULL,NULL,NULL),(270,384,1,'Team List','2022-12-16 23:03:07','2022-12-16 23:03:07','f2fca6e2-3613-4581-b1d2-817d1b5037bd',NULL,NULL,NULL,NULL,NULL,NULL,NULL),(271,385,1,'Team List','2022-12-16 23:03:07','2022-12-16 23:03:07','64be6259-85a9-4798-8dd2-da26f5b755d2',NULL,NULL,NULL,NULL,NULL,NULL,NULL),(272,386,1,'Team List','2022-12-16 23:03:41','2022-12-16 23:03:41','5701605c-c922-4c72-8255-4b617129d1b3',NULL,NULL,NULL,NULL,NULL,NULL,NULL),(273,387,1,'Team List','2022-12-16 23:03:41','2022-12-16 23:03:41','94db4c06-0e94-4ed9-a943-6c7319a71bb0',NULL,NULL,NULL,NULL,NULL,NULL,NULL),(274,388,1,'Team List','2022-12-16 23:05:39','2022-12-16 23:05:39','f7bf4046-9599-445e-bf07-139b0f9436c8',NULL,NULL,NULL,NULL,NULL,NULL,NULL),(275,389,1,'Kendrick Mobile Website','2022-12-16 23:08:43','2022-12-16 23:08:43','fa4703b3-2d98-48fd-a153-f13024e1e269',NULL,NULL,NULL,'We made a website about the Big Steppers Tour, which interacts with you scrollbehavior...','<p>We made a website about the Big Steppers Tour, which interacts with you scrollbehavior. This site gives insights in the history between Thomas and Kendrick Lamars music.</p>\n<p> <br /></p>\n<p><strong>Link:</strong><a href=\"https://thomasvandoorne.be/kendrick\" target=\"_blank\" rel=\"noreferrer noopener\">View the scrollytelling site</a></p>',NULL,NULL),(276,390,1,NULL,'2022-12-16 23:10:41','2022-12-16 23:10:41','d1a087bb-91d7-4992-98a4-245b818ce673',NULL,NULL,NULL,NULL,NULL,NULL,NULL),(277,391,1,NULL,'2022-12-16 23:10:56','2022-12-16 23:10:56','d3c8e64f-d1a7-4282-906c-ed8ad7547b3e',NULL,NULL,NULL,NULL,NULL,NULL,NULL),(278,392,1,'Thomas','2022-12-16 23:11:37','2022-12-16 23:14:03','b1bcd85d-d46c-4f3d-a666-09bb1c5400c5',NULL,NULL,NULL,NULL,NULL,NULL,NULL),(279,393,1,'Thomas','2022-12-16 23:11:59','2022-12-16 23:11:59','0123c498-1bf0-456c-91fe-3c5492927a55',NULL,NULL,NULL,NULL,NULL,NULL,NULL),(280,394,1,'Senne','2022-12-16 23:12:01','2022-12-17 09:11:23','7cbfaa44-08f1-4ebe-950c-09e8e19334e6',NULL,NULL,NULL,NULL,NULL,NULL,'<p>Senne is the UX Researcherof Vandoorne Agency. He has a lot of experience in research and has studied at Devine (Howest Kortrijk)</p>'),(281,395,1,'Senne','2022-12-16 23:12:13','2022-12-16 23:12:13','3a027e94-0cb8-4249-8d64-c74faeb550b2',NULL,NULL,NULL,NULL,NULL,NULL,NULL),(282,396,1,'Kasper','2022-12-16 23:12:14','2022-12-17 09:14:50','c26e0d9b-cd42-4f32-999c-133ad4def86b',NULL,NULL,NULL,NULL,NULL,NULL,'<p>Kasper is the developer. He has a lot of experience in web development and has studied at Devine (Howest Kortrijk)</p>'),(283,397,1,'Kasper','2022-12-16 23:12:27','2022-12-16 23:12:27','323dce8a-4873-4414-81c1-0859b9999e58',NULL,NULL,NULL,NULL,NULL,NULL,NULL),(284,398,1,'Thomas','2022-12-16 23:14:03','2022-12-16 23:14:03','e395e2fe-f661-44a9-96bf-6e37010a7a6a',NULL,NULL,NULL,NULL,NULL,NULL,NULL),(285,399,1,'Thomas','2022-12-16 23:15:40','2022-12-17 09:10:54','c45e0589-cf14-43e5-bb83-0fed32a5149b',NULL,NULL,NULL,NULL,NULL,NULL,'<p>Thomas is the Founder of Vandoorne Agency. He has a lot of experience in web designing and has studiedat Devine (Howest Kortrijk)</p>'),(286,400,1,'Thomas','2022-12-16 23:15:51','2022-12-16 23:15:51','06a97513-d829-4aaa-bfb5-62288f3f9805',NULL,NULL,NULL,NULL,NULL,NULL,NULL),(287,401,1,'Bas','2022-12-16 23:37:13','2022-12-16 23:47:59','d494a42b-992d-4180-823f-d350d56ce4d1',NULL,NULL,NULL,NULL,NULL,NULL,NULL),(288,402,1,'Bas','2022-12-16 23:44:29','2022-12-16 23:44:29','398564b5-fc1b-4e3c-b380-1fe618061095',NULL,NULL,NULL,NULL,NULL,NULL,NULL),(290,404,1,'Screenshot 2022 12 17 at 00 47 13','2022-12-16 23:47:55','2022-12-16 23:47:55','177769b5-1754-4637-800f-1915a6dbda73',NULL,NULL,NULL,NULL,NULL,NULL,NULL),(291,405,1,'Bas','2022-12-16 23:47:59','2022-12-16 23:47:59','edef381a-1f8b-490e-91a9-8d8c62571de3',NULL,NULL,NULL,NULL,NULL,NULL,NULL),(292,406,1,'Tibo','2022-12-16 23:50:47','2022-12-16 23:51:09','e854d906-1f11-4d72-8115-44e5bbcb9786',NULL,NULL,NULL,NULL,NULL,NULL,NULL),(293,407,1,'Screenshot 2022 12 17 at 00 50 38','2022-12-16 23:51:00','2022-12-16 23:51:00','6fbd0578-fb87-414b-b875-01c8083593ca',NULL,NULL,NULL,NULL,NULL,NULL,NULL),(294,408,1,'Tibo','2022-12-16 23:51:09','2022-12-16 23:51:09','a923ad0d-9385-49ab-b9be-4787856403c5',NULL,NULL,NULL,NULL,NULL,NULL,NULL),(296,410,1,'Thomas','2022-12-17 09:10:47','2022-12-17 09:10:47','7535ae45-56f0-4195-9036-97c21774e83e',NULL,NULL,NULL,NULL,NULL,NULL,'<p>Thomas is the Founder of Vandoorne Agency. He has a lot of experience in web designing and has studiedat Devine (Howest Kortrijk)</p>'),(297,411,1,'Thomas','2022-12-17 09:10:54','2022-12-17 09:10:54','a4015ff1-2dec-423c-a91e-a3bbc4c50ab4',NULL,NULL,NULL,NULL,NULL,NULL,'<p>Thomas is the Founder of Vandoorne Agency. He has a lot of experience in web designing and has studiedat Devine (Howest Kortrijk)</p>'),(299,413,1,'Senne','2022-12-17 09:11:23','2022-12-17 09:11:23','549a2cec-3a1e-4065-b148-e294662b8432',NULL,NULL,NULL,NULL,NULL,NULL,'<p>Senne is the UX Researcherof Vandoorne Agency. He has a lot of experience in research and has studied at Devine (Howest Kortrijk)</p>'),(301,415,1,'Kasper','2022-12-17 09:14:50','2022-12-17 09:14:50','d63a3a9f-da96-4527-a66d-298ac1d5411d',NULL,NULL,NULL,NULL,NULL,NULL,'<p>Kasper is the developer. He has a lot of experience in web development and has studied at Devine (Howest Kortrijk)</p>'),(302,416,1,NULL,'2022-12-17 09:35:39','2022-12-17 09:39:38','caed2bbf-445e-413c-be3e-86317d12a5af',NULL,NULL,NULL,NULL,'<p> Vandoorne Agency2022 - Thomas Vandoorne, afd. Waregem<br /></p>',NULL,NULL),(303,417,1,'Oktober\'s Sharing Spree','2022-12-17 09:48:36','2022-12-17 09:52:10','5261ba34-5db6-4a44-bebc-f7ac7e7389e5',NULL,NULL,NULL,'We had to design a website for Telenet...','<p>We had to make a campaign for the company Telenet. It was all about closing the digital gap by collecting old tablets/ laptops.</p>\n<p> <br /></p>\n<p>We figured out it was a good idea to work together with people from youth movements.</p>',NULL,NULL),(304,418,1,'Screenshot 2022 12 17 at 10 48 24','2022-12-17 09:49:04','2022-12-17 09:49:04','5decefec-aa77-480f-a6d4-ffcd45b70a05',NULL,NULL,NULL,NULL,NULL,NULL,NULL),(305,419,1,'Oktober\'s Sharing Spree','2022-12-17 09:50:22','2022-12-17 09:50:22','16059857-61be-4429-8413-c8acea88de10',NULL,NULL,NULL,'We had to design a website for Telenet...','<p>We had to make a campaign for the company Telenet. It was all about closing the digital gap by collecting old tablets/ laptops.</p>',NULL,NULL),(307,421,1,'Oktober\'s Sharing Spree','2022-12-17 09:51:45','2022-12-17 09:51:45','8944e462-fdc3-4b3c-8b77-5d55a8c78e93',NULL,NULL,NULL,'We had to design a website for Telenet...','<p>We had to make a campaign for the company Telenet. It was all about closing the digital gap by collecting old tablets/ laptops.</p> <br /> <br />\n<p>We figured out it was a good idea to work together with people from youth movements.</p>',NULL,NULL),(309,423,1,'Oktober\'s Sharing Spree','2022-12-17 09:52:10','2022-12-17 09:52:10','be38b797-b5b5-45dc-a68c-e7d99642471c',NULL,NULL,NULL,'We had to design a website for Telenet...','<p>We had to make a campaign for the company Telenet. It was all about closing the digital gap by collecting old tablets/ laptops.</p>\n<p> <br /></p>\n<p>We figured out it was a good idea to work together with people from youth movements.</p>',NULL,NULL),(310,424,1,'Contact','2022-12-17 09:58:56','2022-12-17 09:58:56','5e06384c-db3c-4a39-ac90-b9566c292d26',NULL,NULL,NULL,NULL,NULL,NULL,NULL),(311,425,1,'Contact','2022-12-17 09:59:08','2022-12-17 09:59:08','0582e0e7-9075-4b6e-92d8-06c5b8ca3447',NULL,NULL,NULL,NULL,NULL,NULL,NULL),(312,426,1,'Contact','2022-12-17 10:04:22','2022-12-17 10:04:22','0d9070f3-3daa-422e-a04e-5f15cd975e45',NULL,NULL,NULL,NULL,NULL,NULL,NULL),(314,429,1,'Fb','2022-12-17 10:05:25','2022-12-17 10:05:25','36f837b0-0559-41c1-85e1-2c8ab2edbd89',NULL,NULL,NULL,NULL,NULL,NULL,NULL),(315,434,1,'Contact','2022-12-17 10:06:43','2022-12-17 10:06:43','38a285b7-0077-441b-bd05-90a5ea4b3399',NULL,NULL,NULL,NULL,NULL,NULL,NULL),(317,438,1,'Instagram','2022-12-17 10:07:13','2022-12-17 10:07:13','015bec1c-dcc7-49ef-8a9c-41c4d93e48d5',NULL,NULL,NULL,NULL,NULL,NULL,NULL),(318,453,1,'Linkedin','2022-12-17 10:08:45','2022-12-17 10:18:01','bf339280-bfd7-4974-b938-9f735c3f1acd',NULL,NULL,NULL,NULL,NULL,NULL,NULL),(319,458,1,'Contact','2022-12-17 10:08:52','2022-12-17 10:08:52','541a0331-00e7-44fb-b876-4bff38c78f08',NULL,NULL,NULL,NULL,NULL,NULL,NULL),(320,462,1,'Contact','2022-12-17 10:12:00','2022-12-17 10:12:00','402f4779-0d29-4f9c-bbf7-b3dbb1e0f76a',NULL,NULL,NULL,NULL,NULL,NULL,NULL),(322,468,1,'Linked In','2022-12-17 10:17:57','2022-12-17 10:17:57','ea5a51c2-2bb3-459f-957b-ec3cba4631c8',NULL,NULL,NULL,NULL,NULL,NULL,NULL),(323,469,1,'Contact','2022-12-17 10:18:06','2022-12-17 10:18:06','d357aff5-3a52-4367-a2e5-848f26fbbeda',NULL,NULL,NULL,NULL,NULL,NULL,NULL),(324,473,1,'Contact','2022-12-17 12:37:14','2022-12-17 12:37:14','8f9cf246-cd3c-4dfb-b657-101f36350ed8',NULL,NULL,NULL,NULL,NULL,NULL,NULL),(325,477,1,'Contact','2022-12-17 12:38:23','2022-12-17 12:38:23','aa0421ed-9668-43d1-8f03-81dde80de7a7',NULL,NULL,NULL,NULL,NULL,NULL,NULL),(326,481,1,'Screenshot 2022 12 17 at 13 36 35','2022-12-17 12:39:06','2022-12-17 12:39:06','7a432cdd-7705-4d0d-90f6-361cb3eea953',NULL,NULL,NULL,NULL,NULL,NULL,NULL),(328,483,1,'Contact','2022-12-17 12:39:18','2022-12-17 12:39:18','d80ea78a-ae0a-4f90-961f-9cadc4005e00',NULL,NULL,NULL,NULL,NULL,NULL,NULL);
/*!40000 ALTER TABLE `content` ENABLE KEYS */;
UNLOCK TABLES;
commit;

--
-- Dumping data for table `craftidtokens`
--

LOCK TABLES `craftidtokens` WRITE;
/*!40000 ALTER TABLE `craftidtokens` DISABLE KEYS */;
set autocommit=0;
/*!40000 ALTER TABLE `craftidtokens` ENABLE KEYS */;
UNLOCK TABLES;
commit;

--
-- Dumping data for table `deprecationerrors`
--

LOCK TABLES `deprecationerrors` WRITE;
/*!40000 ALTER TABLE `deprecationerrors` DISABLE KEYS */;
set autocommit=0;
/*!40000 ALTER TABLE `deprecationerrors` ENABLE KEYS */;
UNLOCK TABLES;
commit;

--
-- Dumping data for table `drafts`
--

LOCK TABLES `drafts` WRITE;
/*!40000 ALTER TABLE `drafts` DISABLE KEYS */;
set autocommit=0;
INSERT INTO `drafts` VALUES (25,NULL,1,0,'First draft',NULL,0,NULL,1),(55,NULL,1,0,'First draft',NULL,0,NULL,1),(75,292,1,1,'Draft 1','',1,'2022-12-16 22:44:05',1),(77,NULL,1,0,'First draft',NULL,0,NULL,0),(78,NULL,1,0,'First draft',NULL,0,NULL,0),(79,NULL,1,0,'First draft',NULL,0,NULL,0),(80,NULL,1,0,'First draft',NULL,0,NULL,0);
/*!40000 ALTER TABLE `drafts` ENABLE KEYS */;
UNLOCK TABLES;
commit;

--
-- Dumping data for table `elements`
--

LOCK TABLES `elements` WRITE;
/*!40000 ALTER TABLE `elements` DISABLE KEYS */;
set autocommit=0;
INSERT INTO `elements` VALUES (1,NULL,NULL,NULL,NULL,'craft\\elements\\User',1,0,'2022-12-14 09:41:50','2022-12-14 09:41:50',NULL,NULL,'7e1d3757-e154-4c21-b2ee-9d1f62775c37'),(2,NULL,NULL,NULL,1,'craft\\elements\\Entry',1,0,'2022-12-14 12:50:05','2022-12-16 10:05:24',NULL,NULL,'c4e369f6-86e3-46bd-b029-bce3b8c7c38c'),(3,2,NULL,1,1,'craft\\elements\\Entry',1,0,'2022-12-14 12:50:05','2022-12-14 12:50:05',NULL,NULL,'7873a278-465b-4444-8632-c8fe46aa0bb3'),(4,2,NULL,2,1,'craft\\elements\\Entry',1,0,'2022-12-14 12:50:05','2022-12-14 12:50:05',NULL,NULL,'e0040257-06aa-4988-bc0e-93ffc759915c'),(5,2,NULL,3,1,'craft\\elements\\Entry',1,0,'2022-12-14 13:29:00','2022-12-14 13:29:00',NULL,NULL,'5510c89e-b8d6-42ca-9c89-d0c70de91ef6'),(6,NULL,NULL,NULL,NULL,'craft\\elements\\Asset',1,0,'2022-12-14 13:31:24','2022-12-14 13:31:24',NULL,NULL,'d1e16c11-2212-4c62-a0ab-558e2ebe4ce6'),(7,NULL,NULL,NULL,NULL,'craft\\elements\\Asset',1,0,'2022-12-14 13:31:31','2022-12-14 13:31:31',NULL,NULL,'5c6a389f-65cb-4c1b-9ec2-a61791831828'),(11,NULL,NULL,NULL,NULL,'craft\\elements\\Asset',1,0,'2022-12-14 13:34:44','2022-12-14 13:34:44',NULL,NULL,'fb8bb54d-574d-4781-9b9f-ab121b655b12'),(12,NULL,NULL,NULL,NULL,'craft\\elements\\Asset',1,0,'2022-12-14 13:34:53','2022-12-14 13:34:53',NULL,NULL,'2c60b2e8-21a5-468b-8ac7-cd10179f3413'),(14,NULL,NULL,NULL,NULL,'craft\\elements\\Asset',1,0,'2022-12-14 13:36:12','2022-12-14 13:36:12',NULL,NULL,'8d864423-e082-43bc-84e4-ffa0f91ae5b2'),(15,NULL,NULL,NULL,NULL,'craft\\elements\\Asset',1,0,'2022-12-14 13:37:01','2022-12-14 13:37:01',NULL,NULL,'6605fb8e-119b-45da-99db-754f050d6ee8'),(16,NULL,NULL,NULL,NULL,'craft\\elements\\Asset',1,0,'2022-12-14 13:42:11','2022-12-14 13:42:11',NULL,NULL,'db06fbe6-c50a-40c2-bc29-b957feb35f65'),(17,NULL,NULL,NULL,NULL,'craft\\elements\\Asset',1,0,'2022-12-14 13:42:18','2022-12-14 13:42:18',NULL,NULL,'57f931e9-89da-42a2-9c9d-becd51cc2476'),(18,NULL,NULL,NULL,NULL,'craft\\elements\\Asset',1,0,'2022-12-14 13:54:15','2022-12-14 13:54:15',NULL,NULL,'894116e3-2dd6-467c-885a-c548304b3add'),(19,NULL,NULL,NULL,2,'craft\\elements\\Asset',1,0,'2022-12-14 13:55:02','2022-12-14 13:55:02',NULL,NULL,'82d6ce0c-e6e4-4114-aafe-b6a6ea375720'),(21,2,NULL,4,1,'craft\\elements\\Entry',1,0,'2022-12-14 14:17:38','2022-12-14 14:17:38',NULL,NULL,'9176d355-8674-48fe-8bd7-d3ac14d7aaef'),(22,2,NULL,5,1,'craft\\elements\\Entry',1,0,'2022-12-14 14:17:43','2022-12-14 14:17:43',NULL,NULL,'3a90a824-92af-4bcc-bcc8-443355515a2b'),(23,2,NULL,6,1,'craft\\elements\\Entry',1,0,'2022-12-14 14:22:23','2022-12-14 14:22:23',NULL,NULL,'9aced830-3502-4e4e-938f-b042a604b62b'),(25,2,NULL,7,1,'craft\\elements\\Entry',1,0,'2022-12-14 14:22:45','2022-12-14 14:22:45',NULL,NULL,'9327a030-a88d-4e6c-85fd-4b095b92ace2'),(26,NULL,NULL,NULL,3,'craft\\elements\\Entry',1,0,'2022-12-14 16:25:18','2022-12-14 17:04:55',NULL,'2022-12-14 17:07:36','81e7b405-67c1-4a0a-be2c-d7616f0b72a9'),(27,26,NULL,8,3,'craft\\elements\\Entry',1,0,'2022-12-14 16:25:18','2022-12-14 16:25:18',NULL,'2022-12-14 17:07:36','ee8b84e9-9d01-4aab-a0e2-9dcb7d55cf2e'),(28,26,NULL,9,3,'craft\\elements\\Entry',1,0,'2022-12-14 16:25:18','2022-12-14 16:25:18',NULL,'2022-12-14 17:07:36','cfd7c78f-2b3d-4cc2-8789-d5cc3cb847ea'),(29,26,NULL,10,3,'craft\\elements\\Entry',1,0,'2022-12-14 16:25:46','2022-12-14 16:25:46',NULL,'2022-12-14 17:07:36','b396a50d-44d5-43ed-a2c9-8c77e9dfa84a'),(30,26,NULL,11,3,'craft\\elements\\Entry',1,0,'2022-12-14 16:25:46','2022-12-14 16:25:46',NULL,'2022-12-14 17:07:36','1a5103c9-b7ef-41e0-b1ec-40b628f3c305'),(31,26,NULL,12,3,'craft\\elements\\Entry',1,0,'2022-12-14 16:26:22','2022-12-14 16:26:22',NULL,'2022-12-14 17:07:36','4f9b2817-dbf1-43f6-bfb7-c6bf01eed997'),(32,26,NULL,13,3,'craft\\elements\\Entry',1,0,'2022-12-14 16:30:22','2022-12-14 16:30:22',NULL,'2022-12-14 17:07:36','4c175a21-e74c-4242-8de9-9d71f2c4b209'),(33,26,NULL,14,3,'craft\\elements\\Entry',1,0,'2022-12-14 16:30:22','2022-12-14 16:30:22',NULL,'2022-12-14 17:07:36','ed08c434-3033-4877-91c3-7a73327286f2'),(34,26,NULL,15,3,'craft\\elements\\Entry',1,0,'2022-12-14 16:32:16','2022-12-14 16:32:16',NULL,'2022-12-14 17:07:36','8f8de747-9a29-4c97-9aba-836b904fbff3'),(35,26,NULL,16,3,'craft\\elements\\Entry',1,0,'2022-12-14 16:32:16','2022-12-14 16:32:16',NULL,'2022-12-14 17:07:36','1fd8e6c4-f060-42a3-bd56-b4b9279b90b8'),(36,26,NULL,17,3,'craft\\elements\\Entry',1,0,'2022-12-14 17:03:15','2022-12-14 17:03:15',NULL,'2022-12-14 17:07:36','057cd418-f2d6-4401-b48a-90b050fb13d2'),(37,26,NULL,18,3,'craft\\elements\\Entry',1,0,'2022-12-14 17:04:01','2022-12-14 17:04:01',NULL,'2022-12-14 17:07:36','91fe9d09-609a-4384-81e2-929ae13b63ea'),(38,NULL,NULL,NULL,4,'craft\\elements\\Entry',1,0,'2022-12-14 17:07:51','2022-12-16 22:45:01',NULL,'2022-12-16 23:01:55','c59506ae-8a1d-4689-b317-3f2240bcec98'),(39,38,NULL,19,4,'craft\\elements\\Entry',1,0,'2022-12-14 17:07:51','2022-12-14 17:07:51',NULL,'2022-12-16 23:01:55','ecfde5a6-f10c-462d-b098-51c5ce0fd7ac'),(40,38,NULL,20,4,'craft\\elements\\Entry',1,0,'2022-12-14 17:07:51','2022-12-14 17:07:51',NULL,'2022-12-16 23:01:55','0687e36d-d8a8-45ab-b95f-c6eb4443838c'),(41,38,NULL,21,4,'craft\\elements\\Entry',1,0,'2022-12-14 17:34:40','2022-12-14 17:34:40',NULL,'2022-12-16 23:01:55','f83a761a-e27c-41dc-a84d-8cb232041eaa'),(43,NULL,NULL,NULL,5,'craft\\elements\\MatrixBlock',1,0,'2022-12-14 17:34:49','2022-12-14 17:34:49',NULL,'2022-12-14 17:42:16','251ee092-2431-4871-a309-4bc83c6ed62e'),(44,NULL,NULL,NULL,2,'craft\\elements\\Asset',1,0,'2022-12-14 17:42:15','2022-12-14 17:42:15',NULL,NULL,'de4fbb42-9c8d-4667-88f3-28727ef3b61b'),(45,NULL,NULL,NULL,5,'craft\\elements\\MatrixBlock',1,0,'2022-12-14 17:42:16','2022-12-14 17:42:16',NULL,'2022-12-14 17:42:24','414aed4b-4caf-4ee0-ac89-2fefc3dbe597'),(46,NULL,NULL,NULL,5,'craft\\elements\\MatrixBlock',1,0,'2022-12-14 17:42:24','2022-12-14 17:42:24',NULL,'2022-12-14 17:42:25','56a26880-eb63-4562-8fda-cb994e09bfe1'),(47,NULL,NULL,NULL,5,'craft\\elements\\MatrixBlock',1,0,'2022-12-14 17:42:25','2022-12-14 17:42:25',NULL,'2022-12-14 17:42:28','7f4eeec4-8251-4e45-9a0c-329fc2ea6c24'),(49,NULL,NULL,NULL,5,'craft\\elements\\MatrixBlock',1,0,'2022-12-14 17:42:31','2022-12-16 22:07:56',NULL,'2022-12-16 23:56:01','1dc0a79a-d570-4316-b238-4b025cd1d2be'),(50,38,NULL,22,4,'craft\\elements\\Entry',1,0,'2022-12-14 17:42:31','2022-12-14 17:42:31',NULL,'2022-12-16 23:01:55','6f78e950-cfb5-4278-ad59-7275b2f5174a'),(51,49,NULL,23,5,'craft\\elements\\MatrixBlock',1,0,'2022-12-14 17:42:31','2022-12-14 17:42:31',NULL,'2022-12-16 23:56:01','85bc226b-e070-451c-9802-da6f0e8ed38d'),(52,38,NULL,24,4,'craft\\elements\\Entry',1,0,'2022-12-14 17:42:39','2022-12-14 17:42:39',NULL,'2022-12-16 23:01:55','49dbf7d5-1541-4623-be7e-5f178ff272e6'),(53,49,NULL,25,5,'craft\\elements\\MatrixBlock',1,0,'2022-12-14 17:42:31','2022-12-14 17:42:39',NULL,'2022-12-16 23:56:01','a2115a4c-dfd8-4e2e-8bae-2ed93f0722fe'),(55,NULL,NULL,NULL,5,'craft\\elements\\MatrixBlock',1,0,'2022-12-15 10:12:58','2022-12-15 10:12:58',NULL,'2022-12-15 10:13:03','2c20910a-a730-4181-a8ff-d4b7972103a1'),(56,NULL,NULL,NULL,5,'craft\\elements\\MatrixBlock',1,0,'2022-12-15 10:13:03','2022-12-15 10:13:03',NULL,'2022-12-15 10:13:06','bf14be11-77a2-4346-a228-4f7271836bfc'),(57,NULL,NULL,NULL,5,'craft\\elements\\MatrixBlock',1,0,'2022-12-15 10:13:06','2022-12-15 10:13:06',NULL,'2022-12-15 10:13:11','74e9e8e0-4067-41c4-aff4-2755ae413ec0'),(58,NULL,NULL,NULL,5,'craft\\elements\\MatrixBlock',1,0,'2022-12-15 10:13:11','2022-12-15 10:13:11',NULL,'2022-12-15 10:13:12','afc4b97e-091a-4eca-b380-6f7f32570665'),(59,NULL,NULL,NULL,5,'craft\\elements\\MatrixBlock',1,0,'2022-12-15 10:13:12','2022-12-15 10:13:12',NULL,'2022-12-15 10:13:17','50c85932-8b3f-4aa1-838a-ee622f4b4778'),(60,NULL,NULL,NULL,5,'craft\\elements\\MatrixBlock',1,0,'2022-12-15 10:13:12','2022-12-15 10:13:12',NULL,'2022-12-15 10:13:17','477f4580-8708-4883-9afb-25e93f389fa9'),(61,NULL,NULL,NULL,5,'craft\\elements\\MatrixBlock',1,0,'2022-12-15 10:13:17','2022-12-15 10:13:17',NULL,'2022-12-15 10:13:20','467e0a73-40c7-4d44-9a6e-013285ead8cd'),(62,NULL,NULL,NULL,5,'craft\\elements\\MatrixBlock',1,0,'2022-12-15 10:13:17','2022-12-15 10:13:17',NULL,'2022-12-15 10:13:20','4c3f4b0f-55e4-4110-b4c1-0d8774ce3a3f'),(63,NULL,NULL,NULL,5,'craft\\elements\\MatrixBlock',1,0,'2022-12-15 10:13:20','2022-12-15 10:13:20',NULL,'2022-12-15 10:13:22','380089d8-16a7-4e70-ab7d-1c26c4529b8e'),(64,NULL,NULL,NULL,5,'craft\\elements\\MatrixBlock',1,0,'2022-12-15 10:13:20','2022-12-15 10:13:20',NULL,'2022-12-15 10:13:22','c33902db-d725-4e87-bb98-26df2077e9bd'),(67,NULL,NULL,NULL,5,'craft\\elements\\MatrixBlock',1,0,'2022-12-15 10:13:27','2022-12-16 22:07:56',NULL,'2022-12-16 23:56:01','e4de304d-9061-4363-bbd4-385ca271c1a9'),(68,NULL,NULL,NULL,5,'craft\\elements\\MatrixBlock',1,0,'2022-12-15 10:13:27','2022-12-16 22:07:56',NULL,'2022-12-16 23:56:01','fd3d5329-e109-4808-ba46-5521e0e58b4e'),(69,38,NULL,26,4,'craft\\elements\\Entry',1,0,'2022-12-15 10:13:27','2022-12-15 10:13:27',NULL,'2022-12-16 23:01:55','da6fa672-e2f0-4499-91aa-fe3f0426a125'),(70,49,NULL,27,5,'craft\\elements\\MatrixBlock',1,0,'2022-12-14 17:42:31','2022-12-15 10:13:27',NULL,'2022-12-16 23:56:01','504aaac7-c464-4ae4-a413-eaa0a74a6fa6'),(71,67,NULL,28,5,'craft\\elements\\MatrixBlock',1,0,'2022-12-15 10:13:27','2022-12-15 10:13:27',NULL,'2022-12-16 23:56:01','81a1c42a-0b26-4ee0-ab61-8698f6d5b64c'),(72,68,NULL,29,5,'craft\\elements\\MatrixBlock',1,0,'2022-12-15 10:13:27','2022-12-15 10:13:27',NULL,'2022-12-16 23:56:01','907930f5-4781-4497-a2d9-d7575723a379'),(74,2,NULL,30,1,'craft\\elements\\Entry',1,0,'2022-12-15 16:18:07','2022-12-15 16:18:07',NULL,NULL,'785c65d7-7773-47f5-b664-874799a807b3'),(75,2,NULL,31,1,'craft\\elements\\Entry',1,0,'2022-12-15 16:32:55','2022-12-15 16:32:55',NULL,NULL,'590dd9b9-47a9-44ae-86f8-4421815afcc4'),(77,2,NULL,32,1,'craft\\elements\\Entry',1,0,'2022-12-15 16:33:14','2022-12-15 16:33:14',NULL,NULL,'69729a6d-c9ab-4793-b146-5c614137799f'),(79,2,NULL,33,1,'craft\\elements\\Entry',1,0,'2022-12-15 16:34:03','2022-12-15 16:34:03',NULL,NULL,'c20dbd98-8a65-43c6-bea6-035c0177cbf0'),(81,2,NULL,34,1,'craft\\elements\\Entry',1,0,'2022-12-15 16:34:19','2022-12-15 16:34:19',NULL,NULL,'66e937aa-9ac4-4099-8604-c8c38819659a'),(82,2,NULL,35,1,'craft\\elements\\Entry',1,0,'2022-12-15 16:34:21','2022-12-15 16:34:21',NULL,NULL,'30044fef-8056-4b9d-8d0c-fc2c37334da5'),(84,2,NULL,36,1,'craft\\elements\\Entry',1,0,'2022-12-15 16:36:25','2022-12-15 16:36:25',NULL,NULL,'d1f10a46-b40b-47db-8ad8-7c64f6b57a10'),(85,2,NULL,37,1,'craft\\elements\\Entry',1,0,'2022-12-15 16:37:21','2022-12-15 16:37:21',NULL,NULL,'eda33eeb-b5ce-47b7-be8d-af65f174b4f6'),(87,2,NULL,38,1,'craft\\elements\\Entry',1,0,'2022-12-15 16:44:48','2022-12-15 16:44:48',NULL,NULL,'42f5b997-0a0b-4c89-a713-37107b31b55f'),(90,NULL,NULL,NULL,2,'craft\\elements\\Asset',1,0,'2022-12-15 17:04:35','2022-12-15 17:04:35',NULL,NULL,'819ccc8b-e473-4865-ac0a-67778237511f'),(91,NULL,NULL,NULL,2,'craft\\elements\\Asset',1,0,'2022-12-15 17:04:45','2022-12-15 17:04:45',NULL,NULL,'5c764fb7-d138-4a81-b203-810fcfeafe78'),(92,NULL,NULL,NULL,2,'craft\\elements\\Asset',1,0,'2022-12-15 17:04:56','2022-12-15 17:04:56',NULL,NULL,'abfad78a-8d55-43ca-8328-0b55618ea41a'),(95,38,NULL,39,4,'craft\\elements\\Entry',1,0,'2022-12-15 17:05:25','2022-12-15 17:05:25',NULL,'2022-12-16 23:01:55','713c0b50-8059-4b41-a39f-f1bd68a94bac'),(96,49,NULL,40,5,'craft\\elements\\MatrixBlock',1,0,'2022-12-15 17:05:25','2022-12-15 17:05:25',NULL,'2022-12-16 23:56:01','361e82e6-0ec1-43d5-8b47-6bc85c744c70'),(97,67,NULL,41,5,'craft\\elements\\MatrixBlock',1,0,'2022-12-15 17:05:25','2022-12-15 17:05:25',NULL,'2022-12-16 23:56:01','dc6020ee-bbec-4c63-bc0f-77442406ef5e'),(98,68,NULL,42,5,'craft\\elements\\MatrixBlock',1,0,'2022-12-15 17:05:25','2022-12-15 17:05:25',NULL,'2022-12-16 23:56:01','4699663f-92bc-414e-a5c7-c088a3c5fb9f'),(103,38,NULL,43,4,'craft\\elements\\Entry',1,0,'2022-12-15 18:29:43','2022-12-15 18:29:43',NULL,'2022-12-16 23:01:55','077ea412-78ba-4d4c-9c11-9eb94d88507b'),(104,49,NULL,44,5,'craft\\elements\\MatrixBlock',1,0,'2022-12-15 18:29:43','2022-12-15 18:29:43',NULL,'2022-12-16 23:56:01','ab68abc8-6655-4fb9-90f6-abe6eead4f06'),(105,67,NULL,45,5,'craft\\elements\\MatrixBlock',1,0,'2022-12-15 18:29:43','2022-12-15 18:29:43',NULL,'2022-12-16 23:56:01','469a998c-1bd8-4457-824b-cba28299b496'),(106,68,NULL,46,5,'craft\\elements\\MatrixBlock',1,0,'2022-12-15 18:29:43','2022-12-15 18:29:43',NULL,'2022-12-16 23:56:01','cc67f75a-3fb0-4972-a952-d518afb7ac93'),(108,2,NULL,47,1,'craft\\elements\\Entry',1,0,'2022-12-15 18:30:37','2022-12-15 18:30:37',NULL,NULL,'e87bc4e7-0961-4453-80ca-42647a2e5baf'),(110,2,NULL,48,1,'craft\\elements\\Entry',1,0,'2022-12-15 18:36:04','2022-12-15 18:36:04',NULL,NULL,'17fb0f4c-98d9-49a9-a227-3631260c354b'),(111,2,NULL,49,1,'craft\\elements\\Entry',1,0,'2022-12-15 18:47:33','2022-12-15 18:47:33',NULL,NULL,'c87942dd-b8eb-4ed6-b0df-89db06d398fd'),(112,38,NULL,50,4,'craft\\elements\\Entry',1,0,'2022-12-15 18:47:43','2022-12-15 18:47:43',NULL,'2022-12-16 23:01:55','d8b915c3-1c79-41b2-87dd-0b982acca02d'),(113,49,NULL,51,5,'craft\\elements\\MatrixBlock',1,0,'2022-12-15 18:29:43','2022-12-15 18:47:43',NULL,'2022-12-16 23:56:01','c1f9ac23-a300-4f93-a409-88fc89353a1d'),(114,67,NULL,52,5,'craft\\elements\\MatrixBlock',1,0,'2022-12-15 18:29:43','2022-12-15 18:47:43',NULL,'2022-12-16 23:56:01','13d90aa5-e6e8-4352-9231-7b85e3059c8f'),(115,68,NULL,53,5,'craft\\elements\\MatrixBlock',1,0,'2022-12-15 18:29:43','2022-12-15 18:47:43',NULL,'2022-12-16 23:56:01','4f70fb0c-e7a4-4253-8420-eb5ba7bf21fb'),(116,NULL,NULL,NULL,6,'craft\\elements\\Entry',1,0,'2022-12-15 18:48:12','2022-12-16 20:37:57',NULL,NULL,'ce167803-0b38-4062-8558-2b3e15358cef'),(117,116,NULL,54,6,'craft\\elements\\Entry',1,0,'2022-12-15 18:48:12','2022-12-15 18:48:12',NULL,NULL,'a6c6ca86-9134-4db2-96cb-75d598bcf947'),(118,116,NULL,55,6,'craft\\elements\\Entry',1,0,'2022-12-15 18:48:12','2022-12-15 18:48:12',NULL,NULL,'92da8e53-fc18-4996-af75-f264d963a528'),(119,NULL,NULL,NULL,7,'craft\\elements\\Entry',1,0,'2022-12-15 18:49:26','2022-12-17 12:39:18',NULL,NULL,'51dd6bb8-3046-4174-9383-fe48f70c7735'),(120,119,NULL,56,7,'craft\\elements\\Entry',1,0,'2022-12-15 18:49:26','2022-12-15 18:49:26',NULL,NULL,'e878448c-87e4-4359-b2c8-018d9e7a301a'),(121,119,NULL,57,7,'craft\\elements\\Entry',1,0,'2022-12-15 18:49:26','2022-12-15 18:49:26',NULL,NULL,'9c877afa-b4f7-4a58-89e8-9116d3991d62'),(122,116,NULL,58,6,'craft\\elements\\Entry',1,0,'2022-12-15 18:57:39','2022-12-15 18:57:39',NULL,NULL,'6c4c142f-6368-4909-95eb-c0a6b36d0b4d'),(123,116,NULL,59,6,'craft\\elements\\Entry',1,0,'2022-12-15 18:57:39','2022-12-15 18:57:39',NULL,NULL,'5fa827b1-5b78-4ae4-98de-6b12e5adc14e'),(124,116,NULL,60,6,'craft\\elements\\Entry',1,0,'2022-12-15 18:57:39','2022-12-15 18:57:39',NULL,NULL,'213f3b06-74fa-48f7-a040-b56a1ba4faf4'),(125,119,NULL,61,7,'craft\\elements\\Entry',1,0,'2022-12-15 18:57:46','2022-12-15 18:57:46',NULL,NULL,'14b5fc46-d592-42a5-8e62-0529f4ff7e16'),(126,119,NULL,62,7,'craft\\elements\\Entry',1,0,'2022-12-15 18:57:46','2022-12-15 18:57:46',NULL,NULL,'7330161e-301f-4bfa-9312-e02fee0f92b7'),(127,119,NULL,63,7,'craft\\elements\\Entry',1,0,'2022-12-15 18:57:46','2022-12-15 18:57:46',NULL,NULL,'a2aac6a0-8809-4df5-9452-646eaa6c59dd'),(128,116,NULL,64,6,'craft\\elements\\Entry',1,0,'2022-12-15 18:58:12','2022-12-15 18:58:12',NULL,NULL,'9b3ab365-b99a-4f78-ad1d-3ace86e48eb3'),(129,116,NULL,65,6,'craft\\elements\\Entry',1,0,'2022-12-15 18:58:43','2022-12-15 18:58:43',NULL,NULL,'9beaba1b-006f-4f61-9ceb-78b6968b1cf3'),(131,116,NULL,66,6,'craft\\elements\\Entry',1,0,'2022-12-15 18:58:59','2022-12-15 18:58:59',NULL,NULL,'495b09a5-996b-4c25-82d6-667c43797e1c'),(132,NULL,NULL,NULL,6,'craft\\elements\\Entry',0,0,'2022-12-15 19:30:03','2022-12-15 19:53:45',NULL,'2022-12-15 19:54:02','0ac58358-21fd-401a-85ee-c7abfc74bf06'),(133,NULL,NULL,NULL,2,'craft\\elements\\Asset',1,0,'2022-12-15 19:33:28','2022-12-15 19:33:28',NULL,NULL,'93d0b728-789d-4f09-b224-2eabf6f884c3'),(134,132,NULL,67,6,'craft\\elements\\Entry',0,0,'2022-12-15 19:36:54','2022-12-15 19:36:54',NULL,'2022-12-15 19:54:02','7f5a87e1-601e-4e82-833f-43bd72dd9396'),(135,116,NULL,68,6,'craft\\elements\\Entry',1,0,'2022-12-15 19:51:55','2022-12-15 19:51:55',NULL,NULL,'a9793da8-1103-4a5b-90a4-1377f5ba9119'),(137,132,NULL,69,6,'craft\\elements\\Entry',0,0,'2022-12-15 19:52:10','2022-12-15 19:52:10',NULL,'2022-12-15 19:54:02','ab5d6e8d-5125-489d-b0bd-e3f881af4463'),(138,132,NULL,70,6,'craft\\elements\\Entry',0,0,'2022-12-15 19:53:10','2022-12-15 19:53:10',NULL,'2022-12-15 19:54:02','3c229044-b396-4887-8f81-1f0f3e70e9ec'),(139,132,NULL,71,6,'craft\\elements\\Entry',0,0,'2022-12-15 19:53:39','2022-12-15 19:53:39',NULL,'2022-12-15 19:54:02','7b71c337-784d-4150-9e0c-2c88b110dfbb'),(140,132,NULL,72,6,'craft\\elements\\Entry',0,0,'2022-12-15 19:53:45','2022-12-15 19:53:45',NULL,'2022-12-15 19:54:02','f46fd264-654d-4e78-86fd-1b29b68f98a5'),(142,116,NULL,73,6,'craft\\elements\\Entry',1,0,'2022-12-15 19:54:34','2022-12-15 19:54:34',NULL,NULL,'c6dc6219-fd13-4b8f-8aae-d453d242c74a'),(143,NULL,25,NULL,6,'craft\\elements\\Entry',1,0,'2022-12-15 19:54:36','2022-12-15 19:54:36',NULL,'2022-12-15 21:13:12','c18b4ea2-2b04-4cbb-9937-ee1a8477ba0a'),(144,116,NULL,74,6,'craft\\elements\\Entry',1,0,'2022-12-15 20:41:40','2022-12-15 20:41:40',NULL,NULL,'683ec13b-587a-4da5-a57b-de0b668d1f4b'),(146,116,NULL,75,6,'craft\\elements\\Entry',1,0,'2022-12-15 20:49:03','2022-12-15 20:49:03',NULL,NULL,'f1b37655-9cef-4c96-baf6-17c409484f3a'),(148,116,NULL,76,6,'craft\\elements\\Entry',1,0,'2022-12-15 20:51:09','2022-12-15 20:51:09',NULL,NULL,'4cc0679a-4d90-4d9d-92bc-fd816f106d55'),(149,NULL,NULL,NULL,6,'craft\\elements\\Entry',0,0,'2022-12-15 21:06:49','2022-12-15 21:28:47',NULL,'2022-12-15 21:30:17','db9a86af-5958-4b55-aac2-467f1d07e2a7'),(150,NULL,NULL,NULL,2,'craft\\elements\\Asset',1,0,'2022-12-15 21:07:11','2022-12-15 21:07:11',NULL,NULL,'6a25f3ef-8895-4b59-98e4-254e46ce5b21'),(151,149,NULL,77,6,'craft\\elements\\Entry',0,0,'2022-12-15 21:08:14','2022-12-15 21:08:14',NULL,'2022-12-15 21:30:17','9f6096e8-d6c6-408f-a932-17021e73e769'),(152,149,NULL,78,6,'craft\\elements\\Entry',0,0,'2022-12-15 21:08:29','2022-12-15 21:08:29',NULL,'2022-12-15 21:30:17','79a2cc75-0983-4418-958e-dfa8ec40362a'),(153,116,NULL,79,6,'craft\\elements\\Entry',1,0,'2022-12-15 21:08:56','2022-12-15 21:08:56',NULL,NULL,'2b3f855a-afa9-4f9a-8fbd-120e069e6b58'),(154,149,NULL,80,6,'craft\\elements\\Entry',0,0,'2022-12-15 21:13:03','2022-12-15 21:13:03',NULL,'2022-12-15 21:30:17','bc755bd4-ee5b-4ed3-869b-247ac313f2c3'),(155,149,NULL,81,6,'craft\\elements\\Entry',0,0,'2022-12-15 21:13:06','2022-12-15 21:13:06',NULL,'2022-12-15 21:30:17','06f403e5-1f95-46cb-b206-5b2d3def526e'),(156,149,NULL,82,6,'craft\\elements\\Entry',0,0,'2022-12-15 21:13:47','2022-12-15 21:13:47',NULL,'2022-12-15 21:30:17','840bbcff-4053-4034-8e03-5146db61e96a'),(157,116,NULL,83,6,'craft\\elements\\Entry',1,0,'2022-12-15 21:19:49','2022-12-15 21:19:49',NULL,NULL,'06b338d4-8e71-41d9-9097-3f65732285cc'),(158,149,NULL,84,6,'craft\\elements\\Entry',0,0,'2022-12-15 21:24:12','2022-12-15 21:24:12',NULL,'2022-12-15 21:30:17','4cafa929-7ffa-4c28-bd80-17a98ca5de63'),(160,116,NULL,85,6,'craft\\elements\\Entry',1,0,'2022-12-15 21:28:21','2022-12-15 21:28:21',NULL,NULL,'a6cd5bbd-87fd-4a66-afba-29e21aed1821'),(161,116,NULL,86,6,'craft\\elements\\Entry',1,0,'2022-12-15 21:28:44','2022-12-15 21:28:44',NULL,NULL,'609914b4-1b29-4c0f-8560-fb3cb9fa8277'),(162,149,NULL,87,6,'craft\\elements\\Entry',0,0,'2022-12-15 21:28:47','2022-12-15 21:28:47',NULL,'2022-12-15 21:30:17','faab8268-ebb4-4316-8609-03c32d3c80ef'),(163,116,NULL,88,6,'craft\\elements\\Entry',1,0,'2022-12-15 21:30:31','2022-12-15 21:30:31',NULL,NULL,'9510775d-7722-49d6-9137-45161ba65c46'),(164,116,NULL,89,6,'craft\\elements\\Entry',1,0,'2022-12-15 21:30:47','2022-12-15 21:30:47',NULL,NULL,'42235cd0-2d25-4d3b-821f-9f6b58305b96'),(165,116,NULL,90,6,'craft\\elements\\Entry',1,0,'2022-12-15 21:30:49','2022-12-15 21:30:49',NULL,NULL,'1450bed0-3594-4683-baa3-abd084ff922a'),(166,2,NULL,91,1,'craft\\elements\\Entry',1,0,'2022-12-15 21:37:16','2022-12-15 21:37:16',NULL,NULL,'3bbd807f-7aa3-475b-ba47-c4c6c8f473fa'),(168,116,NULL,92,6,'craft\\elements\\Entry',1,0,'2022-12-15 21:38:11','2022-12-15 21:38:11',NULL,NULL,'6408c1db-4171-4e0f-b53f-96c77e50b572'),(170,116,NULL,93,6,'craft\\elements\\Entry',1,0,'2022-12-15 21:45:21','2022-12-15 21:45:21',NULL,NULL,'50af054b-2ee4-4797-9ba1-e0a0b5fa7627'),(171,116,NULL,94,6,'craft\\elements\\Entry',1,0,'2022-12-15 21:47:05','2022-12-15 21:47:05',NULL,NULL,'fdd4c993-148a-4a2a-b872-3eb6dee576e8'),(172,NULL,NULL,NULL,8,'craft\\elements\\Entry',1,0,'2022-12-15 21:51:28','2022-12-16 23:02:35',NULL,NULL,'06c94247-b69a-440c-b7ae-d784635ae1d8'),(173,172,NULL,95,8,'craft\\elements\\Entry',1,0,'2022-12-15 21:51:28','2022-12-15 21:51:28',NULL,NULL,'c8a18974-5d5f-4e4b-94d5-d8dfc1946397'),(174,172,NULL,96,8,'craft\\elements\\Entry',1,0,'2022-12-15 21:51:28','2022-12-15 21:51:28',NULL,NULL,'bfdd7a37-4c99-4a36-acd9-86b113f6914e'),(175,172,NULL,97,8,'craft\\elements\\Entry',1,0,'2022-12-15 21:51:43','2022-12-15 21:51:43',NULL,NULL,'b154db5e-d76f-4246-916e-e9c20acda11c'),(176,172,NULL,98,8,'craft\\elements\\Entry',1,0,'2022-12-15 21:52:07','2022-12-15 21:52:07',NULL,NULL,'97e3bd2b-1641-4cb5-a4b7-542542981ca1'),(177,172,NULL,99,8,'craft\\elements\\Entry',1,0,'2022-12-15 21:52:07','2022-12-15 21:52:07',NULL,NULL,'0791e3a0-62cc-4d7c-9f3d-f9bec0cb52cc'),(178,172,NULL,100,8,'craft\\elements\\Entry',1,0,'2022-12-15 21:52:07','2022-12-15 21:52:07',NULL,NULL,'f1cfe4b6-a3bb-4be3-9e76-ea6ee1aae709'),(179,172,NULL,101,8,'craft\\elements\\Entry',1,0,'2022-12-15 21:52:26','2022-12-15 21:52:26',NULL,NULL,'cabfbb7f-0edb-40a9-a1c9-868bf9beda09'),(181,172,NULL,102,8,'craft\\elements\\Entry',1,0,'2022-12-15 21:53:12','2022-12-15 21:53:12',NULL,NULL,'50cc4e26-7074-4bf9-89ef-2b457b3394d6'),(182,172,NULL,103,8,'craft\\elements\\Entry',1,0,'2022-12-15 21:53:50','2022-12-15 21:53:50',NULL,NULL,'425ef8fe-6ca9-4bac-b8a2-fb730280086e'),(183,172,NULL,104,8,'craft\\elements\\Entry',1,0,'2022-12-15 21:54:19','2022-12-15 21:54:19',NULL,NULL,'5808bcfb-bd87-4a7c-a3db-9926572cc2dd'),(184,172,NULL,105,8,'craft\\elements\\Entry',1,0,'2022-12-15 21:54:20','2022-12-15 21:54:20',NULL,NULL,'cd307533-6399-4dc4-b7e2-85c905a2c21f'),(185,172,NULL,106,8,'craft\\elements\\Entry',1,0,'2022-12-15 21:54:20','2022-12-15 21:54:20',NULL,NULL,'cde4de42-1893-4b2a-8cd0-c7dfb0474807'),(186,2,NULL,107,1,'craft\\elements\\Entry',1,0,'2022-12-15 21:55:16','2022-12-15 21:55:16',NULL,NULL,'a1628f58-6a8b-4d5d-924f-11e1b77f9bbc'),(187,38,NULL,108,4,'craft\\elements\\Entry',1,0,'2022-12-15 21:55:23','2022-12-15 21:55:23',NULL,'2022-12-16 23:01:55','d582c2f5-5107-43de-90d6-055749deb55b'),(188,49,NULL,109,5,'craft\\elements\\MatrixBlock',1,0,'2022-12-15 18:29:43','2022-12-15 21:55:23',NULL,'2022-12-16 23:56:01','a1c907a9-0c3d-4965-bd7b-72f510580a4d'),(189,67,NULL,110,5,'craft\\elements\\MatrixBlock',1,0,'2022-12-15 18:29:43','2022-12-15 21:55:23',NULL,'2022-12-16 23:56:01','9409ec4c-10b5-4154-bc29-78910ffa4cf0'),(190,68,NULL,111,5,'craft\\elements\\MatrixBlock',1,0,'2022-12-15 18:29:43','2022-12-15 21:55:23',NULL,'2022-12-16 23:56:01','7e9ba37c-7461-48e1-89b1-1b5b7835aa67'),(191,172,NULL,112,8,'craft\\elements\\Entry',1,0,'2022-12-15 21:55:44','2022-12-15 21:55:44',NULL,NULL,'b86180da-a5e0-493c-b558-1e3f6a9b27da'),(192,172,NULL,113,8,'craft\\elements\\Entry',1,0,'2022-12-15 21:55:44','2022-12-15 21:55:44',NULL,NULL,'86a845e3-35ed-4768-a8db-78a7eef2412a'),(193,NULL,NULL,NULL,6,'craft\\elements\\Entry',1,0,'2022-12-15 22:00:33','2022-12-16 23:08:43',NULL,NULL,'7d68f552-3c72-43be-ad88-f8fe394a72ba'),(194,193,NULL,114,6,'craft\\elements\\Entry',1,0,'2022-12-15 22:01:28','2022-12-15 22:01:28',NULL,NULL,'780bc630-31a3-4273-ab9a-82ea3620f1c9'),(196,NULL,NULL,NULL,2,'craft\\elements\\Asset',1,0,'2022-12-15 22:07:24','2022-12-15 22:07:24',NULL,NULL,'2f0ba59a-420e-4b9f-8de7-b2748667adf7'),(197,193,NULL,115,6,'craft\\elements\\Entry',1,0,'2022-12-15 22:07:26','2022-12-15 22:07:27',NULL,NULL,'c1cd111f-fe27-4b73-ad36-bbf7a0fe70db'),(198,116,NULL,116,6,'craft\\elements\\Entry',1,0,'2022-12-15 22:08:39','2022-12-15 22:08:39',NULL,NULL,'a353c16f-5d3c-407f-9d69-d6d5713c0d76'),(199,193,NULL,117,6,'craft\\elements\\Entry',1,0,'2022-12-15 22:08:45','2022-12-15 22:08:45',NULL,NULL,'e55d96ba-7655-4c46-8a42-166c2684c9d4'),(200,193,NULL,118,6,'craft\\elements\\Entry',1,0,'2022-12-15 22:09:29','2022-12-15 22:09:29',NULL,NULL,'35f72a40-f144-43f2-ad8d-0b56e5852aab'),(202,116,NULL,119,6,'craft\\elements\\Entry',1,0,'2022-12-15 22:14:28','2022-12-15 22:14:28',NULL,NULL,'d6556b3a-7080-4bb7-81e1-eed998fcf3e6'),(204,2,NULL,120,1,'craft\\elements\\Entry',1,0,'2022-12-16 10:03:53','2022-12-16 10:03:53',NULL,NULL,'0a6e982e-e139-4cdd-ab9a-a45492c0ba86'),(206,2,NULL,121,1,'craft\\elements\\Entry',1,0,'2022-12-16 10:05:24','2022-12-16 10:05:24',NULL,NULL,'b9512594-7c5b-4498-a742-40e4f6d11011'),(209,NULL,NULL,NULL,2,'craft\\elements\\Asset',1,0,'2022-12-16 15:35:49','2022-12-16 15:35:49',NULL,NULL,'8c0291f1-06f2-4392-ad3b-387d691bb746'),(210,38,NULL,122,4,'craft\\elements\\Entry',1,0,'2022-12-16 15:35:52','2022-12-16 15:35:52',NULL,'2022-12-16 23:01:55','b6cfe868-d86d-47bb-8888-f75201d9b547'),(211,49,NULL,123,5,'craft\\elements\\MatrixBlock',1,0,'2022-12-15 18:29:43','2022-12-16 15:35:52',NULL,'2022-12-16 23:56:01','83fc4686-f46a-45a5-a896-5463267e5cd4'),(212,67,NULL,124,5,'craft\\elements\\MatrixBlock',1,0,'2022-12-16 15:35:52','2022-12-16 15:35:52',NULL,'2022-12-16 23:56:01','523e44b5-338c-4808-a06a-5eec27bf2e55'),(213,68,NULL,125,5,'craft\\elements\\MatrixBlock',1,0,'2022-12-15 18:29:43','2022-12-16 15:35:52',NULL,'2022-12-16 23:56:01','3668f72e-722a-4419-a7da-6673d26c21d9'),(216,NULL,NULL,NULL,2,'craft\\elements\\Asset',1,0,'2022-12-16 15:49:24','2022-12-16 15:49:24',NULL,NULL,'bf35d431-a7ff-4a51-b655-73ff15a050a2'),(217,NULL,NULL,NULL,2,'craft\\elements\\Asset',1,0,'2022-12-16 15:49:35','2022-12-16 15:49:35',NULL,NULL,'a6a12256-3fa4-4610-b623-06d507ed84ac'),(219,38,NULL,126,4,'craft\\elements\\Entry',1,0,'2022-12-16 15:49:49','2022-12-16 15:49:49',NULL,'2022-12-16 23:01:55','89d7af79-0d7c-4562-b35c-658a304b4029'),(220,49,NULL,127,5,'craft\\elements\\MatrixBlock',1,0,'2022-12-16 15:49:49','2022-12-16 15:49:49',NULL,'2022-12-16 23:56:01','b55aa27f-f84c-4bd7-b824-6a5419ba8b09'),(221,67,NULL,128,5,'craft\\elements\\MatrixBlock',1,0,'2022-12-16 15:35:52','2022-12-16 15:49:49',NULL,'2022-12-16 23:56:01','a41e543d-b479-4d51-a7cb-7868bdca60e2'),(222,68,NULL,129,5,'craft\\elements\\MatrixBlock',1,0,'2022-12-16 15:49:49','2022-12-16 15:49:49',NULL,'2022-12-16 23:56:01','1beabc9f-7601-48f2-9ade-88877378ddf6'),(224,116,NULL,130,6,'craft\\elements\\Entry',1,0,'2022-12-16 15:59:03','2022-12-16 15:59:03',NULL,NULL,'03d515bd-5fd5-4fed-a2b5-d39351accf4e'),(226,116,NULL,131,6,'craft\\elements\\Entry',1,0,'2022-12-16 16:00:24','2022-12-16 16:00:24',NULL,NULL,'fcc12ec5-5a48-45f9-9332-4362c094dd2f'),(228,193,NULL,132,6,'craft\\elements\\Entry',1,0,'2022-12-16 16:02:04','2022-12-16 16:02:04',NULL,NULL,'a125a557-72c0-479a-a1d1-553ae85c3d41'),(229,193,NULL,133,6,'craft\\elements\\Entry',1,0,'2022-12-16 16:02:08','2022-12-16 16:02:08',NULL,NULL,'37865309-c1aa-40a8-9885-bfc5e0580a2b'),(231,193,NULL,134,6,'craft\\elements\\Entry',1,0,'2022-12-16 16:10:43','2022-12-16 16:10:43',NULL,NULL,'9395768c-9a47-4fd1-90c3-c07f5dd6f9d9'),(232,193,NULL,135,6,'craft\\elements\\Entry',1,0,'2022-12-16 16:10:45','2022-12-16 16:10:45',NULL,NULL,'581fdce7-a1bb-47eb-94ef-7b9098c37879'),(233,NULL,NULL,NULL,10,'craft\\elements\\GlobalSet',1,0,'2022-12-16 16:13:23','2022-12-16 23:07:55',NULL,NULL,'3c8d49b3-619a-4454-aecc-134ca2b8fc38'),(234,NULL,NULL,NULL,9,'craft\\elements\\MatrixBlock',1,0,'2022-12-16 16:16:14','2022-12-16 23:07:55',NULL,NULL,'f04b13d1-f7f9-49c2-86ef-6a20ad3d357f'),(235,NULL,NULL,NULL,9,'craft\\elements\\MatrixBlock',1,0,'2022-12-16 16:16:14','2022-12-16 23:07:55',NULL,NULL,'2d2a6221-1176-47e5-9a37-d2ed25d034cd'),(236,NULL,NULL,NULL,9,'craft\\elements\\MatrixBlock',1,0,'2022-12-16 16:16:14','2022-12-16 23:07:55',NULL,NULL,'6d3ae410-200f-450d-9bb7-f377d4a3be63'),(238,193,NULL,136,6,'craft\\elements\\Entry',1,0,'2022-12-16 16:34:38','2022-12-16 16:34:38',NULL,NULL,'c21da699-d7ef-46ea-8baf-406f8131dee3'),(240,193,NULL,137,6,'craft\\elements\\Entry',1,0,'2022-12-16 16:35:25','2022-12-16 16:35:25',NULL,NULL,'444c4280-b683-4352-b36d-5800f05cd913'),(241,NULL,NULL,NULL,11,'craft\\elements\\Category',1,0,'2022-12-16 17:09:05','2022-12-16 19:58:30',NULL,NULL,'2ddd8cb0-63fa-4f33-8e78-6adab58a40e8'),(242,172,NULL,138,8,'craft\\elements\\Entry',1,0,'2022-12-16 17:11:54','2022-12-16 17:11:54',NULL,NULL,'e939899c-2570-42e2-9f71-2a8b1fdfff57'),(243,172,NULL,139,8,'craft\\elements\\Entry',1,0,'2022-12-16 17:12:32','2022-12-16 17:12:32',NULL,NULL,'075229ba-a0a5-40bc-a350-1ff9a601f62e'),(244,172,NULL,140,8,'craft\\elements\\Entry',1,0,'2022-12-16 17:12:39','2022-12-16 17:12:39',NULL,NULL,'d1082d8d-f3d6-49fb-a302-cd1e699483d4'),(246,193,NULL,141,6,'craft\\elements\\Entry',1,0,'2022-12-16 17:13:51','2022-12-16 17:13:51',NULL,NULL,'8b613500-c6fd-4d37-aef0-aeab4999138f'),(248,193,NULL,142,6,'craft\\elements\\Entry',1,0,'2022-12-16 19:37:55','2022-12-16 19:37:55',NULL,NULL,'887b0169-5bc9-4f34-a414-244db5f18ae9'),(249,193,NULL,143,6,'craft\\elements\\Entry',1,0,'2022-12-16 19:40:05','2022-12-16 19:40:05',NULL,NULL,'44e2a8e7-1084-4550-9ba8-02f92afdeb39'),(250,193,NULL,144,6,'craft\\elements\\Entry',1,0,'2022-12-16 19:51:27','2022-12-16 19:51:27',NULL,NULL,'423d636e-86ac-4db5-bd93-1169ac64f4c8'),(251,116,NULL,145,6,'craft\\elements\\Entry',1,0,'2022-12-16 19:51:34','2022-12-16 19:51:34',NULL,NULL,'2aeea562-a46c-4648-b21a-6993937d90fe'),(252,NULL,NULL,NULL,11,'craft\\elements\\Category',1,0,'2022-12-16 20:37:00','2022-12-16 21:29:59',NULL,NULL,'37686ddd-e197-4319-8363-dfab56285908'),(254,116,NULL,146,6,'craft\\elements\\Entry',1,0,'2022-12-16 20:37:57','2022-12-16 20:37:57',NULL,NULL,'8192e77b-02d3-47a2-83bd-b44aed897ed1'),(255,NULL,NULL,NULL,11,'craft\\elements\\Category',1,0,'2022-12-16 21:17:23','2022-12-16 21:17:31',NULL,'2022-12-16 21:18:56','9f3f0e52-a653-4588-b946-d39aa40fba70'),(256,NULL,55,NULL,11,'craft\\elements\\Category',1,0,'2022-12-16 21:17:33','2022-12-16 21:17:39',NULL,'2022-12-16 21:18:24','ed72fb86-ad99-4289-81ce-6aa01fcf666e'),(257,NULL,NULL,NULL,11,'craft\\elements\\Category',1,0,'2022-12-16 21:18:35','2022-12-16 21:18:41',NULL,'2022-12-16 21:18:56','77c518f4-d30e-4453-ae72-b92bac294685'),(258,NULL,NULL,NULL,11,'craft\\elements\\Category',1,0,'2022-12-16 21:19:57','2022-12-16 21:20:24',NULL,'2022-12-16 21:30:26','7e522cba-5793-4040-9f6b-ae298fdd7383'),(260,NULL,NULL,NULL,12,'craft\\elements\\Category',1,0,'2022-12-16 21:28:08','2022-12-16 21:28:15',NULL,'2022-12-16 21:41:42','a65b76d1-02da-400a-9fa6-3db291f409e7'),(265,38,NULL,147,4,'craft\\elements\\Entry',1,0,'2022-12-16 21:28:38','2022-12-16 21:28:38',NULL,'2022-12-16 23:01:55','0db7f053-a7ab-4d52-bc69-734480e3f25e'),(266,49,NULL,148,5,'craft\\elements\\MatrixBlock',1,0,'2022-12-16 21:28:38','2022-12-16 21:28:38',NULL,'2022-12-16 23:56:01','0aef3889-978b-4fa0-9d24-82b973528403'),(267,67,NULL,149,5,'craft\\elements\\MatrixBlock',1,0,'2022-12-16 21:28:38','2022-12-16 21:28:38',NULL,'2022-12-16 23:56:01','563cc748-c378-4068-ae61-23520547370b'),(268,68,NULL,150,5,'craft\\elements\\MatrixBlock',1,0,'2022-12-16 21:28:38','2022-12-16 21:28:38',NULL,'2022-12-16 23:56:01','5412bfce-8627-418f-80a8-7b983c3ecf9a'),(269,38,NULL,151,4,'craft\\elements\\Entry',1,0,'2022-12-16 21:29:38','2022-12-16 21:29:38',NULL,'2022-12-16 23:01:55','633ef896-7d2a-4de9-8e42-a067c674279c'),(270,49,NULL,152,5,'craft\\elements\\MatrixBlock',1,0,'2022-12-16 21:28:38','2022-12-16 21:29:38',NULL,'2022-12-16 23:56:01','8d2c25e4-3d11-49e5-a706-f4804f79fb9c'),(271,67,NULL,153,5,'craft\\elements\\MatrixBlock',1,0,'2022-12-16 21:28:38','2022-12-16 21:29:38',NULL,'2022-12-16 23:56:01','16a5a854-6cc7-478c-a78c-cc2b1ed86748'),(272,68,NULL,154,5,'craft\\elements\\MatrixBlock',1,0,'2022-12-16 21:28:38','2022-12-16 21:29:38',NULL,'2022-12-16 23:56:01','3cdb3621-9105-4300-a917-69c264ca9254'),(274,NULL,NULL,NULL,12,'craft\\elements\\Category',1,0,'2022-12-16 21:40:53','2022-12-16 21:40:59',NULL,NULL,'520dca85-ca7d-47fb-ad70-fa68c576657c'),(275,NULL,NULL,NULL,12,'craft\\elements\\Category',1,0,'2022-12-16 21:41:07','2022-12-16 21:41:11',NULL,'2022-12-16 21:46:29','ada050ca-0b62-4281-b7bb-c20fbc49c2a8'),(276,NULL,NULL,NULL,12,'craft\\elements\\Category',1,0,'2022-12-16 21:41:12','2022-12-16 21:41:35',NULL,NULL,'c6e3732b-2397-41e9-a9eb-f73c65955f32'),(277,NULL,NULL,NULL,12,'craft\\elements\\Category',1,0,'2022-12-16 21:41:46','2022-12-16 21:42:03',NULL,NULL,'50a1db66-f230-4ede-a843-a9b748876bc0'),(282,38,NULL,155,4,'craft\\elements\\Entry',1,0,'2022-12-16 21:42:37','2022-12-16 21:42:37',NULL,'2022-12-16 23:01:55','4beaf642-0cca-41ff-b928-df2e654ac85b'),(283,49,NULL,156,5,'craft\\elements\\MatrixBlock',1,0,'2022-12-16 21:42:37','2022-12-16 21:42:37',NULL,'2022-12-16 23:56:01','bd491869-5d49-46f9-a7e5-8acde05499e5'),(284,67,NULL,157,5,'craft\\elements\\MatrixBlock',1,0,'2022-12-16 21:42:37','2022-12-16 21:42:37',NULL,'2022-12-16 23:56:01','15245512-aeb2-4ae5-8b1b-03acb05fcbb7'),(285,68,NULL,158,5,'craft\\elements\\MatrixBlock',1,0,'2022-12-16 21:42:37','2022-12-16 21:42:37',NULL,'2022-12-16 23:56:01','ccaff132-1cf4-44b3-a569-e55f906b3833'),(288,38,NULL,159,4,'craft\\elements\\Entry',1,0,'2022-12-16 21:46:22','2022-12-16 21:46:22',NULL,'2022-12-16 23:01:55','5a4b6f3c-67be-467d-bc52-666e633807f5'),(289,49,NULL,160,5,'craft\\elements\\MatrixBlock',1,0,'2022-12-16 21:46:22','2022-12-16 21:46:22',NULL,'2022-12-16 23:56:01','7d704164-3293-4f9a-99c8-d85b904496f7'),(290,67,NULL,161,5,'craft\\elements\\MatrixBlock',1,0,'2022-12-16 21:42:37','2022-12-16 21:46:22',NULL,'2022-12-16 23:56:01','d232cab7-3d78-43f8-b697-9127b54162ed'),(291,68,NULL,162,5,'craft\\elements\\MatrixBlock',1,0,'2022-12-16 21:42:37','2022-12-16 21:46:22',NULL,'2022-12-16 23:56:01','24625b02-4d72-4baf-bc73-6a3aa2cf4be6'),(292,NULL,NULL,NULL,13,'craft\\elements\\Entry',1,0,'2022-12-16 22:06:47','2022-12-16 22:26:59',NULL,'2022-12-16 23:02:00','3502309a-87a6-4611-868a-1328685f2538'),(293,292,NULL,163,13,'craft\\elements\\Entry',1,0,'2022-12-16 22:06:47','2022-12-16 22:06:47',NULL,'2022-12-16 23:02:00','a62caa44-5008-4f3e-9eff-572eef47d16d'),(294,292,NULL,164,13,'craft\\elements\\Entry',1,0,'2022-12-16 22:06:47','2022-12-16 22:06:47',NULL,'2022-12-16 23:02:00','25c16a2f-4668-4939-9345-269a79cbe27f'),(295,292,NULL,165,13,'craft\\elements\\Entry',1,0,'2022-12-16 22:06:50','2022-12-16 22:06:50',NULL,'2022-12-16 23:02:00','38ec2da6-2d97-4f76-a198-784ca990bab4'),(296,292,NULL,166,13,'craft\\elements\\Entry',1,0,'2022-12-16 22:07:05','2022-12-16 22:07:05',NULL,'2022-12-16 23:02:00','8edf2165-5afc-4bb2-a35d-104121790ff5'),(297,172,NULL,167,8,'craft\\elements\\Entry',1,0,'2022-12-16 22:07:08','2022-12-16 22:07:08',NULL,NULL,'01dbb8a1-ae6d-4eef-90ed-9f17f89bed44'),(298,172,NULL,168,8,'craft\\elements\\Entry',1,0,'2022-12-16 22:07:49','2022-12-16 22:07:49',NULL,NULL,'f8243701-db8a-4c03-b5ec-146bace69188'),(299,292,NULL,169,13,'craft\\elements\\Entry',1,0,'2022-12-16 22:08:09','2022-12-16 22:08:09',NULL,'2022-12-16 23:02:00','3ffa2f45-69f9-402c-914b-bf4ed3ed9295'),(300,292,NULL,170,13,'craft\\elements\\Entry',1,0,'2022-12-16 22:08:09','2022-12-16 22:08:09',NULL,'2022-12-16 23:02:00','de989df1-de25-4e6d-9f82-857657b0f95c'),(301,292,NULL,171,13,'craft\\elements\\Entry',1,0,'2022-12-16 22:08:27','2022-12-16 22:08:27',NULL,'2022-12-16 23:02:00','b1da46ea-7539-4ede-ba0f-7863917d0184'),(302,172,NULL,172,8,'craft\\elements\\Entry',1,0,'2022-12-16 22:08:47','2022-12-16 22:08:47',NULL,NULL,'ecd913a1-ec72-4fa0-b2ec-5099b76f38cc'),(303,292,NULL,173,13,'craft\\elements\\Entry',1,0,'2022-12-16 22:09:02','2022-12-16 22:09:02',NULL,'2022-12-16 23:02:00','8da3b511-44d0-4054-9116-c329ea216aa8'),(304,292,NULL,174,13,'craft\\elements\\Entry',1,0,'2022-12-16 22:09:02','2022-12-16 22:09:02',NULL,'2022-12-16 23:02:00','769e1d2f-4d3e-44b8-9d02-97b200062a9a'),(305,292,NULL,175,13,'craft\\elements\\Entry',1,0,'2022-12-16 22:12:54','2022-12-16 22:12:54',NULL,'2022-12-16 23:02:00','447d3d3d-4105-4e3d-bf7c-304e99a385c8'),(306,292,NULL,176,13,'craft\\elements\\Entry',1,0,'2022-12-16 22:13:04','2022-12-16 22:13:04',NULL,'2022-12-16 23:02:00','4bcdd68b-7173-44cd-ab71-2442e9b5ede0'),(307,172,NULL,177,8,'craft\\elements\\Entry',1,0,'2022-12-16 22:13:13','2022-12-16 22:13:13',NULL,NULL,'e15432cf-5d4c-4a7e-8f6a-0ca13657ee89'),(308,172,NULL,178,8,'craft\\elements\\Entry',1,0,'2022-12-16 22:13:17','2022-12-16 22:13:17',NULL,NULL,'f85f4be3-5a45-4033-8d42-5155ba8d0b31'),(309,38,NULL,179,4,'craft\\elements\\Entry',1,0,'2022-12-16 22:16:39','2022-12-16 22:16:39',NULL,'2022-12-16 23:01:55','d2183ace-7ce6-4f5b-a48c-2970082b59e0'),(310,49,NULL,180,5,'craft\\elements\\MatrixBlock',1,0,'2022-12-16 22:07:56','2022-12-16 22:16:39',NULL,'2022-12-16 23:56:01','1433db55-c4cf-4afc-80f6-87d684780b66'),(311,67,NULL,181,5,'craft\\elements\\MatrixBlock',1,0,'2022-12-16 22:07:56','2022-12-16 22:16:39',NULL,'2022-12-16 23:56:01','a63f0986-1028-4275-b707-c74e668478b5'),(312,68,NULL,182,5,'craft\\elements\\MatrixBlock',1,0,'2022-12-16 22:07:56','2022-12-16 22:16:39',NULL,'2022-12-16 23:56:01','8f62c2e3-8103-4f71-9fe7-7a8b10418b00'),(313,38,NULL,183,4,'craft\\elements\\Entry',1,0,'2022-12-16 22:16:54','2022-12-16 22:16:54',NULL,'2022-12-16 23:01:55','efc890bd-c93e-4269-9fda-ee427791f0dd'),(314,49,NULL,184,5,'craft\\elements\\MatrixBlock',1,0,'2022-12-16 22:07:56','2022-12-16 22:16:54',NULL,'2022-12-16 23:56:01','b1f0ebad-73e6-418f-b1e6-91dbe2ce9484'),(315,67,NULL,185,5,'craft\\elements\\MatrixBlock',1,0,'2022-12-16 22:07:56','2022-12-16 22:16:54',NULL,'2022-12-16 23:56:01','cde66132-bd52-447e-8889-599b8c1e44e5'),(316,68,NULL,186,5,'craft\\elements\\MatrixBlock',1,0,'2022-12-16 22:07:56','2022-12-16 22:16:54',NULL,'2022-12-16 23:56:01','56f39ff5-c83e-41a9-b7e4-673f063b6a95'),(317,38,NULL,187,4,'craft\\elements\\Entry',1,0,'2022-12-16 22:18:23','2022-12-16 22:18:23',NULL,'2022-12-16 23:01:55','c9f4474d-555f-4d87-a94b-12a012639e44'),(318,49,NULL,188,5,'craft\\elements\\MatrixBlock',1,0,'2022-12-16 22:07:56','2022-12-16 22:18:23',NULL,'2022-12-16 23:56:01','ddb3170c-b76e-4882-8552-f00a5941055c'),(319,67,NULL,189,5,'craft\\elements\\MatrixBlock',1,0,'2022-12-16 22:07:56','2022-12-16 22:18:23',NULL,'2022-12-16 23:56:01','c5d354db-49c6-4aaf-bb97-ae2ce54b747a'),(320,68,NULL,190,5,'craft\\elements\\MatrixBlock',1,0,'2022-12-16 22:07:56','2022-12-16 22:18:23',NULL,'2022-12-16 23:56:01','b275836a-7f42-4320-9d5c-aa7939eb2f35'),(321,38,NULL,191,4,'craft\\elements\\Entry',1,0,'2022-12-16 22:23:04','2022-12-16 22:23:04',NULL,'2022-12-16 23:01:55','211c75a2-7bdd-415a-b35f-9d369577d74c'),(322,49,NULL,192,5,'craft\\elements\\MatrixBlock',1,0,'2022-12-16 22:07:56','2022-12-16 22:23:04',NULL,'2022-12-16 23:56:01','489b3db3-57ac-4ede-ba8d-d61f85db243c'),(323,67,NULL,193,5,'craft\\elements\\MatrixBlock',1,0,'2022-12-16 22:07:56','2022-12-16 22:23:04',NULL,'2022-12-16 23:56:01','372b4e7e-bb76-4f88-a37b-8eee32e1b4af'),(324,68,NULL,194,5,'craft\\elements\\MatrixBlock',1,0,'2022-12-16 22:07:56','2022-12-16 22:23:04',NULL,'2022-12-16 23:56:01','bb94769d-bb1b-4a9f-8632-8d58ecf96a8a'),(325,292,75,NULL,13,'craft\\elements\\Entry',1,0,'2022-12-16 22:23:10','2022-12-16 22:44:05','2022-12-16 22:44:05','2022-12-16 23:02:00','738579e6-7b0b-48b2-ad3e-ae9bda15553e'),(326,NULL,NULL,NULL,5,'craft\\elements\\MatrixBlock',1,0,'2022-12-16 22:23:10','2022-12-16 22:23:10',NULL,NULL,'aa258b63-6c14-429f-a17b-ebf44d96f109'),(327,193,NULL,195,6,'craft\\elements\\Entry',1,0,'2022-12-16 22:24:03','2022-12-16 22:24:03',NULL,NULL,'5854496b-9ee0-458a-9865-234b29c5eb94'),(328,292,NULL,196,13,'craft\\elements\\Entry',1,0,'2022-12-16 22:26:59','2022-12-16 22:26:59',NULL,'2022-12-16 23:02:00','340cb19f-b65c-47a1-b9e4-939c12cf8959'),(329,193,NULL,197,6,'craft\\elements\\Entry',1,0,'2022-12-16 22:27:24','2022-12-16 22:27:24',NULL,NULL,'361f28fb-3622-4566-8aff-32172586639c'),(330,38,NULL,198,4,'craft\\elements\\Entry',1,0,'2022-12-16 22:27:29','2022-12-16 22:27:30',NULL,'2022-12-16 23:01:55','331442ed-c2cd-4e5e-8d0b-400c6583e37b'),(331,49,NULL,199,5,'craft\\elements\\MatrixBlock',1,0,'2022-12-16 22:07:56','2022-12-16 22:27:30',NULL,'2022-12-16 23:56:01','e9310bc9-2d67-4986-b8c3-006d6e9c68f0'),(332,67,NULL,200,5,'craft\\elements\\MatrixBlock',1,0,'2022-12-16 22:07:56','2022-12-16 22:27:30',NULL,'2022-12-16 23:56:01','afad6248-8628-426d-8873-0d33c486275d'),(333,68,NULL,201,5,'craft\\elements\\MatrixBlock',1,0,'2022-12-16 22:07:56','2022-12-16 22:27:30',NULL,'2022-12-16 23:56:01','01402c04-71d2-48e4-ac70-69ac5e23dc02'),(334,193,NULL,202,6,'craft\\elements\\Entry',1,0,'2022-12-16 22:27:34','2022-12-16 22:27:34',NULL,NULL,'3da597b2-27c0-4888-b5e2-cf376cb2a80b'),(335,38,NULL,203,4,'craft\\elements\\Entry',1,0,'2022-12-16 22:29:38','2022-12-16 22:29:38',NULL,'2022-12-16 23:01:55','977bcf79-0caf-4f4c-bee4-cd7d6bdace93'),(336,49,NULL,204,5,'craft\\elements\\MatrixBlock',1,0,'2022-12-16 22:07:56','2022-12-16 22:29:38',NULL,'2022-12-16 23:56:01','ebaea703-706b-4160-8cb7-6bec71fdc280'),(337,67,NULL,205,5,'craft\\elements\\MatrixBlock',1,0,'2022-12-16 22:07:56','2022-12-16 22:29:38',NULL,'2022-12-16 23:56:01','f0b73e8f-8738-481b-9875-03fd1ba41fde'),(338,68,NULL,206,5,'craft\\elements\\MatrixBlock',1,0,'2022-12-16 22:07:56','2022-12-16 22:29:38',NULL,'2022-12-16 23:56:01','82581c8d-e209-407d-9653-1d022090cd40'),(339,38,NULL,207,4,'craft\\elements\\Entry',1,0,'2022-12-16 22:38:04','2022-12-16 22:38:04',NULL,'2022-12-16 23:01:55','5fc86304-9235-4aa4-bcb2-c99a11246750'),(340,49,NULL,208,5,'craft\\elements\\MatrixBlock',1,0,'2022-12-16 22:07:56','2022-12-16 22:38:04',NULL,'2022-12-16 23:56:01','abaca4e2-3487-4b42-8c59-7fca536b78b4'),(341,67,NULL,209,5,'craft\\elements\\MatrixBlock',1,0,'2022-12-16 22:07:56','2022-12-16 22:38:04',NULL,'2022-12-16 23:56:01','d9549b8b-28c0-4df9-94c1-8a4d51890f9e'),(342,68,NULL,210,5,'craft\\elements\\MatrixBlock',1,0,'2022-12-16 22:07:56','2022-12-16 22:38:04',NULL,'2022-12-16 23:56:01','d77503ae-9084-4b6c-a061-b1fae2b7ba2c'),(343,38,NULL,211,4,'craft\\elements\\Entry',1,0,'2022-12-16 22:38:17','2022-12-16 22:38:17',NULL,'2022-12-16 23:01:55','979917b8-d0d3-464e-8fe9-ba5e3561d7a7'),(344,49,NULL,212,5,'craft\\elements\\MatrixBlock',1,0,'2022-12-16 22:07:56','2022-12-16 22:38:17',NULL,'2022-12-16 23:56:01','6ba75a57-ebe7-4b22-847f-b08df3a6142f'),(345,67,NULL,213,5,'craft\\elements\\MatrixBlock',1,0,'2022-12-16 22:07:56','2022-12-16 22:38:17',NULL,'2022-12-16 23:56:01','80d15463-028f-4601-bb0d-ade8a63125eb'),(346,68,NULL,214,5,'craft\\elements\\MatrixBlock',1,0,'2022-12-16 22:07:56','2022-12-16 22:38:17',NULL,'2022-12-16 23:56:01','5650c4d0-8d0b-4d1f-87e6-0c24e2285030'),(347,38,NULL,215,4,'craft\\elements\\Entry',1,0,'2022-12-16 22:38:25','2022-12-16 22:38:25',NULL,'2022-12-16 23:01:55','49caa2d9-eb46-44ad-8132-384a94a70d13'),(348,49,NULL,216,5,'craft\\elements\\MatrixBlock',1,0,'2022-12-16 22:07:56','2022-12-16 22:38:25',NULL,'2022-12-16 23:56:01','0014683a-5e16-456b-b148-c0da0f91ecde'),(349,67,NULL,217,5,'craft\\elements\\MatrixBlock',1,0,'2022-12-16 22:07:56','2022-12-16 22:38:25',NULL,'2022-12-16 23:56:01','f0efa2f9-5cf9-40ee-9e50-a15e6267dd7c'),(350,68,NULL,218,5,'craft\\elements\\MatrixBlock',1,0,'2022-12-16 22:07:56','2022-12-16 22:38:25',NULL,'2022-12-16 23:56:01','f8f5e154-6613-4630-9660-a82ca8b71263'),(351,38,NULL,219,4,'craft\\elements\\Entry',1,0,'2022-12-16 22:38:34','2022-12-16 22:38:34',NULL,'2022-12-16 23:01:55','9cf79413-fbe2-472f-85e4-0e825e71e178'),(352,49,NULL,220,5,'craft\\elements\\MatrixBlock',1,0,'2022-12-16 22:07:56','2022-12-16 22:38:34',NULL,'2022-12-16 23:56:01','f8873294-c58e-44bb-a511-11b0c7bfbd72'),(353,67,NULL,221,5,'craft\\elements\\MatrixBlock',1,0,'2022-12-16 22:07:56','2022-12-16 22:38:34',NULL,'2022-12-16 23:56:01','d37791e0-5191-488f-9364-902eb66f9844'),(354,68,NULL,222,5,'craft\\elements\\MatrixBlock',1,0,'2022-12-16 22:07:56','2022-12-16 22:38:34',NULL,'2022-12-16 23:56:01','89086ca7-95f3-4de6-bbe6-5664cfb158b7'),(355,38,NULL,223,4,'craft\\elements\\Entry',1,0,'2022-12-16 22:42:13','2022-12-16 22:42:13',NULL,'2022-12-16 23:01:55','719f8a0e-1e8f-4e4c-a25e-c6aa57825bfe'),(356,49,NULL,224,5,'craft\\elements\\MatrixBlock',1,0,'2022-12-16 22:07:56','2022-12-16 22:42:13',NULL,'2022-12-16 23:56:01','4d11a6ae-beda-4c3a-8fde-f1eabe9cf0b3'),(357,67,NULL,225,5,'craft\\elements\\MatrixBlock',1,0,'2022-12-16 22:07:56','2022-12-16 22:42:13',NULL,'2022-12-16 23:56:01','cc5df63c-32a2-4c76-8563-18899b699ffc'),(358,68,NULL,226,5,'craft\\elements\\MatrixBlock',1,0,'2022-12-16 22:07:56','2022-12-16 22:42:13',NULL,'2022-12-16 23:56:01','c3c73648-77d6-4c15-9988-4d8b4faa4e4e'),(359,38,NULL,227,4,'craft\\elements\\Entry',1,0,'2022-12-16 22:43:17','2022-12-16 22:43:17',NULL,'2022-12-16 23:01:55','f66bc279-3ef4-4d7b-9051-7f4a5ecbfe4f'),(360,49,NULL,228,5,'craft\\elements\\MatrixBlock',1,0,'2022-12-16 22:07:56','2022-12-16 22:43:17',NULL,'2022-12-16 23:56:01','abe45064-01b7-4bcb-9eba-005ae1491402'),(361,67,NULL,229,5,'craft\\elements\\MatrixBlock',1,0,'2022-12-16 22:07:56','2022-12-16 22:43:17',NULL,'2022-12-16 23:56:01','117b18de-1e59-48f9-9eca-b1d48cdf5c4e'),(362,68,NULL,230,5,'craft\\elements\\MatrixBlock',1,0,'2022-12-16 22:07:56','2022-12-16 22:43:17',NULL,'2022-12-16 23:56:01','4a346f0d-58a0-4874-b421-61917b07ff92'),(363,172,NULL,231,8,'craft\\elements\\Entry',1,0,'2022-12-16 22:44:02','2022-12-16 22:44:02',NULL,NULL,'b33b14ba-471e-47e0-bfdf-af88703dabf1'),(364,38,NULL,232,4,'craft\\elements\\Entry',1,0,'2022-12-16 22:45:01','2022-12-16 22:45:01',NULL,'2022-12-16 23:01:55','e83b2164-9933-458f-84c8-fa27e63ce2fd'),(365,49,NULL,233,5,'craft\\elements\\MatrixBlock',1,0,'2022-12-16 22:07:56','2022-12-16 22:45:01',NULL,'2022-12-16 23:56:01','4a68bdc3-e2c2-4557-96fe-e5dc2e9e3369'),(366,67,NULL,234,5,'craft\\elements\\MatrixBlock',1,0,'2022-12-16 22:07:56','2022-12-16 22:45:01',NULL,'2022-12-16 23:56:01','83e702ef-780d-4a69-a303-ba64ee46242c'),(367,68,NULL,235,5,'craft\\elements\\MatrixBlock',1,0,'2022-12-16 22:07:56','2022-12-16 22:45:01',NULL,'2022-12-16 23:56:01','e85f4f70-3f13-4e99-a54f-d14550341ae7'),(368,NULL,NULL,NULL,4,'craft\\elements\\Entry',1,0,'2022-12-16 22:50:43','2022-12-16 22:58:57',NULL,'2022-12-16 23:01:55','e4a53709-793f-4c62-9a98-8a02bbb4b574'),(369,368,NULL,236,4,'craft\\elements\\Entry',1,0,'2022-12-16 22:51:15','2022-12-16 22:51:15',NULL,'2022-12-16 23:01:55','ea29d1b9-d326-4160-92ce-123ee42250a5'),(370,368,NULL,237,4,'craft\\elements\\Entry',1,0,'2022-12-16 22:51:30','2022-12-16 22:51:30',NULL,'2022-12-16 23:01:55','c91306d1-cc44-4bd2-bbee-65881056f460'),(371,368,NULL,238,4,'craft\\elements\\Entry',1,0,'2022-12-16 22:52:49','2022-12-16 22:52:49',NULL,'2022-12-16 23:01:55','a2826c7a-7755-4233-95a0-bb2f6e89cc58'),(372,368,NULL,239,4,'craft\\elements\\Entry',1,0,'2022-12-16 22:56:02','2022-12-16 22:56:02',NULL,'2022-12-16 23:01:55','68f3f630-ef0b-4bfd-af10-109378a12dd9'),(373,NULL,77,NULL,4,'craft\\elements\\Entry',1,0,'2022-12-16 22:56:03','2022-12-16 22:56:03',NULL,'2022-12-16 23:01:55','8ab87d1a-5b50-4122-bbc5-cde9b9c3d899'),(374,368,NULL,240,4,'craft\\elements\\Entry',1,0,'2022-12-16 22:56:42','2022-12-16 22:56:42',NULL,'2022-12-16 23:01:55','a778cca1-8eaa-4a27-b004-119b42bdb481'),(375,368,NULL,241,4,'craft\\elements\\Entry',1,0,'2022-12-16 22:56:50','2022-12-16 22:56:50',NULL,'2022-12-16 23:01:55','e45936f9-f23d-4e3b-90a3-6818891669a9'),(376,368,NULL,242,4,'craft\\elements\\Entry',1,0,'2022-12-16 22:57:03','2022-12-16 22:57:03',NULL,'2022-12-16 23:01:55','4611a600-df6a-4cd7-b925-e5e73568fbb1'),(377,368,NULL,243,4,'craft\\elements\\Entry',1,0,'2022-12-16 22:57:06','2022-12-16 22:57:06',NULL,'2022-12-16 23:01:55','376211ab-f70e-4d69-8b60-85c53921a294'),(378,193,NULL,244,6,'craft\\elements\\Entry',1,0,'2022-12-16 22:57:17','2022-12-16 22:57:17',NULL,NULL,'b0c5b49e-1574-43b3-9f1e-3869badd1e8c'),(379,368,NULL,245,4,'craft\\elements\\Entry',1,0,'2022-12-16 22:58:57','2022-12-16 22:58:57',NULL,'2022-12-16 23:01:55','0463552d-6f67-47ce-9466-b413d806727a'),(380,NULL,78,NULL,4,'craft\\elements\\Entry',1,0,'2022-12-16 22:59:09','2022-12-16 22:59:09',NULL,'2022-12-16 23:01:55','4e47c474-f1ea-4fc1-b6ac-0686c39c06e6'),(381,172,NULL,246,8,'craft\\elements\\Entry',1,0,'2022-12-16 23:02:35','2022-12-16 23:02:35',NULL,NULL,'d149b8ed-423b-406c-9310-f7a60e57f9d2'),(382,NULL,NULL,NULL,14,'craft\\elements\\Entry',1,0,'2022-12-16 23:03:07','2022-12-16 23:05:39',NULL,NULL,'6b545ade-ca99-427a-8851-0b9f52cdd4a6'),(383,382,NULL,247,14,'craft\\elements\\Entry',1,0,'2022-12-16 23:03:07','2022-12-16 23:03:07',NULL,NULL,'2213055c-f8ed-4ad0-9d04-b3a9222078dd'),(384,382,NULL,248,14,'craft\\elements\\Entry',1,0,'2022-12-16 23:03:07','2022-12-16 23:03:07',NULL,NULL,'774be97d-376e-4408-b10e-b17613870934'),(385,382,NULL,249,14,'craft\\elements\\Entry',1,0,'2022-12-16 23:03:07','2022-12-16 23:03:07',NULL,NULL,'5a303694-19b7-416d-ad7c-f002a2085219'),(386,382,NULL,250,14,'craft\\elements\\Entry',1,0,'2022-12-16 23:03:41','2022-12-16 23:03:41',NULL,NULL,'22084b2e-1f40-467e-9eea-8eecf4afa03a'),(387,382,NULL,251,14,'craft\\elements\\Entry',1,0,'2022-12-16 23:03:41','2022-12-16 23:03:41',NULL,NULL,'4036d5ca-e6b5-42ad-9324-04bb03f2f439'),(388,382,NULL,252,14,'craft\\elements\\Entry',1,0,'2022-12-16 23:05:39','2022-12-16 23:05:39',NULL,NULL,'31ebd858-26dd-48ab-862d-1699e624aed5'),(389,193,NULL,253,6,'craft\\elements\\Entry',1,0,'2022-12-16 23:08:43','2022-12-16 23:08:43',NULL,NULL,'ea55c281-0beb-44fe-81a5-acf34e91c238'),(390,NULL,79,NULL,15,'craft\\elements\\Entry',1,0,'2022-12-16 23:10:41','2022-12-16 23:10:41',NULL,NULL,'7b336b6d-6007-4e38-bc2d-2edcbeda77b0'),(391,NULL,80,NULL,15,'craft\\elements\\Entry',1,0,'2022-12-16 23:10:56','2022-12-16 23:10:56',NULL,NULL,'315d3d4f-e01b-4806-b86e-bdafb6e866da'),(392,NULL,NULL,NULL,15,'craft\\elements\\Entry',1,0,'2022-12-16 23:11:37','2022-12-16 23:14:03',NULL,'2022-12-16 23:15:39','7c7685c7-21ce-424c-8b1a-698b2ab7814b'),(393,392,NULL,254,15,'craft\\elements\\Entry',1,0,'2022-12-16 23:11:59','2022-12-16 23:11:59',NULL,'2022-12-16 23:15:39','48b367f1-480f-49d7-8f5c-5c309127f161'),(394,NULL,NULL,NULL,15,'craft\\elements\\Entry',1,0,'2022-12-16 23:12:01','2022-12-17 09:11:23',NULL,NULL,'a4a5a44a-b6ea-4268-8f3f-01e4d60c6456'),(395,394,NULL,255,15,'craft\\elements\\Entry',1,0,'2022-12-16 23:12:13','2022-12-16 23:12:13',NULL,NULL,'4de7f9ec-2977-4da8-a595-1f4ae7e346de'),(396,NULL,NULL,NULL,15,'craft\\elements\\Entry',1,0,'2022-12-16 23:12:14','2022-12-17 09:14:50',NULL,NULL,'3ef26053-221b-4707-80be-c321fa091ffe'),(397,396,NULL,256,15,'craft\\elements\\Entry',1,0,'2022-12-16 23:12:27','2022-12-16 23:12:27',NULL,NULL,'36108476-5ecd-4ce8-9291-18d9f369badc'),(398,392,NULL,257,15,'craft\\elements\\Entry',1,0,'2022-12-16 23:14:03','2022-12-16 23:14:03',NULL,'2022-12-16 23:15:39','92f458ed-98f7-438c-a45d-6c15e813acc2'),(399,NULL,NULL,NULL,15,'craft\\elements\\Entry',1,0,'2022-12-16 23:15:40','2022-12-17 09:10:54',NULL,NULL,'7e37e083-e1bf-4287-8284-1926f456c755'),(400,399,NULL,258,15,'craft\\elements\\Entry',1,0,'2022-12-16 23:15:51','2022-12-16 23:15:51',NULL,NULL,'80aa928a-fd0f-45ea-bfa8-41a62bb8e276'),(401,NULL,NULL,NULL,15,'craft\\elements\\Entry',1,0,'2022-12-16 23:37:13','2022-12-16 23:47:59',NULL,'2022-12-17 09:05:57','35db3bcc-384f-4b0f-93e4-013a4b0b07cb'),(402,401,NULL,259,15,'craft\\elements\\Entry',1,0,'2022-12-16 23:44:29','2022-12-16 23:44:29',NULL,'2022-12-17 09:05:57','07d642dc-423e-4f38-9e16-022d2a17d757'),(404,NULL,NULL,NULL,2,'craft\\elements\\Asset',1,0,'2022-12-16 23:47:55','2022-12-16 23:47:55',NULL,NULL,'7ee00c8a-ccbf-4b41-a965-da3c32ce54c5'),(405,401,NULL,260,15,'craft\\elements\\Entry',1,0,'2022-12-16 23:47:59','2022-12-16 23:47:59',NULL,'2022-12-17 09:05:57','1b3dda69-6856-47a5-a25b-c4add415a5a9'),(406,NULL,NULL,NULL,15,'craft\\elements\\Entry',1,0,'2022-12-16 23:50:47','2022-12-16 23:51:09',NULL,'2022-12-17 09:05:57','f906caef-0d32-45bd-9a59-a1aae3a001c4'),(407,NULL,NULL,NULL,2,'craft\\elements\\Asset',1,0,'2022-12-16 23:51:00','2022-12-16 23:51:00',NULL,NULL,'eec5d6af-c83c-46cd-b5d7-5d9ffaae4eab'),(408,406,NULL,261,15,'craft\\elements\\Entry',1,0,'2022-12-16 23:51:09','2022-12-16 23:51:09',NULL,'2022-12-17 09:05:57','20ab37a5-801e-4ba9-933a-99b163bb8e0d'),(410,399,NULL,262,15,'craft\\elements\\Entry',1,0,'2022-12-17 09:10:47','2022-12-17 09:10:47',NULL,NULL,'3e552f76-16a0-4e56-aa15-59aab00e2741'),(411,399,NULL,263,15,'craft\\elements\\Entry',1,0,'2022-12-17 09:10:54','2022-12-17 09:10:54',NULL,NULL,'42773831-f805-4f55-b487-e5c69687e9b9'),(413,394,NULL,264,15,'craft\\elements\\Entry',1,0,'2022-12-17 09:11:23','2022-12-17 09:11:23',NULL,NULL,'3ea8c614-405a-4ee5-b0e5-b696bdc5d0e3'),(415,396,NULL,265,15,'craft\\elements\\Entry',1,0,'2022-12-17 09:14:50','2022-12-17 09:14:50',NULL,NULL,'4de564da-2e4d-48d9-aefa-8ffd6bbf5010'),(416,NULL,NULL,NULL,16,'craft\\elements\\GlobalSet',1,0,'2022-12-17 09:35:39','2022-12-17 09:39:38',NULL,NULL,'3551cff9-55f5-4fc1-b3a1-2e9a7d03474b'),(417,NULL,NULL,NULL,6,'craft\\elements\\Entry',1,0,'2022-12-17 09:48:36','2022-12-17 09:52:10',NULL,NULL,'52f3b0e4-9fe1-4108-a933-623a240d2a87'),(418,NULL,NULL,NULL,2,'craft\\elements\\Asset',1,0,'2022-12-17 09:49:04','2022-12-17 09:49:04',NULL,NULL,'ddc0f9c9-4a22-43ed-9d94-aad51532277a'),(419,417,NULL,266,6,'craft\\elements\\Entry',1,0,'2022-12-17 09:50:22','2022-12-17 09:50:22',NULL,NULL,'fae0175e-cae0-4033-9741-50519bee3c5c'),(421,417,NULL,267,6,'craft\\elements\\Entry',1,0,'2022-12-17 09:51:45','2022-12-17 09:51:45',NULL,NULL,'a7faea31-c18d-473b-ac0e-33cb2d8377b7'),(423,417,NULL,268,6,'craft\\elements\\Entry',1,0,'2022-12-17 09:52:10','2022-12-17 09:52:10',NULL,NULL,'974c2cae-e03c-41ae-8ca3-8c436f9bfb3e'),(424,119,NULL,269,7,'craft\\elements\\Entry',1,0,'2022-12-17 09:58:56','2022-12-17 09:58:56',NULL,NULL,'e8c74789-e662-4764-ab99-d608e07a3080'),(425,119,NULL,270,7,'craft\\elements\\Entry',1,0,'2022-12-17 09:59:08','2022-12-17 09:59:08',NULL,NULL,'e156119e-78b2-4f15-843a-06f03393f1b7'),(426,119,NULL,271,7,'craft\\elements\\Entry',1,0,'2022-12-17 10:04:22','2022-12-17 10:04:22',NULL,NULL,'b0b7e03c-9f45-40d2-ac28-d020f8f1f575'),(428,NULL,NULL,NULL,17,'craft\\elements\\MatrixBlock',1,0,'2022-12-17 10:04:28','2022-12-17 10:04:28',NULL,'2022-12-17 10:05:27','6289cbab-a05b-4d30-8427-f596a3c33c21'),(429,NULL,NULL,NULL,2,'craft\\elements\\Asset',1,0,'2022-12-17 10:05:25','2022-12-17 10:05:25',NULL,NULL,'f27467fb-3a25-4f65-88af-70347888d2aa'),(430,NULL,NULL,NULL,17,'craft\\elements\\MatrixBlock',1,0,'2022-12-17 10:05:27','2022-12-17 10:05:27',NULL,'2022-12-17 10:05:53','44338caa-b5fc-44bd-a8e2-8bee467adab3'),(431,NULL,NULL,NULL,17,'craft\\elements\\MatrixBlock',1,0,'2022-12-17 10:05:53','2022-12-17 10:05:53',NULL,'2022-12-17 10:05:56','9c5fde61-9065-4349-a399-2ad3478c0b99'),(433,NULL,NULL,NULL,17,'craft\\elements\\MatrixBlock',1,0,'2022-12-17 10:06:43','2022-12-17 10:08:52',NULL,NULL,'46e80b62-9621-4e50-9771-6266a3b562b1'),(434,119,NULL,272,7,'craft\\elements\\Entry',1,0,'2022-12-17 10:06:43','2022-12-17 10:06:43',NULL,NULL,'e4123298-44fd-49ae-b922-98696724c6c7'),(435,433,NULL,273,17,'craft\\elements\\MatrixBlock',1,0,'2022-12-17 10:06:43','2022-12-17 10:06:43',NULL,NULL,'c4fab560-5bc7-4a08-9d00-f2097e464179'),(437,NULL,NULL,NULL,17,'craft\\elements\\MatrixBlock',1,0,'2022-12-17 10:06:47','2022-12-17 10:06:47',NULL,'2022-12-17 10:07:13','39bef170-8cc3-40ca-97d8-ac8a976a0891'),(438,NULL,NULL,NULL,2,'craft\\elements\\Asset',1,0,'2022-12-17 10:07:13','2022-12-17 10:07:13',NULL,NULL,'ab064d75-308c-4533-8b18-8405d7621713'),(439,NULL,NULL,NULL,17,'craft\\elements\\MatrixBlock',1,0,'2022-12-17 10:07:13','2022-12-17 10:07:13',NULL,'2022-12-17 10:07:20','9c307c95-a7fb-4df1-b34a-a808b0cbdc64'),(440,NULL,NULL,NULL,17,'craft\\elements\\MatrixBlock',1,0,'2022-12-17 10:07:20','2022-12-17 10:07:20',NULL,'2022-12-17 10:07:22','ceb3cbc3-ad6e-4ea2-a801-b0560db5ef92'),(441,NULL,NULL,NULL,17,'craft\\elements\\MatrixBlock',1,0,'2022-12-17 10:07:22','2022-12-17 10:07:22',NULL,'2022-12-17 10:07:36','1502de0f-bb0a-4fa7-b4fa-2a98ccba2fe8'),(442,NULL,NULL,NULL,17,'craft\\elements\\MatrixBlock',1,0,'2022-12-17 10:07:36','2022-12-17 10:07:36',NULL,'2022-12-17 10:07:38','c1ba0130-9157-449d-8dbb-7d726e417ce6'),(443,NULL,NULL,NULL,17,'craft\\elements\\MatrixBlock',1,0,'2022-12-17 10:07:38','2022-12-17 10:07:38',NULL,'2022-12-17 10:07:44','40be1410-9c4e-4a5a-9f9e-17be912d6044'),(445,NULL,NULL,NULL,17,'craft\\elements\\MatrixBlock',1,0,'2022-12-17 10:07:44','2022-12-17 10:07:44',NULL,'2022-12-17 10:07:47','4a6e50d4-5c30-459e-9464-834382ac3397'),(446,NULL,NULL,NULL,17,'craft\\elements\\MatrixBlock',1,0,'2022-12-17 10:07:44','2022-12-17 10:07:44',NULL,'2022-12-17 10:07:47','87b3d9bf-1d06-4930-a3e8-27296ee0eda1'),(447,NULL,NULL,NULL,17,'craft\\elements\\MatrixBlock',1,0,'2022-12-17 10:07:47','2022-12-17 10:07:47',NULL,'2022-12-17 10:07:49','d5d75d5f-9949-465a-aee4-2dab931d716f'),(448,NULL,NULL,NULL,17,'craft\\elements\\MatrixBlock',1,0,'2022-12-17 10:07:47','2022-12-17 10:07:47',NULL,'2022-12-17 10:07:49','12b08c1d-d576-4487-8a73-1e99fcc8ac91'),(449,NULL,NULL,NULL,17,'craft\\elements\\MatrixBlock',1,0,'2022-12-17 10:07:49','2022-12-17 10:07:49',NULL,'2022-12-17 10:07:50','2d3fd67f-ea1c-4a47-85a6-65d04b1d222d'),(450,NULL,NULL,NULL,17,'craft\\elements\\MatrixBlock',1,0,'2022-12-17 10:07:49','2022-12-17 10:07:49',NULL,'2022-12-17 10:07:50','099a0b8b-797a-401f-9b93-9deca84735a1'),(451,NULL,NULL,NULL,17,'craft\\elements\\MatrixBlock',1,0,'2022-12-17 10:07:50','2022-12-17 10:07:50',NULL,'2022-12-17 10:08:47','50ef943f-edf5-4805-af4c-265f141c428a'),(452,NULL,NULL,NULL,17,'craft\\elements\\MatrixBlock',1,0,'2022-12-17 10:07:50','2022-12-17 10:07:50',NULL,'2022-12-17 10:08:47','73eb361e-6330-4834-831f-3cf0966af3ef'),(453,NULL,NULL,NULL,2,'craft\\elements\\Asset',1,0,'2022-12-17 10:08:45','2022-12-17 10:18:01',NULL,NULL,'9081609d-79d4-46e3-898e-bea6a0e410a9'),(456,NULL,NULL,NULL,17,'craft\\elements\\MatrixBlock',1,0,'2022-12-17 10:08:52','2022-12-17 10:08:52',NULL,NULL,'9134995e-d087-46c0-b1c3-0c875a869716'),(457,NULL,NULL,NULL,17,'craft\\elements\\MatrixBlock',1,0,'2022-12-17 10:08:52','2022-12-17 10:18:06',NULL,NULL,'ef43f330-13dd-4dd2-9555-c7c51d4353b1'),(458,119,NULL,274,7,'craft\\elements\\Entry',1,0,'2022-12-17 10:08:52','2022-12-17 10:08:52',NULL,NULL,'278ae3aa-78ab-43b4-a088-4ac098223d75'),(459,433,NULL,275,17,'craft\\elements\\MatrixBlock',1,0,'2022-12-17 10:08:52','2022-12-17 10:08:52',NULL,NULL,'1b1deb04-f3fd-40fa-8110-f2b12baf28fd'),(460,456,NULL,276,17,'craft\\elements\\MatrixBlock',1,0,'2022-12-17 10:08:52','2022-12-17 10:08:52',NULL,NULL,'f6623f8e-7a56-4ae9-a95c-53cc1622e384'),(461,457,NULL,277,17,'craft\\elements\\MatrixBlock',1,0,'2022-12-17 10:08:52','2022-12-17 10:08:52',NULL,NULL,'7b3aec6c-4dc7-4133-ac96-afcba358a0d6'),(462,119,NULL,278,7,'craft\\elements\\Entry',1,0,'2022-12-17 10:12:00','2022-12-17 10:12:00',NULL,NULL,'e5cac146-ee31-45ed-a6ea-5a05bf8a5483'),(463,433,NULL,279,17,'craft\\elements\\MatrixBlock',1,0,'2022-12-17 10:08:52','2022-12-17 10:12:00',NULL,NULL,'8e51baa9-7ccd-4467-bd58-afa93b1e7f38'),(464,456,NULL,280,17,'craft\\elements\\MatrixBlock',1,0,'2022-12-17 10:08:52','2022-12-17 10:12:00',NULL,NULL,'b38ae497-4a1a-45bf-a958-b73f2f719ead'),(465,457,NULL,281,17,'craft\\elements\\MatrixBlock',1,0,'2022-12-17 10:08:52','2022-12-17 10:12:00',NULL,NULL,'b40d4ccf-18f4-4b56-a34c-2c48d195266e'),(468,NULL,NULL,NULL,2,'craft\\elements\\Asset',1,0,'2022-12-17 10:17:57','2022-12-17 10:17:57',NULL,'2022-12-17 10:18:01','d065b696-19e7-4bb1-9583-490e994ff85b'),(469,119,NULL,282,7,'craft\\elements\\Entry',1,0,'2022-12-17 10:18:06','2022-12-17 10:18:06',NULL,NULL,'d5061703-5d31-455e-b707-47c9c732fb6b'),(470,433,NULL,283,17,'craft\\elements\\MatrixBlock',1,0,'2022-12-17 10:08:52','2022-12-17 10:18:06',NULL,NULL,'287df432-5e98-4687-aa64-eaffb9837986'),(471,456,NULL,284,17,'craft\\elements\\MatrixBlock',1,0,'2022-12-17 10:08:52','2022-12-17 10:18:06',NULL,NULL,'8a3e9d9f-4daa-4f85-bdd4-788859801d8f'),(472,457,NULL,285,17,'craft\\elements\\MatrixBlock',1,0,'2022-12-17 10:18:06','2022-12-17 10:18:06',NULL,NULL,'31f6aea1-5f56-4572-8b8e-b8358043955d'),(473,119,NULL,286,7,'craft\\elements\\Entry',1,0,'2022-12-17 12:37:14','2022-12-17 12:37:14',NULL,NULL,'e343baf5-ab8f-427e-a20e-5e01e663f61a'),(474,433,NULL,287,17,'craft\\elements\\MatrixBlock',1,0,'2022-12-17 10:08:52','2022-12-17 12:37:14',NULL,NULL,'9298ca39-abf8-4031-a992-122df41eb7cc'),(475,456,NULL,288,17,'craft\\elements\\MatrixBlock',1,0,'2022-12-17 10:08:52','2022-12-17 12:37:14',NULL,NULL,'f5b08e84-e725-426d-9006-c8cee0e84355'),(476,457,NULL,289,17,'craft\\elements\\MatrixBlock',1,0,'2022-12-17 10:18:06','2022-12-17 12:37:14',NULL,NULL,'9f7d3aa2-adb1-4fc1-bd6e-60323eeab8d1'),(477,119,NULL,290,7,'craft\\elements\\Entry',1,0,'2022-12-17 12:38:23','2022-12-17 12:38:23',NULL,NULL,'78ce8c1b-e470-426c-8dd1-7f51704babe0'),(478,433,NULL,291,17,'craft\\elements\\MatrixBlock',1,0,'2022-12-17 10:08:52','2022-12-17 12:38:23',NULL,NULL,'796269e7-907e-49e8-9024-b3da5797479f'),(479,456,NULL,292,17,'craft\\elements\\MatrixBlock',1,0,'2022-12-17 10:08:52','2022-12-17 12:38:23',NULL,NULL,'ebd008dc-ecf0-4f2c-829b-42136bf062fc'),(480,457,NULL,293,17,'craft\\elements\\MatrixBlock',1,0,'2022-12-17 10:18:06','2022-12-17 12:38:23',NULL,NULL,'320aad17-f371-4f6f-ac13-6e1d8b1d870d'),(481,NULL,NULL,NULL,2,'craft\\elements\\Asset',1,0,'2022-12-17 12:39:06','2022-12-17 12:39:06',NULL,NULL,'c8b690a5-dd8b-4827-8568-3b978a32d08a'),(483,119,NULL,294,7,'craft\\elements\\Entry',1,0,'2022-12-17 12:39:18','2022-12-17 12:39:18',NULL,NULL,'cf303f3e-9f14-40de-9605-23118af922e6'),(484,433,NULL,295,17,'craft\\elements\\MatrixBlock',1,0,'2022-12-17 10:08:52','2022-12-17 12:39:18',NULL,NULL,'c48b3063-fc22-4c43-9bd4-ee78b773c24c'),(485,456,NULL,296,17,'craft\\elements\\MatrixBlock',1,0,'2022-12-17 10:08:52','2022-12-17 12:39:18',NULL,NULL,'99ae4c89-5293-4c14-a049-901fa1c9fb1d'),(486,457,NULL,297,17,'craft\\elements\\MatrixBlock',1,0,'2022-12-17 10:18:06','2022-12-17 12:39:18',NULL,NULL,'e1cb4b0c-6dfe-4eb3-9fbe-25e5b8fd152a');
/*!40000 ALTER TABLE `elements` ENABLE KEYS */;
UNLOCK TABLES;
commit;

--
-- Dumping data for table `elements_sites`
--

LOCK TABLES `elements_sites` WRITE;
/*!40000 ALTER TABLE `elements_sites` DISABLE KEYS */;
set autocommit=0;
INSERT INTO `elements_sites` VALUES (1,1,1,NULL,NULL,1,'2022-12-14 09:41:50','2022-12-14 09:41:50','02f7fdea-7baf-42b9-9421-87f646b55814'),(2,2,1,'home','__home__',1,'2022-12-14 12:50:05','2022-12-14 12:50:05','72913c53-0ec9-49bd-b3a9-bc2a87a70300'),(3,3,1,'home','__home__',1,'2022-12-14 12:50:05','2022-12-14 12:50:05','ee7c7342-bccb-44a2-be3b-e8d7f45d27fb'),(4,4,1,'home','__home__',1,'2022-12-14 12:50:05','2022-12-14 12:50:05','2bdd925d-e351-4068-ae3d-07a33c9bf4b9'),(5,5,1,'home','__home__',1,'2022-12-14 13:29:00','2022-12-14 13:29:00','a96617c6-5feb-43ec-909d-bb709806c167'),(6,6,1,NULL,NULL,1,'2022-12-14 13:31:24','2022-12-14 13:31:24','1e1f9561-d584-4a87-aebb-74872a7b19de'),(7,7,1,NULL,NULL,1,'2022-12-14 13:31:31','2022-12-14 13:31:31','c8003749-1ba4-4a13-a7b3-5567610e7b74'),(11,11,1,NULL,NULL,1,'2022-12-14 13:34:44','2022-12-14 13:34:44','2bfbf768-386f-4986-a57f-c70ac9fcc70b'),(12,12,1,NULL,NULL,1,'2022-12-14 13:34:53','2022-12-14 13:34:53','c4616f73-1baf-4d2b-8cd3-38a366fa11e6'),(14,14,1,NULL,NULL,1,'2022-12-14 13:36:12','2022-12-14 13:36:12','0f16cfcb-d7c5-4146-ad46-db768681b18e'),(15,15,1,NULL,NULL,1,'2022-12-14 13:37:01','2022-12-14 13:37:01','977e2667-aa8b-46a9-a3e4-c18deadfed69'),(16,16,1,NULL,NULL,1,'2022-12-14 13:42:11','2022-12-14 13:42:11','42bcba85-2eb7-4172-9494-455b04c6ef09'),(17,17,1,NULL,NULL,1,'2022-12-14 13:42:18','2022-12-14 13:42:18','8d1dcc59-cfd0-43f7-aaba-da29f6fc6bc6'),(18,18,1,NULL,NULL,1,'2022-12-14 13:54:15','2022-12-14 13:54:15','98ad0e59-8be0-402a-a18a-728df685ab65'),(19,19,1,NULL,NULL,1,'2022-12-14 13:55:02','2022-12-14 13:55:02','eb19bd3f-ff52-4e76-a77d-e02c5c414f2a'),(21,21,1,'home','__home__',1,'2022-12-14 14:17:38','2022-12-14 14:17:38','3c8c8387-1792-4dd9-9992-45ff59981993'),(22,22,1,'home','__home__',1,'2022-12-14 14:17:43','2022-12-14 14:17:43','157c26ae-3811-4776-ba70-459bf924f54f'),(23,23,1,'home','__home__',1,'2022-12-14 14:22:23','2022-12-14 14:22:23','ab012333-df2a-4452-916b-812330af261b'),(25,25,1,'home','__home__',1,'2022-12-14 14:22:45','2022-12-14 14:22:45','04a20f6d-cd5d-4650-9a34-60fa62ea89da'),(26,26,1,'team',NULL,1,'2022-12-14 16:25:18','2022-12-14 16:32:16','4b91685b-c386-4d83-8e27-6b6c42862859'),(27,27,1,'team','team',1,'2022-12-14 16:25:18','2022-12-14 16:25:18','ab1aa786-06cc-43fb-9195-ca26e72b7e88'),(28,28,1,'team','team',1,'2022-12-14 16:25:18','2022-12-14 16:25:18','83f48146-29a7-4b7b-9c8f-775150b139d3'),(29,29,1,'team','team',1,'2022-12-14 16:25:46','2022-12-14 16:25:46','1d276d70-fe20-4ebc-b8ca-5e08e8dbd789'),(30,30,1,'team','team',1,'2022-12-14 16:25:46','2022-12-14 16:25:46','c95c58e2-e59a-4c1f-add6-bc309e990fd5'),(31,31,1,'team','team',1,'2022-12-14 16:26:22','2022-12-14 16:26:22','5ec045c0-712a-4c9b-8296-6d1194b0a9a4'),(32,32,1,'team','https:/agency.ddev.site/team',1,'2022-12-14 16:30:22','2022-12-14 16:30:22','9810c72b-bfa6-488f-926d-9102636636f9'),(33,33,1,'team','https:/agency.ddev.site/team',1,'2022-12-14 16:30:22','2022-12-14 16:30:22','58dfef02-e31a-4b6a-9f34-8e65afd00082'),(34,34,1,'team',NULL,1,'2022-12-14 16:32:16','2022-12-14 16:32:16','16b4314c-20f8-442b-aa2c-eee14d4326ae'),(35,35,1,'team',NULL,1,'2022-12-14 16:32:16','2022-12-14 16:32:16','2de43b70-200c-4a5f-90a0-90630e649b7d'),(36,36,1,'team',NULL,1,'2022-12-14 17:03:15','2022-12-14 17:03:15','470e3203-de49-4a77-a9a4-81af326b3eaf'),(37,37,1,'team',NULL,1,'2022-12-14 17:04:01','2022-12-14 17:04:01','02968661-db42-4e90-b2f8-82b5cc32e050'),(38,38,1,'team','team/team',1,'2022-12-14 17:07:51','2022-12-16 22:07:56','19d247fe-210f-409c-882d-bb1f59b5f54f'),(39,39,1,'team','team',1,'2022-12-14 17:07:51','2022-12-14 17:07:51','169c9e09-6cfd-4e43-b315-2f6109cac7be'),(40,40,1,'team','team',1,'2022-12-14 17:07:51','2022-12-14 17:07:51','e2ef0352-ddce-466f-95ac-575a11aaaa4f'),(41,41,1,'team','team',1,'2022-12-14 17:34:40','2022-12-14 17:34:40','dbebf73c-7d40-455b-8a0b-9aac3f59b7ef'),(43,43,1,NULL,NULL,1,'2022-12-14 17:34:49','2022-12-14 17:34:49','87ce2e5f-642b-4684-829a-174c45f2a6ab'),(44,44,1,NULL,NULL,1,'2022-12-14 17:42:15','2022-12-14 17:42:15','f75565bd-73a5-4f3d-9867-f4cc212911c5'),(45,45,1,NULL,NULL,1,'2022-12-14 17:42:16','2022-12-14 17:42:16','aa26a775-22ae-4856-98ac-4a70cddf54a3'),(46,46,1,NULL,NULL,1,'2022-12-14 17:42:24','2022-12-14 17:42:24','34c08cb9-66b8-4133-84c6-6924648c19fa'),(47,47,1,NULL,NULL,1,'2022-12-14 17:42:25','2022-12-14 17:42:25','e03e1c69-78c1-4856-b113-e1adc2c2c1ab'),(49,49,1,NULL,NULL,1,'2022-12-14 17:42:31','2022-12-14 17:42:31','ec69729c-4887-47e1-b1d6-7775f3ce9439'),(50,50,1,'team','team',1,'2022-12-14 17:42:31','2022-12-14 17:42:31','16690f5b-888c-4f22-b5d2-7e1bbfbd4733'),(51,51,1,NULL,NULL,1,'2022-12-14 17:42:31','2022-12-14 17:42:31','47cd6613-31e5-4ea1-922a-b9da9694c22d'),(52,52,1,'team','team',1,'2022-12-14 17:42:39','2022-12-14 17:42:39','47302ea1-10a4-4ee2-9e71-b99c391973fd'),(53,53,1,NULL,NULL,1,'2022-12-14 17:42:39','2022-12-14 17:42:39','0099e453-5d1f-4a21-82bf-0c4be169cc50'),(55,55,1,NULL,NULL,1,'2022-12-15 10:12:58','2022-12-15 10:12:58','8e12fef0-fdf8-4575-bf3b-31bf58ad7f23'),(56,56,1,NULL,NULL,1,'2022-12-15 10:13:03','2022-12-15 10:13:03','6359a0ba-e234-45c7-a261-06542f45f398'),(57,57,1,NULL,NULL,1,'2022-12-15 10:13:06','2022-12-15 10:13:06','46c9aa99-3739-4717-ada0-78d1b4a1d03c'),(58,58,1,NULL,NULL,1,'2022-12-15 10:13:11','2022-12-15 10:13:11','05a02402-392b-40ca-85db-d7697f7e249b'),(59,59,1,NULL,NULL,1,'2022-12-15 10:13:12','2022-12-15 10:13:12','0e3417f2-796e-4c7d-bb4e-8b8bb31e0607'),(60,60,1,NULL,NULL,1,'2022-12-15 10:13:12','2022-12-15 10:13:12','3feaedfa-a5dd-4193-b85a-33aa9c7386ce'),(61,61,1,NULL,NULL,1,'2022-12-15 10:13:17','2022-12-15 10:13:17','54c18514-3c02-42d6-9011-b9c8c133cac2'),(62,62,1,NULL,NULL,1,'2022-12-15 10:13:17','2022-12-15 10:13:17','c0d3f96a-63a9-42a0-85bc-51c9af0026fb'),(63,63,1,NULL,NULL,1,'2022-12-15 10:13:20','2022-12-15 10:13:20','531dc65a-4649-4363-ae45-dcace6d66a7b'),(64,64,1,NULL,NULL,1,'2022-12-15 10:13:20','2022-12-15 10:13:20','b8a68d01-840b-4715-968f-14ff90eec682'),(67,67,1,NULL,NULL,1,'2022-12-15 10:13:27','2022-12-15 10:13:27','f332908e-d69d-4f99-8cee-e1cb851a6aa5'),(68,68,1,NULL,NULL,1,'2022-12-15 10:13:27','2022-12-15 10:13:27','de2f29c7-7672-454a-a015-4606a1e63aca'),(69,69,1,'team','team',1,'2022-12-15 10:13:27','2022-12-15 10:13:27','0b1f56e9-03f8-4b07-b86a-62c416aa29c2'),(70,70,1,NULL,NULL,1,'2022-12-15 10:13:27','2022-12-15 10:13:27','a6807421-b499-4de5-9d5a-d84a168d91f1'),(71,71,1,NULL,NULL,1,'2022-12-15 10:13:27','2022-12-15 10:13:27','880c74e7-b9a3-47a2-b7bb-d848daa9dc0e'),(72,72,1,NULL,NULL,1,'2022-12-15 10:13:27','2022-12-15 10:13:27','c2fc335c-411b-4734-8634-d746fb1ca4cf'),(74,74,1,'home','__home__',1,'2022-12-15 16:18:07','2022-12-15 16:18:07','aa8909ea-d98e-40a1-b201-d1fccc5628d5'),(75,75,1,'home','__home__',1,'2022-12-15 16:32:55','2022-12-15 16:32:55','5988016e-2851-4c9d-bf61-2176cffaeb34'),(77,77,1,'home','__home__',1,'2022-12-15 16:33:14','2022-12-15 16:33:14','cfaaaef3-4e29-4e8c-9dc4-18c29d8ddca4'),(79,79,1,'home','__home__',1,'2022-12-15 16:34:03','2022-12-15 16:34:03','ef0ba223-eb87-4994-a087-9dc73f21d47e'),(81,81,1,'home','__home__',1,'2022-12-15 16:34:19','2022-12-15 16:34:19','b0194892-e98c-461f-a42e-d90c598952d3'),(82,82,1,'home','__home__',1,'2022-12-15 16:34:21','2022-12-15 16:34:21','c94e49ff-da4d-49db-8e8b-49457baf81ee'),(84,84,1,'home','__home__',1,'2022-12-15 16:36:25','2022-12-15 16:36:25','33e98ba0-82a4-47d3-93d0-c0934b571f3e'),(85,85,1,'home','__home__',1,'2022-12-15 16:37:21','2022-12-15 16:37:21','d1447d88-1514-4339-9d28-5f2849eba06a'),(87,87,1,'home','__home__',1,'2022-12-15 16:44:48','2022-12-15 16:44:48','24d77b6c-dcd6-40b7-805d-dd1513fdee7f'),(90,90,1,NULL,NULL,1,'2022-12-15 17:04:35','2022-12-15 17:04:35','ac63b59a-7cd9-4341-907c-86d9a1f0e460'),(91,91,1,NULL,NULL,1,'2022-12-15 17:04:45','2022-12-15 17:04:45','1c4d0276-d9f6-4360-ac41-2279cf20eaba'),(92,92,1,NULL,NULL,1,'2022-12-15 17:04:56','2022-12-15 17:04:56','88e6f535-fd4d-458d-8e19-f773e9f782c0'),(95,95,1,'team','team',1,'2022-12-15 17:05:25','2022-12-15 17:05:25','260485a3-7d51-45b9-92af-87da8ae29f14'),(96,96,1,NULL,NULL,1,'2022-12-15 17:05:25','2022-12-15 17:05:25','d69fe3ac-adad-418b-83c5-5a74dcf47cb3'),(97,97,1,NULL,NULL,1,'2022-12-15 17:05:25','2022-12-15 17:05:25','b41b600c-1560-4a0d-b1ed-974aaadffb6d'),(98,98,1,NULL,NULL,1,'2022-12-15 17:05:25','2022-12-15 17:05:25','a4be644f-328f-41a5-bb11-3be3ec19e14b'),(103,103,1,'team','team',1,'2022-12-15 18:29:43','2022-12-15 18:29:43','1ebe2f3f-c508-4e5f-9b4c-218504c334bc'),(104,104,1,NULL,NULL,1,'2022-12-15 18:29:43','2022-12-15 18:29:43','89e8b5a3-ca1c-4e52-a98f-1995153c6243'),(105,105,1,NULL,NULL,1,'2022-12-15 18:29:43','2022-12-15 18:29:43','3fda4d69-7447-4d08-bbbc-c66833f26900'),(106,106,1,NULL,NULL,1,'2022-12-15 18:29:43','2022-12-15 18:29:43','ab7f721d-61b5-49a4-af4d-3c6a201e77fa'),(108,108,1,'home','__home__',1,'2022-12-15 18:30:37','2022-12-15 18:30:37','94e6af99-5325-4c57-ae0a-ea50935bb8ee'),(110,110,1,'home','__home__',1,'2022-12-15 18:36:04','2022-12-15 18:36:04','c21ecf4f-a39e-4fae-94d8-308b240c4fd9'),(111,111,1,'home','__home__',1,'2022-12-15 18:47:33','2022-12-15 18:47:33','19c03d43-cf75-4e29-ab9b-df3958479f6c'),(112,112,1,'team','team',1,'2022-12-15 18:47:43','2022-12-15 18:47:43','a190086c-9225-47ac-9a0b-561f39f66476'),(113,113,1,NULL,NULL,1,'2022-12-15 18:47:43','2022-12-15 18:47:43','bc13b174-8620-47e3-bb7d-359be26b1e83'),(114,114,1,NULL,NULL,1,'2022-12-15 18:47:43','2022-12-15 18:47:43','cbd3ed1b-ef91-46be-b5ce-ca47eb5782a7'),(115,115,1,NULL,NULL,1,'2022-12-15 18:47:43','2022-12-15 18:47:43','e4999ab2-9660-4bdc-8513-6db6047db00b'),(116,116,1,'album-cover-prullaria','projects/album-cover-prullaria',1,'2022-12-15 18:48:12','2022-12-15 22:14:28','0c93effb-64ae-42eb-bbf5-30ab10ceca6b'),(117,117,1,'projects','projects',1,'2022-12-15 18:48:12','2022-12-15 18:48:12','2150f8ea-4ce4-4184-b940-a8bec3061299'),(118,118,1,'projects','projects',1,'2022-12-15 18:48:12','2022-12-15 18:48:12','beab2bc7-0f5c-46aa-b51f-ea2e338d8d14'),(119,119,1,'contact','contact',1,'2022-12-15 18:49:26','2022-12-15 18:49:26','17b04237-d4a0-40e5-b12e-ee82752a0f08'),(120,120,1,'contact','contact',1,'2022-12-15 18:49:26','2022-12-15 18:49:26','6cb2aa71-f1ff-41f8-910c-24f8788bc8be'),(121,121,1,'contact','contact',1,'2022-12-15 18:49:26','2022-12-15 18:49:26','9de99bd1-47de-4238-9623-246ebb06b979'),(122,122,1,'projects','projects',1,'2022-12-15 18:57:39','2022-12-15 18:57:39','76b78061-0349-45fb-84ea-fe3616f08eca'),(123,123,1,'projects','projects',1,'2022-12-15 18:57:39','2022-12-15 18:57:39','c543d91d-7094-466d-a966-fdcd58666933'),(124,124,1,'projects','projects',1,'2022-12-15 18:57:39','2022-12-15 18:57:39','205a06d8-1a8e-4f3e-b29c-a9dcf3c2713b'),(125,125,1,'contact','contact',1,'2022-12-15 18:57:46','2022-12-15 18:57:46','5c101054-1a0a-45e2-a0ec-d577246531c9'),(126,126,1,'contact','contact',1,'2022-12-15 18:57:46','2022-12-15 18:57:46','c31f1d5e-c021-4d1b-8873-7665c19212a8'),(127,127,1,'contact','contact',1,'2022-12-15 18:57:46','2022-12-15 18:57:46','a1edec1c-354e-424f-8fd6-440f8daff1f7'),(128,128,1,'projects','projects',1,'2022-12-15 18:58:12','2022-12-15 18:58:12','63825b75-a063-453a-9de6-be4b6428423a'),(129,129,1,'projects','projects',1,'2022-12-15 18:58:43','2022-12-15 18:58:43','db0afc11-c90b-44ce-adc9-bf4ca6447c3c'),(131,131,1,'projects','projects',1,'2022-12-15 18:58:59','2022-12-15 18:58:59','1034d9c2-60e6-465d-8a06-5af26323f91c'),(132,132,1,'projects',NULL,1,'2022-12-15 19:30:03','2022-12-15 19:36:54','4a073b9b-afdf-4304-b1f9-72a299aa4bb4'),(133,133,1,NULL,NULL,1,'2022-12-15 19:33:28','2022-12-15 19:33:28','8727d25b-b0a7-4525-ba65-45ba2f0ff0e1'),(134,134,1,'projects',NULL,1,'2022-12-15 19:36:54','2022-12-15 19:36:54','dae976a4-54c1-48e8-84c0-84a43d805baa'),(135,135,1,'projects','projects',1,'2022-12-15 19:51:55','2022-12-15 19:51:55','b8cca158-241a-4b03-88c9-d7d4c492a901'),(137,137,1,'projects',NULL,1,'2022-12-15 19:52:10','2022-12-15 19:52:10','0d06a4a4-1f8c-4460-97a7-b6f5c41b7821'),(138,138,1,'projects',NULL,1,'2022-12-15 19:53:10','2022-12-15 19:53:10','690cdb47-e4ca-4991-937c-f20ed73d8569'),(139,139,1,'projects',NULL,1,'2022-12-15 19:53:39','2022-12-15 19:53:39','8518de1f-fe0f-4358-9de9-d30a94be0ce4'),(140,140,1,'projects',NULL,1,'2022-12-15 19:53:45','2022-12-15 19:53:45','f972b659-532c-45a7-895a-1bd6dc26cc92'),(142,142,1,'projects','projects',1,'2022-12-15 19:54:34','2022-12-15 19:54:34','3a31af32-29fe-4639-846c-6529220109c9'),(143,143,1,'__temp_nmlmikiombeuobdwbsaikuwtfrjfwzuwjxbi','projects/__temp_nmlmikiombeuobdwbsaikuwtfrjfwzuwjxbi',1,'2022-12-15 19:54:36','2022-12-15 21:10:44','c3fed93d-f06f-4111-9cb2-94410088729c'),(144,144,1,'projects','projects',1,'2022-12-15 20:41:40','2022-12-15 20:41:40','242e9cb5-ce50-4c6d-87e0-abf695d82c5b'),(146,146,1,'projects','projects',1,'2022-12-15 20:49:03','2022-12-15 20:49:03','254b581a-befd-422b-ac2a-c17d83166864'),(148,148,1,'projects','projects',1,'2022-12-15 20:51:09','2022-12-15 20:51:09','a653a565-a59b-4528-b452-b8784612aa3f'),(149,149,1,'projects','projects/projects',1,'2022-12-15 21:06:49','2022-12-15 21:15:55','9965db62-69df-42f9-aafc-d43979d8b014'),(150,150,1,NULL,NULL,1,'2022-12-15 21:07:11','2022-12-15 21:07:11','4a515d80-1cba-4f35-bff3-b7394015c26a'),(151,151,1,'projects',NULL,1,'2022-12-15 21:08:14','2022-12-15 21:08:14','2112863a-b9b6-44a5-b17f-5ca4b7546ac5'),(152,152,1,'projects',NULL,1,'2022-12-15 21:08:29','2022-12-15 21:08:29','7054ac1a-e553-4e06-bcf9-55d07b11b9dd'),(153,153,1,'projects','projects',1,'2022-12-15 21:08:56','2022-12-15 21:08:56','f6b29e54-d49a-4fa7-8a64-1547fb834544'),(154,154,1,'projects','projects/projects',1,'2022-12-15 21:13:03','2022-12-15 21:13:03','a0486017-044c-4d77-b373-168a7a296821'),(155,155,1,'projects','projects/projects',1,'2022-12-15 21:13:06','2022-12-15 21:13:06','b0773391-0ad5-4ff7-93da-c148e33fee48'),(156,156,1,'projects','projects/projects',1,'2022-12-15 21:13:47','2022-12-15 21:13:47','ec65a9a1-4637-41ad-aaff-26c43b360add'),(157,157,1,'projects-2','projects/projects-2',1,'2022-12-15 21:19:49','2022-12-15 21:19:49','2f8959fc-7faa-4836-a0ce-eba42fe90a55'),(158,158,1,'projects','projects/projects',1,'2022-12-15 21:24:12','2022-12-15 21:24:12','206e0ccf-5898-44de-807c-fe41815b880d'),(160,160,1,'projects-2','projects/projects-2',1,'2022-12-15 21:28:21','2022-12-15 21:28:21','51a0fd1e-e6d8-4915-b03f-89e041087cd0'),(161,161,1,'projects-2','projects/projects-2',1,'2022-12-15 21:28:44','2022-12-15 21:28:44','ad1c57ff-bd30-48f3-9ee2-4cff80057814'),(162,162,1,'projects','projects/projects',1,'2022-12-15 21:28:47','2022-12-15 21:28:47','3fd672c6-0b72-4845-8d38-4eac5e657eb0'),(163,163,1,'projects-2','projects/projects-2',1,'2022-12-15 21:30:31','2022-12-15 21:30:31','588c249b-319f-4f21-8584-f65bb349654e'),(164,164,1,'projects-2','projects/projects-2',1,'2022-12-15 21:30:47','2022-12-15 21:30:47','5efe4f41-bb5b-4f04-8747-dcbc3173402c'),(165,165,1,'projects-2','projects/projects-2',1,'2022-12-15 21:30:49','2022-12-15 21:30:49','38b5a012-9379-4528-b08e-bbd0ab2af885'),(166,166,1,'home','__home__',1,'2022-12-15 21:37:16','2022-12-15 21:37:16','6650fc83-45bb-4b37-845b-d988c6d58676'),(168,168,1,'projects','projects/projects',1,'2022-12-15 21:38:11','2022-12-15 21:38:11','79a1dab1-c172-4c58-ace9-01330fa2ac81'),(170,170,1,'projects','projects/projects',1,'2022-12-15 21:45:21','2022-12-15 21:45:21','64af9297-7c3e-499d-a7f3-49fed4521180'),(171,171,1,'projects','projects/projects',1,'2022-12-15 21:47:05','2022-12-15 21:47:05','af2ef497-5779-4628-a0c8-43f905e92f66'),(172,172,1,'projects','projects',1,'2022-12-15 21:51:28','2022-12-15 21:53:12','d0a74b92-e5a9-4c0f-98d8-3418383e82bb'),(173,173,1,'projectss','projects',1,'2022-12-15 21:51:28','2022-12-15 21:51:28','3ca00c31-0c08-47f8-a4af-9fe3980b041d'),(174,174,1,'projectss','projects',1,'2022-12-15 21:51:28','2022-12-15 21:51:28','2828a32e-f9e6-4340-8e42-346189864421'),(175,175,1,'projectss','projects',1,'2022-12-15 21:51:43','2022-12-15 21:51:43','b586ce56-c29c-43d6-93b7-1b61233fa5b6'),(176,176,1,'projectss','projects',1,'2022-12-15 21:52:07','2022-12-15 21:52:07','2c77f414-93b8-4ac7-af8e-ca628cc4d150'),(177,177,1,'projectss','projects',1,'2022-12-15 21:52:07','2022-12-15 21:52:07','b27befac-8b28-415f-9d2f-d19a4c72221e'),(178,178,1,'projectss','projects',1,'2022-12-15 21:52:07','2022-12-15 21:52:07','19212429-8700-4aff-a83a-f5f5fafb3947'),(179,179,1,'projectss','projects',1,'2022-12-15 21:52:26','2022-12-15 21:52:26','7557c532-9e54-4c9d-a956-65f58406bad4'),(181,181,1,'projects','projects',1,'2022-12-15 21:53:12','2022-12-15 21:53:12','31c9ac6c-129b-4a47-b842-4cc72f07fecb'),(182,182,1,'projects','projects',1,'2022-12-15 21:53:50','2022-12-15 21:53:50','82ff5b6d-6db6-4450-a89d-fcd3e7b4cff8'),(183,183,1,'projects','projects',1,'2022-12-15 21:54:19','2022-12-15 21:54:19','6434307d-94ac-4e56-a88b-1c169b89a936'),(184,184,1,'projects','projects',1,'2022-12-15 21:54:20','2022-12-15 21:54:20','4f7dda71-20ee-4c27-829b-8a0883a10d8c'),(185,185,1,'projects','projects',1,'2022-12-15 21:54:20','2022-12-15 21:54:20','567cf8bd-f1be-49f4-bc4c-a0728cdc5b44'),(186,186,1,'home','__home__',1,'2022-12-15 21:55:16','2022-12-15 21:55:16','60825ba1-c45e-47b0-92ee-34abe7ebd5f9'),(187,187,1,'team','team',1,'2022-12-15 21:55:23','2022-12-15 21:55:23','0ec0ca40-a2a2-4ec3-9f00-a4b41583b96f'),(188,188,1,NULL,NULL,1,'2022-12-15 21:55:23','2022-12-15 21:55:23','0e8a1aa4-def1-4e45-a534-f04f1304ef20'),(189,189,1,NULL,NULL,1,'2022-12-15 21:55:23','2022-12-15 21:55:23','4cb00726-eae4-4964-835b-da293ba77d2d'),(190,190,1,NULL,NULL,1,'2022-12-15 21:55:23','2022-12-15 21:55:23','cb45e25f-54d1-4ef3-905f-e247045ff95e'),(191,191,1,'projects','projects',1,'2022-12-15 21:55:44','2022-12-15 21:55:44','7367f9eb-634a-4f86-b8f4-72daa9da9fcc'),(192,192,1,'projects','projects',1,'2022-12-15 21:55:44','2022-12-15 21:55:44','ef49edcb-dbfb-4f22-bf58-fc3a7ccbe464'),(193,193,1,'kendrick-mobile-website','projects/kendrick-mobile-website',1,'2022-12-15 22:00:33','2022-12-15 22:00:50','e68164b2-e8ed-4d3c-a716-9051cd6ab16d'),(194,194,1,'kendrick-mobile-website','projects/kendrick-mobile-website',1,'2022-12-15 22:01:28','2022-12-15 22:01:28','07c64901-c2d2-4475-bef8-68d1d49ff98b'),(196,196,1,NULL,NULL,1,'2022-12-15 22:07:24','2022-12-15 22:07:24','f0d6f976-5285-453f-aaee-a9009a360cb4'),(197,197,1,'kendrick-mobile-website','projects/kendrick-mobile-website',1,'2022-12-15 22:07:27','2022-12-15 22:07:27','bb7a562b-a4ad-4b45-839c-fb3bd61df91d'),(198,198,1,'projects','projects/projects',1,'2022-12-15 22:08:39','2022-12-15 22:08:39','aa1a9e9e-17c4-432e-9ade-0329a76fb9f9'),(199,199,1,'kendrick-mobile-website','projects/kendrick-mobile-website',1,'2022-12-15 22:08:45','2022-12-15 22:08:45','453876fa-1906-42c4-9a99-6c06a2fcc239'),(200,200,1,'kendrick-mobile-website','projects/kendrick-mobile-website',1,'2022-12-15 22:09:29','2022-12-15 22:09:29','0a8eae40-f2be-4308-86fb-d3389d1946c5'),(202,202,1,'album-cover-prullaria','projects/album-cover-prullaria',1,'2022-12-15 22:14:28','2022-12-15 22:14:28','504e0403-fd4f-4a3d-873e-071ab2f05d86'),(204,204,1,'home','__home__',1,'2022-12-16 10:03:53','2022-12-16 10:03:53','b79536f4-5275-4c1c-9cef-0d335a97f1e2'),(206,206,1,'home','__home__',1,'2022-12-16 10:05:24','2022-12-16 10:05:24','aeb68f21-94ee-4751-a284-acd21255e98c'),(209,209,1,NULL,NULL,1,'2022-12-16 15:35:49','2022-12-16 15:35:49','8cb31812-d1d1-413f-898d-8f212c3884dd'),(210,210,1,'team','team',1,'2022-12-16 15:35:52','2022-12-16 15:35:52','79670489-bc92-4f49-8fe0-521c3764126f'),(211,211,1,NULL,NULL,1,'2022-12-16 15:35:52','2022-12-16 15:35:52','08bbfedb-0344-4335-8083-14ca4c676742'),(212,212,1,NULL,NULL,1,'2022-12-16 15:35:52','2022-12-16 15:35:52','0f9e08a8-00ff-4d03-bce0-c6142ffbdda7'),(213,213,1,NULL,NULL,1,'2022-12-16 15:35:52','2022-12-16 15:35:52','ab85e9fc-84a6-495b-a763-da2c2c93e3c1'),(216,216,1,NULL,NULL,1,'2022-12-16 15:49:24','2022-12-16 15:49:24','65ffac04-8421-4223-8572-2017efb285c3'),(217,217,1,NULL,NULL,1,'2022-12-16 15:49:35','2022-12-16 15:49:35','bacc6de0-6e75-4a4e-b806-a37c1ff5925e'),(219,219,1,'team','team',1,'2022-12-16 15:49:49','2022-12-16 15:49:49','d1d67ccf-5d7e-47f7-800c-6b75341c3d8e'),(220,220,1,NULL,NULL,1,'2022-12-16 15:49:49','2022-12-16 15:49:49','539d87d7-f760-4b5a-9c21-da0fe6f3ac58'),(221,221,1,NULL,NULL,1,'2022-12-16 15:49:49','2022-12-16 15:49:49','6d636a69-e60b-4205-95af-d64363ec00fe'),(222,222,1,NULL,NULL,1,'2022-12-16 15:49:49','2022-12-16 15:49:49','5557f20e-ff4d-44ed-beb1-e2f94e08ba7f'),(224,224,1,'album-cover-prullaria','projects/album-cover-prullaria',1,'2022-12-16 15:59:03','2022-12-16 15:59:03','2ae3120f-18ee-446e-98b2-ce6bfa940c8a'),(226,226,1,'album-cover-prullaria','projects/album-cover-prullaria',1,'2022-12-16 16:00:24','2022-12-16 16:00:24','54ff2e63-7279-4046-832c-b0d5b8b88efb'),(228,228,1,'kendrick-mobile-website','projects/kendrick-mobile-website',1,'2022-12-16 16:02:04','2022-12-16 16:02:04','4ad20df8-db0a-4a36-87a8-f98b698a8088'),(229,229,1,'kendrick-mobile-website','projects/kendrick-mobile-website',1,'2022-12-16 16:02:08','2022-12-16 16:02:08','8ad51497-ff54-4084-926f-12242e7fc379'),(231,231,1,'kendrick-mobile-website','projects/kendrick-mobile-website',1,'2022-12-16 16:10:43','2022-12-16 16:10:43','bff9f08e-553e-40e9-a93a-f35c1959dea8'),(232,232,1,'kendrick-mobile-website','projects/kendrick-mobile-website',1,'2022-12-16 16:10:45','2022-12-16 16:10:45','6a53c166-0479-49ed-9a92-867485f776a5'),(233,233,1,NULL,NULL,1,'2022-12-16 16:13:23','2022-12-16 16:13:23','771b851a-dad2-43e8-9c66-09c78305a8e3'),(234,234,1,NULL,NULL,1,'2022-12-16 16:16:14','2022-12-16 16:16:14','fada4ff0-c55b-44f0-a5ba-9fd345fce6e4'),(235,235,1,NULL,NULL,1,'2022-12-16 16:16:14','2022-12-16 16:16:14','3186c7e2-93de-4538-9f09-3f8e596b4d04'),(236,236,1,NULL,NULL,1,'2022-12-16 16:16:14','2022-12-16 16:16:14','954648b7-f78d-4d65-8ff7-576c35171370'),(238,238,1,'kendrick-mobile-website','projects/kendrick-mobile-website',1,'2022-12-16 16:34:38','2022-12-16 16:34:38','2d5f38eb-0365-4d17-9773-b15e5b8865f2'),(240,240,1,'kendrick-mobile-website','projects/kendrick-mobile-website',1,'2022-12-16 16:35:25','2022-12-16 16:35:25','28baf3d7-b991-48a4-b710-d58c2d077c30'),(241,241,1,'website','work/website',1,'2022-12-16 17:09:05','2022-12-16 19:59:48','28572281-d78a-43b4-838b-a7c74d00f217'),(242,242,1,'projects','projects',1,'2022-12-16 17:11:54','2022-12-16 17:11:54','d150b28d-a94b-4a69-be90-35e84424bc87'),(243,243,1,'projects','projects',1,'2022-12-16 17:12:32','2022-12-16 17:12:32','85da08cf-d3c4-436d-b7b3-14e7edbe89f4'),(244,244,1,'projects','projects',1,'2022-12-16 17:12:39','2022-12-16 17:12:39','d9455cf2-0a49-4649-b05e-34ed457a1535'),(246,246,1,'kendrick-mobile-website','projects/kendrick-mobile-website',1,'2022-12-16 17:13:51','2022-12-16 17:13:51','7b6ebd7c-e135-4929-aad8-8d14a2bc0123'),(248,248,1,'kendrick-mobile-website','projects/kendrick-mobile-website',1,'2022-12-16 19:37:55','2022-12-16 19:37:55','3202421d-7d15-4937-8a66-5febca2e7e16'),(249,249,1,'kendrick-mobile-website','projects/kendrick-mobile-website',1,'2022-12-16 19:40:05','2022-12-16 19:40:05','337bc71e-0c64-47a8-a0f1-48fce893fbbe'),(250,250,1,'kendrick-mobile-website','projects/kendrick-mobile-website',1,'2022-12-16 19:51:27','2022-12-16 19:51:27','5420c6b9-0c8d-4541-b49b-0905b6feb2f2'),(251,251,1,'album-cover-prullaria','projects/album-cover-prullaria',1,'2022-12-16 19:51:34','2022-12-16 19:51:34','3232b5a9-d84b-47f8-b693-f8c258674e68'),(252,252,1,'design','work/design',1,'2022-12-16 20:37:00','2022-12-16 21:30:00','7f728dbc-218e-4fdf-8859-6e6ca648248a'),(254,254,1,'album-cover-prullaria','projects/album-cover-prullaria',1,'2022-12-16 20:37:57','2022-12-16 20:37:57','e1a67267-a1cc-4fb6-ad87-afb4ae271e16'),(255,255,1,'function','work/function',1,'2022-12-16 21:17:23','2022-12-16 21:17:28','5180cc1b-cfa2-490f-96d0-d973627e25fe'),(256,256,1,'ux-researcher','work/ux-researcher',1,'2022-12-16 21:17:33','2022-12-16 21:17:39','083686b9-5eb6-416e-9b37-5fc7a1270e36'),(257,257,1,'work','work/work',1,'2022-12-16 21:18:35','2022-12-16 21:18:48','a562d1ff-1b6d-48d4-9986-9ab756c11393'),(258,258,1,'type-of-work','work/type-of-work',1,'2022-12-16 21:19:57','2022-12-16 21:20:23','2f372166-59b6-49de-8eaf-ed85da4ae271'),(260,260,1,'ux-designer','function/ux-designer',1,'2022-12-16 21:28:08','2022-12-16 21:28:13','95fcd23d-1005-4fb9-927e-6faa94274549'),(265,265,1,'team','team',1,'2022-12-16 21:28:38','2022-12-16 21:28:38','4c497ea0-ae77-4eec-a024-10dfb2dd69d9'),(266,266,1,NULL,NULL,1,'2022-12-16 21:28:38','2022-12-16 21:28:38','9472a5b7-875d-4abc-b3eb-bd70642dacad'),(267,267,1,NULL,NULL,1,'2022-12-16 21:28:38','2022-12-16 21:28:38','a22a52a0-98d1-494e-8e13-1fcc2b84f6e2'),(268,268,1,NULL,NULL,1,'2022-12-16 21:28:38','2022-12-16 21:28:38','e8f1510d-5098-46ce-a2fd-25c7655c6c9c'),(269,269,1,'team','team',1,'2022-12-16 21:29:38','2022-12-16 21:29:38','641fb896-206c-473f-a51f-fe835b16dd57'),(270,270,1,NULL,NULL,1,'2022-12-16 21:29:38','2022-12-16 21:29:38','92cfbe70-eefe-4b9a-8f3b-f3a318bef5a6'),(271,271,1,NULL,NULL,1,'2022-12-16 21:29:38','2022-12-16 21:29:38','3e9aba3a-32be-4371-ac83-09cb76617e9d'),(272,272,1,NULL,NULL,1,'2022-12-16 21:29:38','2022-12-16 21:29:38','4c408476-cb55-45c0-84d6-81072c66e6f0'),(274,274,1,'designer','function/designer',1,'2022-12-16 21:40:53','2022-12-16 21:40:57','9db8e8c4-45df-4cf7-b757-16fc2d885aa2'),(275,275,1,'ceo','function/ceo',1,'2022-12-16 21:41:07','2022-12-16 21:41:09','ae103d4f-4397-4826-8648-d4924806241c'),(276,276,1,'developer','function/developer',1,'2022-12-16 21:41:12','2022-12-16 21:41:34','1e83b7e5-c13c-4844-a5f1-16957256c5c8'),(277,277,1,'ux-researcher','function/ux-researcher',1,'2022-12-16 21:41:46','2022-12-16 21:41:52','9f03ccaf-6389-4777-a5fd-3e84de3fabf4'),(282,282,1,'team','team',1,'2022-12-16 21:42:37','2022-12-16 21:42:37','17b5c143-55c5-4757-8337-39e24186806b'),(283,283,1,NULL,NULL,1,'2022-12-16 21:42:37','2022-12-16 21:42:37','d26ed9c9-0e06-4548-9347-a9412adfbe41'),(284,284,1,NULL,NULL,1,'2022-12-16 21:42:37','2022-12-16 21:42:37','581906f7-3d30-449b-a87d-b541e38b3188'),(285,285,1,NULL,NULL,1,'2022-12-16 21:42:37','2022-12-16 21:42:37','086e6bf3-7ef1-4e16-aa11-3ff090e8af5c'),(288,288,1,'team','team',1,'2022-12-16 21:46:22','2022-12-16 21:46:22','c8f44b05-43ce-45c0-bbec-f1fb3a96de0a'),(289,289,1,NULL,NULL,1,'2022-12-16 21:46:22','2022-12-16 21:46:22','943d62b9-eb0b-42f5-b549-b58dcefdb6df'),(290,290,1,NULL,NULL,1,'2022-12-16 21:46:22','2022-12-16 21:46:22','cb442749-cc08-4d0d-89a4-9c48cbe10735'),(291,291,1,NULL,NULL,1,'2022-12-16 21:46:22','2022-12-16 21:46:22','646744b6-7770-4375-938d-dba762d17a1e'),(292,292,1,'team-members','team',1,'2022-12-16 22:06:47','2022-12-16 22:08:09','d4fad289-b3d5-42d2-9f5b-72816c1ce35d'),(293,293,1,'team-members','team-members',1,'2022-12-16 22:06:47','2022-12-16 22:06:47','aca1f2b9-b0b2-4ab4-a00d-9936f4388d4a'),(294,294,1,'team-members','team-members',1,'2022-12-16 22:06:47','2022-12-16 22:06:47','0adaa753-63b1-41c8-809b-1606e16cfec9'),(295,295,1,'team-members','team-members',1,'2022-12-16 22:06:50','2022-12-16 22:06:50','9867d57c-ad59-4b42-a2db-0877007a61d8'),(296,296,1,'team-members','team-members',1,'2022-12-16 22:07:05','2022-12-16 22:07:05','1398476c-d62c-4569-93ee-7846063e67f4'),(297,297,1,'projects','projects',1,'2022-12-16 22:07:08','2022-12-16 22:07:08','f5ce4152-c4db-439c-b4c2-ffcdcdf5621c'),(298,298,1,'projects','projects',1,'2022-12-16 22:07:49','2022-12-16 22:07:49','f4bc3015-cdc6-4667-bed2-6d1c81e01067'),(299,299,1,'team-members','team',1,'2022-12-16 22:08:09','2022-12-16 22:08:09','ea96e460-3046-4dcc-a36e-14ee147a7ce6'),(300,300,1,'team-members','team',1,'2022-12-16 22:08:09','2022-12-16 22:08:09','2fd250c4-71d3-47bc-b266-46220b12850a'),(301,301,1,'team-members','team',1,'2022-12-16 22:08:27','2022-12-16 22:08:27','0fa12454-8694-46b3-a93a-3202500ec952'),(302,302,1,'projects','projects',1,'2022-12-16 22:08:47','2022-12-16 22:08:47','e9482be5-1635-453a-8202-e59c42eaec9f'),(303,303,1,'team-members','team',1,'2022-12-16 22:09:02','2022-12-16 22:09:02','80b1e8fb-707b-4a22-a559-f999c9a18d24'),(304,304,1,'team-members','team',1,'2022-12-16 22:09:02','2022-12-16 22:09:02','6a120b7d-1952-4af9-9598-b9cbfa32b45b'),(305,305,1,'team-members','team',1,'2022-12-16 22:12:54','2022-12-16 22:12:54','e1773a3c-4efc-4279-853e-d12716a77022'),(306,306,1,'team-members','team',1,'2022-12-16 22:13:04','2022-12-16 22:13:04','eba72955-6665-4a48-9cfa-b074f9a7990b'),(307,307,1,'projects','projects',1,'2022-12-16 22:13:13','2022-12-16 22:13:13','446619c9-7d36-477d-8904-b0b4d2030ac4'),(308,308,1,'projects','projects',1,'2022-12-16 22:13:17','2022-12-16 22:13:17','7c3d7608-2865-4149-963f-b786a7b34b28'),(309,309,1,'team','team/team',1,'2022-12-16 22:16:39','2022-12-16 22:16:39','ac30990f-bae7-4543-883e-6236d864cabd'),(310,310,1,NULL,NULL,1,'2022-12-16 22:16:39','2022-12-16 22:16:39','adb814ba-747b-44d3-8b4d-0885cc423084'),(311,311,1,NULL,NULL,1,'2022-12-16 22:16:39','2022-12-16 22:16:39','3a04dfa4-7c7d-4b91-bd3a-b61b85343a2b'),(312,312,1,NULL,NULL,1,'2022-12-16 22:16:39','2022-12-16 22:16:39','8c0daa64-0457-4ad9-983f-3fdfe86a81bd'),(313,313,1,'team','team/team',1,'2022-12-16 22:16:54','2022-12-16 22:16:54','dcf8c311-a490-47df-835b-c4edbfe86a35'),(314,314,1,NULL,NULL,1,'2022-12-16 22:16:54','2022-12-16 22:16:54','7c20c2d6-c03a-4eea-8cd9-8ce3d4455948'),(315,315,1,NULL,NULL,1,'2022-12-16 22:16:54','2022-12-16 22:16:54','83939388-0597-4137-8ef1-9148ffee15a8'),(316,316,1,NULL,NULL,1,'2022-12-16 22:16:54','2022-12-16 22:16:54','2ef3c675-01ac-48d1-8669-e27024f184cd'),(317,317,1,'team','team/team',1,'2022-12-16 22:18:23','2022-12-16 22:18:23','1872f6ef-3eaf-40ee-a1ec-f0b30b9b3b62'),(318,318,1,NULL,NULL,1,'2022-12-16 22:18:23','2022-12-16 22:18:23','6c9d5574-c7ae-4234-bea4-f553bf943587'),(319,319,1,NULL,NULL,1,'2022-12-16 22:18:23','2022-12-16 22:18:23','9b55702c-224e-4427-956a-0fe25c2efcdf'),(320,320,1,NULL,NULL,1,'2022-12-16 22:18:23','2022-12-16 22:18:23','cf71f82b-74c3-4edc-821c-1631c8e1362c'),(321,321,1,'team','team/team',1,'2022-12-16 22:23:04','2022-12-16 22:23:04','937c7063-63dc-4046-bebb-351b59ef5ed8'),(322,322,1,NULL,NULL,1,'2022-12-16 22:23:04','2022-12-16 22:23:04','9c5728b9-0640-4cdf-8e66-52e6c5bd3871'),(323,323,1,NULL,NULL,1,'2022-12-16 22:23:04','2022-12-16 22:23:04','9ee4ac27-4b58-4937-b0e0-8d8d2ee11c9d'),(324,324,1,NULL,NULL,1,'2022-12-16 22:23:04','2022-12-16 22:23:04','b062a784-0dba-413d-b6d4-dbf4e4986543'),(325,325,1,'team-members','team',1,'2022-12-16 22:23:10','2022-12-16 22:23:10','0e86c85a-c190-4910-bb4b-c1dee3f10425'),(326,326,1,NULL,NULL,1,'2022-12-16 22:23:10','2022-12-16 22:23:10','5a5042fe-a2fb-46af-9a0f-e39c781e89fb'),(327,327,1,'kendrick-mobile-website','projects/kendrick-mobile-website',1,'2022-12-16 22:24:03','2022-12-16 22:24:03','e63af83a-e2dd-4163-870b-a477327ef9cb'),(328,328,1,'team-members','team',1,'2022-12-16 22:26:59','2022-12-16 22:26:59','16697022-b112-4851-9b75-29984740a6f7'),(329,329,1,'kendrick-mobile-website','projects/kendrick-mobile-website',1,'2022-12-16 22:27:24','2022-12-16 22:27:24','2101db41-9a55-4e5a-92ad-90031c1c97f9'),(330,330,1,'team','team/team',1,'2022-12-16 22:27:30','2022-12-16 22:27:30','93d5540d-b798-444b-aa9c-63929659ff56'),(331,331,1,NULL,NULL,1,'2022-12-16 22:27:30','2022-12-16 22:27:30','92589c8b-bec2-402c-8ba1-837bdde3193d'),(332,332,1,NULL,NULL,1,'2022-12-16 22:27:30','2022-12-16 22:27:30','72a412ee-08b6-419e-9b23-0cb614c579f5'),(333,333,1,NULL,NULL,1,'2022-12-16 22:27:30','2022-12-16 22:27:30','f5d8d7a8-d3b0-46db-90fe-afa08b01133d'),(334,334,1,'kendrick-mobile-website','projects/kendrick-mobile-website',1,'2022-12-16 22:27:34','2022-12-16 22:27:34','ef237482-53ba-4583-be41-2ed2678d1918'),(335,335,1,'team','team/team',1,'2022-12-16 22:29:38','2022-12-16 22:29:38','ef4b9115-1238-4dde-9ae8-e32b80a77811'),(336,336,1,NULL,NULL,1,'2022-12-16 22:29:38','2022-12-16 22:29:38','250d2aa5-7d11-4f37-b72f-8e12e2947dde'),(337,337,1,NULL,NULL,1,'2022-12-16 22:29:38','2022-12-16 22:29:38','2a14ad5d-7dbf-4795-8b04-b6e708126959'),(338,338,1,NULL,NULL,1,'2022-12-16 22:29:38','2022-12-16 22:29:38','b61d8487-e864-460b-a90d-7616c5992ed4'),(339,339,1,'team','team/team',1,'2022-12-16 22:38:04','2022-12-16 22:38:04','ad17539d-3768-4f3e-9f81-dcec64091bd7'),(340,340,1,NULL,NULL,1,'2022-12-16 22:38:04','2022-12-16 22:38:04','42df4c80-013e-42a2-904e-9439524c634b'),(341,341,1,NULL,NULL,1,'2022-12-16 22:38:04','2022-12-16 22:38:04','ae6ffb90-51ae-4b8f-b674-37f41739af64'),(342,342,1,NULL,NULL,1,'2022-12-16 22:38:04','2022-12-16 22:38:04','7b437a5b-51ef-4442-aa76-dc2d8490f1f8'),(343,343,1,'team','team/team',1,'2022-12-16 22:38:17','2022-12-16 22:38:17','0e6d575a-9e89-4400-a3e2-b5aedfa75f55'),(344,344,1,NULL,NULL,1,'2022-12-16 22:38:17','2022-12-16 22:38:17','4dc63a13-5a13-44e4-8c3c-ccc7aa213ad1'),(345,345,1,NULL,NULL,1,'2022-12-16 22:38:17','2022-12-16 22:38:17','892baf54-9efa-412a-869c-c639927246a9'),(346,346,1,NULL,NULL,1,'2022-12-16 22:38:17','2022-12-16 22:38:17','d65553b5-3554-4456-9d68-d320c2ade4ad'),(347,347,1,'team','team/team',1,'2022-12-16 22:38:25','2022-12-16 22:38:25','a112746c-1b95-4a89-a3bb-59d655381374'),(348,348,1,NULL,NULL,1,'2022-12-16 22:38:25','2022-12-16 22:38:25','427abacd-cc0c-4f92-8810-4a6cfc9791e3'),(349,349,1,NULL,NULL,1,'2022-12-16 22:38:25','2022-12-16 22:38:25','57ed36c4-f305-4b96-b89f-5e8af382d06f'),(350,350,1,NULL,NULL,1,'2022-12-16 22:38:25','2022-12-16 22:38:25','9f8178dd-ab20-4fe1-a31a-ffac3ee9967f'),(351,351,1,'team','team/team',1,'2022-12-16 22:38:34','2022-12-16 22:38:34','0babd4a0-b4ab-4a2a-af06-31c8e16cdff7'),(352,352,1,NULL,NULL,1,'2022-12-16 22:38:34','2022-12-16 22:38:34','c3f5d05c-d923-42f0-b607-9a5506fd4463'),(353,353,1,NULL,NULL,1,'2022-12-16 22:38:34','2022-12-16 22:38:34','8a83190b-636c-42a3-8d3b-6ab4286f9e0d'),(354,354,1,NULL,NULL,1,'2022-12-16 22:38:34','2022-12-16 22:38:34','3c26c65f-1aef-4e11-8881-bf2e2a8e7f4b'),(355,355,1,'team','team/team',1,'2022-12-16 22:42:13','2022-12-16 22:42:13','2728b675-93d6-40ae-bb9c-135ef0204935'),(356,356,1,NULL,NULL,1,'2022-12-16 22:42:13','2022-12-16 22:42:13','91ab5bf5-9edd-4c66-a9b4-ad7ae7fe75a3'),(357,357,1,NULL,NULL,1,'2022-12-16 22:42:13','2022-12-16 22:42:13','44773815-86af-4f27-a6f6-9cbcedcbb0bc'),(358,358,1,NULL,NULL,1,'2022-12-16 22:42:13','2022-12-16 22:42:13','d2cefe50-93a0-414c-a313-a79f63120da7'),(359,359,1,'team','team/team',1,'2022-12-16 22:43:17','2022-12-16 22:43:17','96d3e7fc-00a6-421b-8b2d-fd5edadd57fb'),(360,360,1,NULL,NULL,1,'2022-12-16 22:43:17','2022-12-16 22:43:17','dfddf5ee-c308-43db-98fa-9f51200776e2'),(361,361,1,NULL,NULL,1,'2022-12-16 22:43:17','2022-12-16 22:43:17','4ad9a56f-65c5-4ac6-b533-f1f7f2b584d7'),(362,362,1,NULL,NULL,1,'2022-12-16 22:43:17','2022-12-16 22:43:17','b0c7eb05-f2fa-47d8-9cd3-04e2d4e4c0c8'),(363,363,1,'projects','projects',1,'2022-12-16 22:44:02','2022-12-16 22:44:02','c33574af-3c7e-4eb3-87b6-a9637686d63b'),(364,364,1,'team','team/team',1,'2022-12-16 22:45:01','2022-12-16 22:45:01','6d521140-e335-41b3-ac67-639c00a1e158'),(365,365,1,NULL,NULL,1,'2022-12-16 22:45:01','2022-12-16 22:45:01','36d45380-4803-4bd4-a544-78b63484cda2'),(366,366,1,NULL,NULL,1,'2022-12-16 22:45:01','2022-12-16 22:45:01','8b94a7d9-4ecf-49ce-b04c-934fef929a21'),(367,367,1,NULL,NULL,1,'2022-12-16 22:45:01','2022-12-16 22:45:01','7e58e217-cc80-415d-9848-e76199f5185f'),(368,368,1,'team-2','team/team-2',1,'2022-12-16 22:50:43','2022-12-16 22:51:15','c0a71ce3-4850-4fd3-8ede-3087a7d16715'),(369,369,1,'team-2','team/team-2',1,'2022-12-16 22:51:15','2022-12-16 22:51:15','fa5d1401-117b-4ffa-ae68-5e6c42749b87'),(370,370,1,'team-2','team/team-2',1,'2022-12-16 22:51:30','2022-12-16 22:51:30','510f99bd-dedd-475f-a768-3c1073c8d5d7'),(371,371,1,'team-2','team/team-2',1,'2022-12-16 22:52:49','2022-12-16 22:52:49','dbfa5847-f68f-486a-bb90-a9c45830e917'),(372,372,1,'team-2','team/team-2',1,'2022-12-16 22:56:02','2022-12-16 22:56:02','7e4f2388-df1b-41f5-90cb-68db3a9b809c'),(373,373,1,'__temp_wljblgcpxxriubsabqwxnsdsfjkracmkmqid','team/__temp_wljblgcpxxriubsabqwxnsdsfjkracmkmqid',1,'2022-12-16 22:56:03','2022-12-16 22:56:03','e29971ab-1504-4e51-86b9-03a1a8d52c90'),(374,374,1,'team-2','team/team-2',1,'2022-12-16 22:56:42','2022-12-16 22:56:42','cbbe313d-a4ac-4066-b8b1-c9d14d962bbc'),(375,375,1,'team-2','team/team-2',1,'2022-12-16 22:56:50','2022-12-16 22:56:50','07ed2740-791d-449d-ab88-d5c5bf60c6a7'),(376,376,1,'team-2','team/team-2',1,'2022-12-16 22:57:03','2022-12-16 22:57:03','09f637e5-01b7-41cc-9f18-30f7abeaf9e0'),(377,377,1,'team-2','team/team-2',1,'2022-12-16 22:57:06','2022-12-16 22:57:06','f2362e10-9752-4019-8806-ddb52bb08d50'),(378,378,1,'kendrick-mobile-website','projects/kendrick-mobile-website',1,'2022-12-16 22:57:17','2022-12-16 22:57:17','70c235a5-cc75-449d-a477-b529e65c78fe'),(379,379,1,'team-2','team/team-2',1,'2022-12-16 22:58:57','2022-12-16 22:58:57','4884c1e6-ca38-4a93-a71b-a9248c28c807'),(380,380,1,'__temp_zhttbrdhzcdzceksduanpnodbuvakfafikoi','team/__temp_zhttbrdhzcdzceksduanpnodbuvakfafikoi',1,'2022-12-16 22:59:09','2022-12-16 22:59:09','9201039f-cf3a-4f9b-8dc2-4f15b1a4c7da'),(381,381,1,'projects','projects',1,'2022-12-16 23:02:35','2022-12-16 23:02:35','362cec0e-62b9-4579-8887-1a3ed76f84f2'),(382,382,1,'team-list','team',1,'2022-12-16 23:03:07','2022-12-16 23:03:41','5a575064-f116-4570-b475-1d9a326b93c5'),(383,383,1,'team-list',NULL,1,'2022-12-16 23:03:07','2022-12-16 23:03:07','40fa0c76-23e0-4ed1-a730-5a7c56602a4f'),(384,384,1,'team-list',NULL,1,'2022-12-16 23:03:07','2022-12-16 23:03:07','865c6852-297a-47c2-93ac-97d7f8b66a4b'),(385,385,1,'team-list',NULL,1,'2022-12-16 23:03:07','2022-12-16 23:03:07','ccea6dfd-b5b9-4296-a53d-39c3b3c99871'),(386,386,1,'team-list','team',1,'2022-12-16 23:03:41','2022-12-16 23:03:41','1195ea2b-2d65-4c1f-9c75-27efbd9e2a99'),(387,387,1,'team-list','team',1,'2022-12-16 23:03:41','2022-12-16 23:03:41','5ba091fe-f314-4371-a6f0-9593ca2e59c8'),(388,388,1,'team-list','team',1,'2022-12-16 23:05:39','2022-12-16 23:05:39','ba62d438-086b-4bd8-bcf3-f33c07caf43f'),(389,389,1,'kendrick-mobile-website','projects/kendrick-mobile-website',1,'2022-12-16 23:08:43','2022-12-16 23:08:43','8a036095-64ff-488e-89dd-c7058c60c1f3'),(390,390,1,'__temp_vmcmykzhntqrpmfladdjtidrnpesddvvtowl','team/__temp_vmcmykzhntqrpmfladdjtidrnpesddvvtowl',1,'2022-12-16 23:10:41','2022-12-16 23:10:41','4bdb8aa3-fafd-442e-a9fc-2d8fb077a4a4'),(391,391,1,'__temp_mbxyfumazizschvzgascdjvejlmtrujfrbcw','team/__temp_mbxyfumazizschvzgascdjvejlmtrujfrbcw',1,'2022-12-16 23:10:56','2022-12-16 23:10:56','fd804d60-e3b7-4011-baea-2a02603986ba'),(392,392,1,'thomas','team/thomas',1,'2022-12-16 23:11:37','2022-12-16 23:11:41','7897a015-02b9-43c8-a293-728be8f6aefc'),(393,393,1,'thomas','team/thomas',1,'2022-12-16 23:11:59','2022-12-16 23:11:59','67e2f90f-604a-41a0-b35d-5c9f83290815'),(394,394,1,'senne','team/senne',1,'2022-12-16 23:12:01','2022-12-16 23:12:04','bce2f316-8ac3-4f5c-96b0-2d2aee56b4fd'),(395,395,1,'senne','team/senne',1,'2022-12-16 23:12:13','2022-12-16 23:12:13','30af6247-2e9f-4d96-85dc-fd6552c57963'),(396,396,1,'kasper','team/kasper',1,'2022-12-16 23:12:14','2022-12-16 23:12:18','a118e9a2-ae8d-4b36-ba78-a3d7cef815be'),(397,397,1,'kasper','team/kasper',1,'2022-12-16 23:12:27','2022-12-16 23:12:27','b79bd9ec-d5b5-47c7-a0bc-2a8849650f5f'),(398,398,1,'thomas','team/thomas',1,'2022-12-16 23:14:03','2022-12-16 23:14:03','7e56fe29-3c4b-4c94-9176-9f08f9b0fd9a'),(399,399,1,'thomas','team/thomas',1,'2022-12-16 23:15:40','2022-12-16 23:15:43','80c6275b-7c66-433e-b88e-c95ec7384801'),(400,400,1,'thomas','team/thomas',1,'2022-12-16 23:15:51','2022-12-16 23:15:51','a55592c7-fd61-45bd-b220-29c0490f1692'),(401,401,1,'bas','team/bas',1,'2022-12-16 23:37:13','2022-12-16 23:37:19','ec708198-1ed5-4468-8d4a-a0bfc5badb78'),(402,402,1,'bas','team/bas',1,'2022-12-16 23:44:29','2022-12-16 23:44:29','9c539ec9-e487-4e79-96cf-58ba6deb1b31'),(404,404,1,NULL,NULL,1,'2022-12-16 23:47:55','2022-12-16 23:47:55','a2e0c8ef-9b6b-4b16-8fc2-aa6b52dc152c'),(405,405,1,'bas','team/bas',1,'2022-12-16 23:47:59','2022-12-16 23:47:59','b91d2c7a-7c17-4410-b62f-e6802e6cd21b'),(406,406,1,'tibo','team/tibo',1,'2022-12-16 23:50:47','2022-12-16 23:50:52','b30f0401-f7f7-4c65-8d74-d6c7aa84ce2e'),(407,407,1,NULL,NULL,1,'2022-12-16 23:51:00','2022-12-16 23:51:00','4da81414-ed43-46d2-85f1-093aadf494ff'),(408,408,1,'tibo','team/tibo',1,'2022-12-16 23:51:09','2022-12-16 23:51:09','5475e842-6cc3-46bc-9b41-6ebbf8930dd1'),(410,410,1,'thomas','team/thomas',1,'2022-12-17 09:10:47','2022-12-17 09:10:47','a5e4f98a-92c5-4f49-8e43-1c5dd081a966'),(411,411,1,'thomas','team/thomas',1,'2022-12-17 09:10:54','2022-12-17 09:10:54','cbffb9bf-4617-4845-81cf-6d5fde4bf910'),(413,413,1,'senne','team/senne',1,'2022-12-17 09:11:23','2022-12-17 09:11:23','0511ced8-7823-4321-9a1b-5c5186a0280a'),(415,415,1,'kasper','team/kasper',1,'2022-12-17 09:14:50','2022-12-17 09:14:50','c88ee911-1f23-47f2-84ea-116759f4ab87'),(416,416,1,NULL,NULL,1,'2022-12-17 09:35:39','2022-12-17 09:35:39','656d2367-adca-436c-ad43-7bddaff5ae56'),(417,417,1,'oktobers-sharing-spree','projects/oktobers-sharing-spree',1,'2022-12-17 09:48:36','2022-12-17 09:48:47','4f9d6281-0604-4f5a-9c22-b93faf66c9fc'),(418,418,1,NULL,NULL,1,'2022-12-17 09:49:04','2022-12-17 09:49:04','fc750dba-bb1f-4086-a0ed-0847f70f1f88'),(419,419,1,'oktobers-sharing-spree','projects/oktobers-sharing-spree',1,'2022-12-17 09:50:22','2022-12-17 09:50:22','6c0e0d28-371b-4aff-af27-af93694afedd'),(421,421,1,'oktobers-sharing-spree','projects/oktobers-sharing-spree',1,'2022-12-17 09:51:45','2022-12-17 09:51:45','29347d46-b9b5-459b-97e6-19b655631508'),(423,423,1,'oktobers-sharing-spree','projects/oktobers-sharing-spree',1,'2022-12-17 09:52:10','2022-12-17 09:52:10','56c6b655-86aa-4692-b1fa-3884d22d5b8c'),(424,424,1,'contact','contact',1,'2022-12-17 09:58:56','2022-12-17 09:58:56','fd256cd6-6431-4630-8266-e3f61d88844d'),(425,425,1,'contact','contact',1,'2022-12-17 09:59:08','2022-12-17 09:59:08','2234e31a-5fbd-49ce-8e2f-462219d7946d'),(426,426,1,'contact','contact',1,'2022-12-17 10:04:22','2022-12-17 10:04:22','ad5566f4-a6f8-41ab-aecf-43a29f11da0e'),(428,428,1,NULL,NULL,1,'2022-12-17 10:04:28','2022-12-17 10:04:28','47ecc68b-0009-43e4-ab2f-e3b89df6a085'),(429,429,1,NULL,NULL,1,'2022-12-17 10:05:25','2022-12-17 10:05:25','e487eb9b-8268-4aab-aa56-ad081bbb9722'),(430,430,1,NULL,NULL,1,'2022-12-17 10:05:27','2022-12-17 10:05:27','04b32e99-191c-4aa0-8cb7-0828cc136b00'),(431,431,1,NULL,NULL,1,'2022-12-17 10:05:53','2022-12-17 10:05:53','e89274d9-89fe-44b2-937a-2f1f05412442'),(433,433,1,NULL,NULL,1,'2022-12-17 10:06:43','2022-12-17 10:06:43','6ba04152-65f6-4d22-b06e-21c0719c6b24'),(434,434,1,'contact','contact',1,'2022-12-17 10:06:43','2022-12-17 10:06:43','25c3d6cb-18bc-4f8b-8642-c6fc2da9b682'),(435,435,1,NULL,NULL,1,'2022-12-17 10:06:43','2022-12-17 10:06:43','51edf1b0-a2da-482a-b0e5-b6b2f1a28d76'),(437,437,1,NULL,NULL,1,'2022-12-17 10:06:47','2022-12-17 10:06:47','b418c39a-709c-4678-8fb6-c4e7f9a84060'),(438,438,1,NULL,NULL,1,'2022-12-17 10:07:13','2022-12-17 10:07:13','755a9d30-3837-44c9-b025-87a6c726492b'),(439,439,1,NULL,NULL,1,'2022-12-17 10:07:13','2022-12-17 10:07:13','c83c0920-3872-4da7-b9c7-d1bc6265e6c6'),(440,440,1,NULL,NULL,1,'2022-12-17 10:07:20','2022-12-17 10:07:20','c491511d-36b8-4d26-ad74-521ef0a61332'),(441,441,1,NULL,NULL,1,'2022-12-17 10:07:22','2022-12-17 10:07:22','a5c6c8ac-65c0-434e-a4ff-1c9c0c2652ea'),(442,442,1,NULL,NULL,1,'2022-12-17 10:07:36','2022-12-17 10:07:36','118ef3a6-7262-4932-8432-612d29ebb48d'),(443,443,1,NULL,NULL,1,'2022-12-17 10:07:38','2022-12-17 10:07:38','1ad7faa7-998d-45d1-82d6-8cbfccfdc82c'),(445,445,1,NULL,NULL,1,'2022-12-17 10:07:44','2022-12-17 10:07:44','c6a26933-c658-4ca3-9d67-506fadfcb94c'),(446,446,1,NULL,NULL,1,'2022-12-17 10:07:44','2022-12-17 10:07:44','1d3c9121-8915-495a-b859-fa3fe0967bbb'),(447,447,1,NULL,NULL,1,'2022-12-17 10:07:47','2022-12-17 10:07:47','da6def17-4215-4616-8ffc-732c724816b4'),(448,448,1,NULL,NULL,1,'2022-12-17 10:07:47','2022-12-17 10:07:47','f3d844db-2c3f-4dee-96fe-1aab6b5b2a71'),(449,449,1,NULL,NULL,1,'2022-12-17 10:07:49','2022-12-17 10:07:49','927c084b-7663-4b5e-97ab-52561d955075'),(450,450,1,NULL,NULL,1,'2022-12-17 10:07:49','2022-12-17 10:07:49','71aaf331-fa12-47ae-b669-cef094aca23b'),(451,451,1,NULL,NULL,1,'2022-12-17 10:07:50','2022-12-17 10:07:50','10ab2e8e-a660-4898-9cab-894268d8b821'),(452,452,1,NULL,NULL,1,'2022-12-17 10:07:50','2022-12-17 10:07:50','e0926eeb-d098-4d33-8330-c654a179a928'),(453,453,1,NULL,NULL,1,'2022-12-17 10:08:45','2022-12-17 10:08:45','fdffb520-330a-4ccc-969b-296e9b939c82'),(456,456,1,NULL,NULL,1,'2022-12-17 10:08:52','2022-12-17 10:08:52','5967e094-435d-4631-bb5d-5dc3b85a7446'),(457,457,1,NULL,NULL,1,'2022-12-17 10:08:52','2022-12-17 10:08:52','ec9912f5-ef69-4506-ab66-ad7ef41b17d3'),(458,458,1,'contact','contact',1,'2022-12-17 10:08:52','2022-12-17 10:08:52','b289e01e-09dd-464b-8cef-0c7c90f31c08'),(459,459,1,NULL,NULL,1,'2022-12-17 10:08:52','2022-12-17 10:08:52','18c37530-6a99-4d3e-9d88-49317322be26'),(460,460,1,NULL,NULL,1,'2022-12-17 10:08:52','2022-12-17 10:08:52','af8ec6e7-558a-49b0-a259-fe6f888ac91a'),(461,461,1,NULL,NULL,1,'2022-12-17 10:08:52','2022-12-17 10:08:52','883184aa-4743-495f-9380-1fdc73c7dd1a'),(462,462,1,'contact','contact',1,'2022-12-17 10:12:00','2022-12-17 10:12:00','ad093657-7225-4cd5-910a-a690b3dc85f0'),(463,463,1,NULL,NULL,1,'2022-12-17 10:12:00','2022-12-17 10:12:00','b8d24fdf-04ed-4f8d-a971-5344e8c80b06'),(464,464,1,NULL,NULL,1,'2022-12-17 10:12:00','2022-12-17 10:12:00','4d9a364e-d92b-48ac-800e-53e3908a4617'),(465,465,1,NULL,NULL,1,'2022-12-17 10:12:00','2022-12-17 10:12:00','2087c119-f841-4667-9116-c95327ef6687'),(468,468,1,NULL,NULL,1,'2022-12-17 10:17:57','2022-12-17 10:17:57','0fabbdfe-ddad-4283-95b2-21da28edd439'),(469,469,1,'contact','contact',1,'2022-12-17 10:18:06','2022-12-17 10:18:06','bfedeb7b-9d2e-4c01-94a3-e0676bdacdb3'),(470,470,1,NULL,NULL,1,'2022-12-17 10:18:06','2022-12-17 10:18:06','d7d49c59-40fa-40e3-b91b-f28e7ce2ec9c'),(471,471,1,NULL,NULL,1,'2022-12-17 10:18:06','2022-12-17 10:18:06','59807700-6634-42a6-9a93-c8efa417faa8'),(472,472,1,NULL,NULL,1,'2022-12-17 10:18:06','2022-12-17 10:18:06','2c862b37-287e-4cd3-906a-4a145dc2c1d2'),(473,473,1,'contact','contact',1,'2022-12-17 12:37:14','2022-12-17 12:37:14','46231464-c621-4a06-87f9-35bed5870d7e'),(474,474,1,NULL,NULL,1,'2022-12-17 12:37:14','2022-12-17 12:37:14','94820dfb-951f-40f6-9810-46163a13e1d0'),(475,475,1,NULL,NULL,1,'2022-12-17 12:37:14','2022-12-17 12:37:14','d293e25e-8b41-4153-a604-8ea659c0ebdb'),(476,476,1,NULL,NULL,1,'2022-12-17 12:37:14','2022-12-17 12:37:14','3da650d0-96dc-4373-98b3-e9ff88939af7'),(477,477,1,'contact','contact',1,'2022-12-17 12:38:23','2022-12-17 12:38:23','820e00e6-a50c-4a25-93f8-dbf747ec23e3'),(478,478,1,NULL,NULL,1,'2022-12-17 12:38:23','2022-12-17 12:38:23','8d49b539-1861-41c7-b8a1-40a60ea21b33'),(479,479,1,NULL,NULL,1,'2022-12-17 12:38:23','2022-12-17 12:38:23','2cb0e235-1a1a-4205-9bdb-0a57597daa45'),(480,480,1,NULL,NULL,1,'2022-12-17 12:38:23','2022-12-17 12:38:23','49b6c94b-b97b-49d9-996a-6a32548e4bb7'),(481,481,1,NULL,NULL,1,'2022-12-17 12:39:06','2022-12-17 12:39:06','36bb9f26-450b-4ea3-9b37-50085648acc7'),(483,483,1,'contact','contact',1,'2022-12-17 12:39:18','2022-12-17 12:39:18','86e8a942-b913-43e3-aa82-2a8650c9398c'),(484,484,1,NULL,NULL,1,'2022-12-17 12:39:18','2022-12-17 12:39:18','96dde874-0bd3-4304-97db-f741069f27ab'),(485,485,1,NULL,NULL,1,'2022-12-17 12:39:18','2022-12-17 12:39:18','d3ff378f-67dd-4de2-b6d6-0f4670e1835b'),(486,486,1,NULL,NULL,1,'2022-12-17 12:39:18','2022-12-17 12:39:18','1379960f-4e90-4af9-b904-ae6c9df829e6');
/*!40000 ALTER TABLE `elements_sites` ENABLE KEYS */;
UNLOCK TABLES;
commit;

--
-- Dumping data for table `entries`
--

LOCK TABLES `entries` WRITE;
/*!40000 ALTER TABLE `entries` DISABLE KEYS */;
set autocommit=0;
INSERT INTO `entries` VALUES (2,1,NULL,1,NULL,'2022-12-14 12:50:00',NULL,NULL,'2022-12-14 12:50:05','2022-12-14 12:50:05'),(3,1,NULL,1,NULL,'2022-12-14 12:50:00',NULL,NULL,'2022-12-14 12:50:05','2022-12-14 12:50:05'),(4,1,NULL,1,NULL,'2022-12-14 12:50:00',NULL,NULL,'2022-12-14 12:50:05','2022-12-14 12:50:05'),(5,1,NULL,1,NULL,'2022-12-14 12:50:00',NULL,NULL,'2022-12-14 13:29:00','2022-12-14 13:29:00'),(21,1,NULL,1,NULL,'2022-12-14 12:50:00',NULL,NULL,'2022-12-14 14:17:38','2022-12-14 14:17:38'),(22,1,NULL,1,NULL,'2022-12-14 12:50:00',NULL,NULL,'2022-12-14 14:17:43','2022-12-14 14:17:43'),(23,1,NULL,1,NULL,'2022-12-14 12:50:00',NULL,NULL,'2022-12-14 14:22:23','2022-12-14 14:22:23'),(25,1,NULL,1,NULL,'2022-12-14 12:50:00',NULL,NULL,'2022-12-14 14:22:45','2022-12-14 14:22:45'),(26,2,NULL,2,1,'2022-12-14 16:25:00',NULL,1,'2022-12-14 16:25:18','2022-12-14 17:07:20'),(27,2,NULL,2,NULL,'2022-12-14 16:25:00',NULL,NULL,'2022-12-14 16:25:18','2022-12-14 16:25:18'),(28,2,NULL,2,NULL,'2022-12-14 16:25:00',NULL,NULL,'2022-12-14 16:25:18','2022-12-14 16:25:18'),(29,2,NULL,2,NULL,'2022-12-14 16:25:00',NULL,NULL,'2022-12-14 16:25:46','2022-12-14 16:25:46'),(30,2,NULL,2,NULL,'2022-12-14 16:25:00',NULL,NULL,'2022-12-14 16:25:46','2022-12-14 16:25:46'),(31,2,NULL,2,NULL,'2022-12-14 16:25:00',NULL,NULL,'2022-12-14 16:26:22','2022-12-14 16:26:22'),(32,2,NULL,2,NULL,'2022-12-14 16:25:00',NULL,NULL,'2022-12-14 16:30:22','2022-12-14 16:30:22'),(33,2,NULL,2,NULL,'2022-12-14 16:25:00',NULL,NULL,'2022-12-14 16:30:22','2022-12-14 16:30:22'),(34,2,NULL,2,NULL,'2022-12-14 16:25:00',NULL,NULL,'2022-12-14 16:32:16','2022-12-14 16:32:16'),(35,2,NULL,2,NULL,'2022-12-14 16:25:00',NULL,NULL,'2022-12-14 16:32:16','2022-12-14 16:32:16'),(36,2,NULL,2,NULL,'2022-12-14 16:25:00',NULL,NULL,'2022-12-14 17:03:15','2022-12-14 17:03:15'),(37,2,NULL,2,NULL,'2022-12-14 16:25:00',NULL,NULL,'2022-12-14 17:04:01','2022-12-14 17:04:01'),(38,3,NULL,3,1,'2022-12-14 17:07:00',NULL,1,'2022-12-14 17:07:51','2022-12-16 22:02:03'),(39,3,NULL,3,NULL,'2022-12-14 17:07:00',NULL,NULL,'2022-12-14 17:07:51','2022-12-14 17:07:51'),(40,3,NULL,3,NULL,'2022-12-14 17:07:00',NULL,NULL,'2022-12-14 17:07:51','2022-12-14 17:07:51'),(41,3,NULL,3,NULL,'2022-12-14 17:07:00',NULL,NULL,'2022-12-14 17:34:40','2022-12-14 17:34:40'),(50,3,NULL,3,NULL,'2022-12-14 17:07:00',NULL,NULL,'2022-12-14 17:42:31','2022-12-14 17:42:31'),(52,3,NULL,3,NULL,'2022-12-14 17:07:00',NULL,NULL,'2022-12-14 17:42:39','2022-12-14 17:42:39'),(69,3,NULL,3,NULL,'2022-12-14 17:07:00',NULL,NULL,'2022-12-15 10:13:27','2022-12-15 10:13:27'),(74,1,NULL,1,NULL,'2022-12-14 12:50:00',NULL,NULL,'2022-12-15 16:18:07','2022-12-15 16:18:07'),(75,1,NULL,1,NULL,'2022-12-14 12:50:00',NULL,NULL,'2022-12-15 16:32:55','2022-12-15 16:32:55'),(77,1,NULL,1,NULL,'2022-12-14 12:50:00',NULL,NULL,'2022-12-15 16:33:14','2022-12-15 16:33:14'),(79,1,NULL,1,NULL,'2022-12-14 12:50:00',NULL,NULL,'2022-12-15 16:34:03','2022-12-15 16:34:03'),(81,1,NULL,1,NULL,'2022-12-14 12:50:00',NULL,NULL,'2022-12-15 16:34:19','2022-12-15 16:34:19'),(82,1,NULL,1,NULL,'2022-12-14 12:50:00',NULL,NULL,'2022-12-15 16:34:21','2022-12-15 16:34:21'),(84,1,NULL,1,NULL,'2022-12-14 12:50:00',NULL,NULL,'2022-12-15 16:36:25','2022-12-15 16:36:25'),(85,1,NULL,1,NULL,'2022-12-14 12:50:00',NULL,NULL,'2022-12-15 16:37:21','2022-12-15 16:37:21'),(87,1,NULL,1,NULL,'2022-12-14 12:50:00',NULL,NULL,'2022-12-15 16:44:48','2022-12-15 16:44:48'),(95,3,NULL,3,NULL,'2022-12-14 17:07:00',NULL,NULL,'2022-12-15 17:05:25','2022-12-15 17:05:25'),(103,3,NULL,3,NULL,'2022-12-14 17:07:00',NULL,NULL,'2022-12-15 18:29:43','2022-12-15 18:29:43'),(108,1,NULL,1,NULL,'2022-12-14 12:50:00',NULL,NULL,'2022-12-15 18:30:37','2022-12-15 18:30:37'),(110,1,NULL,1,NULL,'2022-12-14 12:50:00',NULL,NULL,'2022-12-15 18:36:04','2022-12-15 18:36:04'),(111,1,NULL,1,NULL,'2022-12-14 12:50:00',NULL,NULL,'2022-12-15 18:47:33','2022-12-15 18:47:33'),(112,3,NULL,3,NULL,'2022-12-14 17:07:00',NULL,NULL,'2022-12-15 18:47:43','2022-12-15 18:47:43'),(116,4,NULL,4,1,'2022-12-15 18:48:00',NULL,NULL,'2022-12-15 18:48:12','2022-12-15 18:59:56'),(117,4,NULL,4,NULL,'2022-12-15 18:48:00',NULL,NULL,'2022-12-15 18:48:12','2022-12-15 18:48:12'),(118,4,NULL,4,NULL,'2022-12-15 18:48:00',NULL,NULL,'2022-12-15 18:48:12','2022-12-15 18:48:12'),(119,5,NULL,5,NULL,'2022-12-15 18:49:00',NULL,NULL,'2022-12-15 18:49:26','2022-12-15 18:49:26'),(120,5,NULL,5,NULL,'2022-12-15 18:49:00',NULL,NULL,'2022-12-15 18:49:26','2022-12-15 18:49:26'),(121,5,NULL,5,NULL,'2022-12-15 18:49:00',NULL,NULL,'2022-12-15 18:49:26','2022-12-15 18:49:26'),(122,4,NULL,4,NULL,'2022-12-15 18:48:00',NULL,NULL,'2022-12-15 18:57:39','2022-12-15 18:57:39'),(123,4,NULL,4,NULL,'2022-12-15 18:48:00',NULL,NULL,'2022-12-15 18:57:39','2022-12-15 18:57:39'),(124,4,NULL,4,NULL,'2022-12-15 18:48:00',NULL,NULL,'2022-12-15 18:57:39','2022-12-15 18:57:39'),(125,5,NULL,5,NULL,'2022-12-15 18:49:00',NULL,NULL,'2022-12-15 18:57:46','2022-12-15 18:57:46'),(126,5,NULL,5,NULL,'2022-12-15 18:49:00',NULL,NULL,'2022-12-15 18:57:46','2022-12-15 18:57:46'),(127,5,NULL,5,NULL,'2022-12-15 18:49:00',NULL,NULL,'2022-12-15 18:57:46','2022-12-15 18:57:46'),(128,4,NULL,4,NULL,'2022-12-15 18:48:00',NULL,NULL,'2022-12-15 18:58:12','2022-12-15 18:58:12'),(129,4,NULL,4,NULL,'2022-12-15 18:48:00',NULL,NULL,'2022-12-15 18:58:43','2022-12-15 18:58:43'),(131,4,NULL,4,NULL,'2022-12-15 18:48:00',NULL,NULL,'2022-12-15 18:58:59','2022-12-15 18:58:59'),(132,4,NULL,4,1,'2022-12-15 19:36:00',NULL,0,'2022-12-15 19:30:03','2022-12-15 19:36:54'),(134,4,NULL,4,1,'2022-12-15 19:36:00',NULL,NULL,'2022-12-15 19:36:54','2022-12-15 19:36:54'),(135,4,NULL,4,1,'2022-12-15 18:48:00',NULL,NULL,'2022-12-15 19:51:55','2022-12-15 19:51:55'),(137,4,NULL,4,1,'2022-12-15 19:36:00',NULL,NULL,'2022-12-15 19:52:10','2022-12-15 19:52:10'),(138,4,NULL,4,1,'2022-12-15 19:36:00',NULL,NULL,'2022-12-15 19:53:10','2022-12-15 19:53:10'),(139,4,NULL,4,1,'2022-12-15 19:36:00',NULL,NULL,'2022-12-15 19:53:39','2022-12-15 19:53:39'),(140,4,NULL,4,1,'2022-12-15 19:36:00',NULL,NULL,'2022-12-15 19:53:45','2022-12-15 19:53:45'),(142,4,NULL,4,1,'2022-12-15 18:48:00',NULL,NULL,'2022-12-15 19:54:34','2022-12-15 19:54:34'),(143,4,NULL,4,1,'2022-12-15 19:54:36',NULL,0,'2022-12-15 19:54:36','2022-12-15 19:54:36'),(144,4,NULL,4,1,'2022-12-15 18:48:00',NULL,NULL,'2022-12-15 20:41:40','2022-12-15 20:41:40'),(146,4,NULL,4,1,'2022-12-15 18:48:00',NULL,NULL,'2022-12-15 20:49:03','2022-12-15 20:49:03'),(148,4,NULL,4,1,'2022-12-15 18:48:00',NULL,NULL,'2022-12-15 20:51:09','2022-12-15 20:51:09'),(149,4,NULL,4,1,'2022-12-15 21:08:00',NULL,0,'2022-12-15 21:06:49','2022-12-15 21:08:14'),(151,4,NULL,4,1,'2022-12-15 21:08:00',NULL,NULL,'2022-12-15 21:08:14','2022-12-15 21:08:14'),(152,4,NULL,4,1,'2022-12-15 21:08:00',NULL,NULL,'2022-12-15 21:08:29','2022-12-15 21:08:29'),(153,4,NULL,4,1,'2022-12-15 18:48:00',NULL,NULL,'2022-12-15 21:08:56','2022-12-15 21:08:56'),(154,4,NULL,4,1,'2022-12-15 21:08:00',NULL,NULL,'2022-12-15 21:13:03','2022-12-15 21:13:03'),(155,4,NULL,4,1,'2022-12-15 21:08:00',NULL,NULL,'2022-12-15 21:13:06','2022-12-15 21:13:06'),(156,4,NULL,4,1,'2022-12-15 21:08:00',NULL,NULL,'2022-12-15 21:13:47','2022-12-15 21:13:47'),(157,4,NULL,4,1,'2022-12-15 18:48:00',NULL,NULL,'2022-12-15 21:19:49','2022-12-15 21:19:49'),(158,4,NULL,4,1,'2022-12-15 21:08:00',NULL,NULL,'2022-12-15 21:24:12','2022-12-15 21:24:12'),(160,4,NULL,4,1,'2022-12-15 18:48:00',NULL,NULL,'2022-12-15 21:28:21','2022-12-15 21:28:21'),(161,4,NULL,4,1,'2022-12-15 18:48:00',NULL,NULL,'2022-12-15 21:28:44','2022-12-15 21:28:44'),(162,4,NULL,4,1,'2022-12-15 21:08:00',NULL,NULL,'2022-12-15 21:28:47','2022-12-15 21:28:47'),(163,4,NULL,4,1,'2022-12-15 18:48:00',NULL,NULL,'2022-12-15 21:30:31','2022-12-15 21:30:31'),(164,4,NULL,4,1,'2022-12-15 18:48:00',NULL,NULL,'2022-12-15 21:30:47','2022-12-15 21:30:47'),(165,4,NULL,4,1,'2022-12-15 18:48:00',NULL,NULL,'2022-12-15 21:30:49','2022-12-15 21:30:49'),(166,1,NULL,1,NULL,'2022-12-14 12:50:00',NULL,NULL,'2022-12-15 21:37:16','2022-12-15 21:37:16'),(168,4,NULL,4,1,'2022-12-15 18:48:00',NULL,NULL,'2022-12-15 21:38:11','2022-12-15 21:38:11'),(170,4,NULL,4,1,'2022-12-15 18:48:00',NULL,NULL,'2022-12-15 21:45:21','2022-12-15 21:45:21'),(171,4,NULL,4,1,'2022-12-15 18:48:00',NULL,NULL,'2022-12-15 21:47:05','2022-12-15 21:47:05'),(172,6,NULL,6,NULL,'2022-12-15 21:51:00',NULL,NULL,'2022-12-15 21:51:28','2022-12-15 21:51:28'),(173,6,NULL,6,NULL,'2022-12-15 21:51:00',NULL,NULL,'2022-12-15 21:51:28','2022-12-15 21:51:28'),(174,6,NULL,6,NULL,'2022-12-15 21:51:00',NULL,NULL,'2022-12-15 21:51:28','2022-12-15 21:51:28'),(175,6,NULL,6,NULL,'2022-12-15 21:51:00',NULL,NULL,'2022-12-15 21:51:43','2022-12-15 21:51:43'),(176,6,NULL,6,NULL,'2022-12-15 21:51:00',NULL,NULL,'2022-12-15 21:52:07','2022-12-15 21:52:07'),(177,6,NULL,6,NULL,'2022-12-15 21:51:00',NULL,NULL,'2022-12-15 21:52:07','2022-12-15 21:52:07'),(178,6,NULL,6,NULL,'2022-12-15 21:51:00',NULL,NULL,'2022-12-15 21:52:07','2022-12-15 21:52:07'),(179,6,NULL,6,NULL,'2022-12-15 21:51:00',NULL,NULL,'2022-12-15 21:52:26','2022-12-15 21:52:26'),(181,6,NULL,6,NULL,'2022-12-15 21:51:00',NULL,NULL,'2022-12-15 21:53:12','2022-12-15 21:53:12'),(182,6,NULL,6,NULL,'2022-12-15 21:51:00',NULL,NULL,'2022-12-15 21:53:50','2022-12-15 21:53:50'),(183,6,NULL,6,NULL,'2022-12-15 21:51:00',NULL,NULL,'2022-12-15 21:54:19','2022-12-15 21:54:19'),(184,6,NULL,6,NULL,'2022-12-15 21:51:00',NULL,NULL,'2022-12-15 21:54:20','2022-12-15 21:54:20'),(185,6,NULL,6,NULL,'2022-12-15 21:51:00',NULL,NULL,'2022-12-15 21:54:20','2022-12-15 21:54:20'),(186,1,NULL,1,NULL,'2022-12-14 12:50:00',NULL,NULL,'2022-12-15 21:55:16','2022-12-15 21:55:16'),(187,3,NULL,3,NULL,'2022-12-14 17:07:00',NULL,NULL,'2022-12-15 21:55:23','2022-12-15 21:55:23'),(191,6,NULL,6,NULL,'2022-12-15 21:51:00',NULL,NULL,'2022-12-15 21:55:44','2022-12-15 21:55:44'),(192,6,NULL,6,NULL,'2022-12-15 21:51:00',NULL,NULL,'2022-12-15 21:55:44','2022-12-15 21:55:44'),(193,4,NULL,4,1,'2022-12-15 22:01:00',NULL,NULL,'2022-12-15 22:00:33','2022-12-15 22:01:28'),(194,4,NULL,4,1,'2022-12-15 22:01:00',NULL,NULL,'2022-12-15 22:01:28','2022-12-15 22:01:28'),(197,4,NULL,4,1,'2022-12-15 22:01:00',NULL,NULL,'2022-12-15 22:07:27','2022-12-15 22:07:27'),(198,4,NULL,4,1,'2022-12-15 18:48:00',NULL,NULL,'2022-12-15 22:08:39','2022-12-15 22:08:39'),(199,4,NULL,4,1,'2022-12-15 22:01:00',NULL,NULL,'2022-12-15 22:08:45','2022-12-15 22:08:45'),(200,4,NULL,4,1,'2022-12-15 22:01:00',NULL,NULL,'2022-12-15 22:09:29','2022-12-15 22:09:29'),(202,4,NULL,4,1,'2022-12-15 18:48:00',NULL,NULL,'2022-12-15 22:14:28','2022-12-15 22:14:28'),(204,1,NULL,1,NULL,'2022-12-14 12:50:00',NULL,NULL,'2022-12-16 10:03:53','2022-12-16 10:03:53'),(206,1,NULL,1,NULL,'2022-12-14 12:50:00',NULL,NULL,'2022-12-16 10:05:24','2022-12-16 10:05:24'),(210,3,NULL,3,NULL,'2022-12-14 17:07:00',NULL,NULL,'2022-12-16 15:35:52','2022-12-16 15:35:52'),(219,3,NULL,3,NULL,'2022-12-14 17:07:00',NULL,NULL,'2022-12-16 15:49:49','2022-12-16 15:49:49'),(224,4,NULL,4,1,'2022-12-15 18:48:00',NULL,NULL,'2022-12-16 15:59:03','2022-12-16 15:59:03'),(226,4,NULL,4,1,'2022-12-15 18:48:00',NULL,NULL,'2022-12-16 16:00:24','2022-12-16 16:00:24'),(228,4,NULL,4,1,'2022-12-15 22:01:00',NULL,NULL,'2022-12-16 16:02:04','2022-12-16 16:02:04'),(229,4,NULL,4,1,'2022-12-15 22:01:00',NULL,NULL,'2022-12-16 16:02:08','2022-12-16 16:02:08'),(231,4,NULL,4,1,'2022-12-15 22:01:00',NULL,NULL,'2022-12-16 16:10:43','2022-12-16 16:10:43'),(232,4,NULL,4,1,'2022-12-15 22:01:00',NULL,NULL,'2022-12-16 16:10:45','2022-12-16 16:10:45'),(238,4,NULL,4,1,'2022-12-15 22:01:00',NULL,NULL,'2022-12-16 16:34:38','2022-12-16 16:34:38'),(240,4,NULL,4,1,'2022-12-15 22:01:00',NULL,NULL,'2022-12-16 16:35:25','2022-12-16 16:35:25'),(242,6,NULL,6,NULL,'2022-12-15 21:51:00',NULL,NULL,'2022-12-16 17:11:54','2022-12-16 17:11:54'),(243,6,NULL,6,NULL,'2022-12-15 21:51:00',NULL,NULL,'2022-12-16 17:12:32','2022-12-16 17:12:32'),(244,6,NULL,6,NULL,'2022-12-15 21:51:00',NULL,NULL,'2022-12-16 17:12:39','2022-12-16 17:12:39'),(246,4,NULL,4,1,'2022-12-15 22:01:00',NULL,NULL,'2022-12-16 17:13:51','2022-12-16 17:13:51'),(248,4,NULL,4,1,'2022-12-15 22:01:00',NULL,NULL,'2022-12-16 19:37:55','2022-12-16 19:37:55'),(249,4,NULL,4,1,'2022-12-15 22:01:00',NULL,NULL,'2022-12-16 19:40:05','2022-12-16 19:40:05'),(250,4,NULL,4,1,'2022-12-15 22:01:00',NULL,NULL,'2022-12-16 19:51:27','2022-12-16 19:51:27'),(251,4,NULL,4,1,'2022-12-15 18:48:00',NULL,NULL,'2022-12-16 19:51:34','2022-12-16 19:51:34'),(254,4,NULL,4,1,'2022-12-15 18:48:00',NULL,NULL,'2022-12-16 20:37:57','2022-12-16 20:37:57'),(265,3,NULL,3,NULL,'2022-12-14 17:07:00',NULL,NULL,'2022-12-16 21:28:38','2022-12-16 21:28:38'),(269,3,NULL,3,NULL,'2022-12-14 17:07:00',NULL,NULL,'2022-12-16 21:29:38','2022-12-16 21:29:38'),(282,3,NULL,3,NULL,'2022-12-14 17:07:00',NULL,NULL,'2022-12-16 21:42:37','2022-12-16 21:42:37'),(288,3,NULL,3,NULL,'2022-12-14 17:07:00',NULL,NULL,'2022-12-16 21:46:22','2022-12-16 21:46:22'),(292,7,NULL,7,NULL,'2022-12-16 22:06:00',NULL,1,'2022-12-16 22:06:47','2022-12-16 22:06:47'),(293,7,NULL,7,NULL,'2022-12-16 22:06:00',NULL,NULL,'2022-12-16 22:06:47','2022-12-16 22:06:47'),(294,7,NULL,7,NULL,'2022-12-16 22:06:00',NULL,NULL,'2022-12-16 22:06:47','2022-12-16 22:06:47'),(295,7,NULL,7,NULL,'2022-12-16 22:06:00',NULL,NULL,'2022-12-16 22:06:50','2022-12-16 22:06:50'),(296,7,NULL,7,NULL,'2022-12-16 22:06:00',NULL,NULL,'2022-12-16 22:07:05','2022-12-16 22:07:05'),(297,6,NULL,6,NULL,'2022-12-15 21:51:00',NULL,NULL,'2022-12-16 22:07:08','2022-12-16 22:07:08'),(298,6,NULL,6,NULL,'2022-12-15 21:51:00',NULL,NULL,'2022-12-16 22:07:49','2022-12-16 22:07:49'),(299,7,NULL,7,NULL,'2022-12-16 22:06:00',NULL,NULL,'2022-12-16 22:08:09','2022-12-16 22:08:09'),(300,7,NULL,7,NULL,'2022-12-16 22:06:00',NULL,NULL,'2022-12-16 22:08:09','2022-12-16 22:08:09'),(301,7,NULL,7,NULL,'2022-12-16 22:06:00',NULL,NULL,'2022-12-16 22:08:27','2022-12-16 22:08:27'),(302,6,NULL,6,NULL,'2022-12-15 21:51:00',NULL,NULL,'2022-12-16 22:08:47','2022-12-16 22:08:47'),(303,7,NULL,7,NULL,'2022-12-16 22:06:00',NULL,NULL,'2022-12-16 22:09:02','2022-12-16 22:09:02'),(304,7,NULL,7,NULL,'2022-12-16 22:06:00',NULL,NULL,'2022-12-16 22:09:02','2022-12-16 22:09:02'),(305,7,NULL,7,NULL,'2022-12-16 22:06:00',NULL,NULL,'2022-12-16 22:12:54','2022-12-16 22:12:54'),(306,7,NULL,7,NULL,'2022-12-16 22:06:00',NULL,NULL,'2022-12-16 22:13:04','2022-12-16 22:13:04'),(307,6,NULL,6,NULL,'2022-12-15 21:51:00',NULL,NULL,'2022-12-16 22:13:13','2022-12-16 22:13:13'),(308,6,NULL,6,NULL,'2022-12-15 21:51:00',NULL,NULL,'2022-12-16 22:13:17','2022-12-16 22:13:17'),(309,3,NULL,3,1,'2022-12-14 17:07:00',NULL,NULL,'2022-12-16 22:16:39','2022-12-16 22:16:39'),(313,3,NULL,3,1,'2022-12-14 17:07:00',NULL,NULL,'2022-12-16 22:16:54','2022-12-16 22:16:54'),(317,3,NULL,3,1,'2022-12-14 17:07:00',NULL,NULL,'2022-12-16 22:18:23','2022-12-16 22:18:23'),(321,3,NULL,3,1,'2022-12-14 17:07:00',NULL,NULL,'2022-12-16 22:23:04','2022-12-16 22:23:04'),(325,7,NULL,7,NULL,'2022-12-16 22:06:00',NULL,NULL,'2022-12-16 22:23:10','2022-12-16 22:23:10'),(327,4,NULL,4,1,'2022-12-15 22:01:00',NULL,NULL,'2022-12-16 22:24:03','2022-12-16 22:24:03'),(328,7,NULL,7,NULL,'2022-12-16 22:06:00',NULL,NULL,'2022-12-16 22:26:59','2022-12-16 22:26:59'),(329,4,NULL,4,1,'2022-12-15 22:01:00',NULL,NULL,'2022-12-16 22:27:24','2022-12-16 22:27:24'),(330,3,NULL,3,1,'2022-12-14 17:07:00',NULL,NULL,'2022-12-16 22:27:30','2022-12-16 22:27:30'),(334,4,NULL,4,1,'2022-12-15 22:01:00',NULL,NULL,'2022-12-16 22:27:34','2022-12-16 22:27:34'),(335,3,NULL,3,1,'2022-12-14 17:07:00',NULL,NULL,'2022-12-16 22:29:38','2022-12-16 22:29:38'),(339,3,NULL,3,1,'2022-12-14 17:07:00',NULL,NULL,'2022-12-16 22:38:04','2022-12-16 22:38:04'),(343,3,NULL,3,1,'2022-12-14 17:07:00',NULL,NULL,'2022-12-16 22:38:17','2022-12-16 22:38:17'),(347,3,NULL,3,1,'2022-12-14 17:07:00',NULL,NULL,'2022-12-16 22:38:25','2022-12-16 22:38:25'),(351,3,NULL,3,1,'2022-12-14 17:07:00',NULL,NULL,'2022-12-16 22:38:34','2022-12-16 22:38:34'),(355,3,NULL,3,1,'2022-12-14 17:07:00',NULL,NULL,'2022-12-16 22:42:13','2022-12-16 22:42:13'),(359,3,NULL,3,1,'2022-12-14 17:07:00',NULL,NULL,'2022-12-16 22:43:17','2022-12-16 22:43:17'),(363,6,NULL,6,NULL,'2022-12-15 21:51:00',NULL,NULL,'2022-12-16 22:44:02','2022-12-16 22:44:02'),(364,3,NULL,3,1,'2022-12-14 17:07:00',NULL,NULL,'2022-12-16 22:45:01','2022-12-16 22:45:01'),(368,3,NULL,3,1,'2022-12-16 22:51:00',NULL,1,'2022-12-16 22:50:43','2022-12-16 22:51:15'),(369,3,NULL,3,1,'2022-12-16 22:51:00',NULL,NULL,'2022-12-16 22:51:15','2022-12-16 22:51:15'),(370,3,NULL,3,1,'2022-12-16 22:51:00',NULL,NULL,'2022-12-16 22:51:30','2022-12-16 22:51:30'),(371,3,NULL,3,1,'2022-12-16 22:51:00',NULL,NULL,'2022-12-16 22:52:49','2022-12-16 22:52:49'),(372,3,NULL,3,1,'2022-12-16 22:51:00',NULL,NULL,'2022-12-16 22:56:02','2022-12-16 22:56:02'),(373,3,NULL,3,1,'2022-12-16 22:56:03',NULL,1,'2022-12-16 22:56:03','2022-12-16 22:56:03'),(374,3,NULL,3,1,'2022-12-16 22:51:00',NULL,NULL,'2022-12-16 22:56:42','2022-12-16 22:56:42'),(375,3,NULL,3,1,'2022-12-16 22:51:00',NULL,NULL,'2022-12-16 22:56:50','2022-12-16 22:56:50'),(376,3,NULL,3,1,'2022-12-16 22:51:00',NULL,NULL,'2022-12-16 22:57:03','2022-12-16 22:57:03'),(377,3,NULL,3,1,'2022-12-16 22:51:00',NULL,NULL,'2022-12-16 22:57:06','2022-12-16 22:57:06'),(378,4,NULL,4,1,'2022-12-15 22:01:00',NULL,NULL,'2022-12-16 22:57:17','2022-12-16 22:57:17'),(379,3,NULL,3,1,'2022-12-16 22:51:00',NULL,NULL,'2022-12-16 22:58:57','2022-12-16 22:58:57'),(380,3,NULL,3,1,'2022-12-16 22:59:09',NULL,1,'2022-12-16 22:59:09','2022-12-16 22:59:09'),(381,6,NULL,6,NULL,'2022-12-15 21:51:00',NULL,NULL,'2022-12-16 23:02:35','2022-12-16 23:02:35'),(382,8,NULL,8,NULL,'2022-12-16 23:03:00',NULL,NULL,'2022-12-16 23:03:07','2022-12-16 23:03:07'),(383,8,NULL,8,NULL,'2022-12-16 23:03:00',NULL,NULL,'2022-12-16 23:03:07','2022-12-16 23:03:07'),(384,8,NULL,8,NULL,'2022-12-16 23:03:00',NULL,NULL,'2022-12-16 23:03:07','2022-12-16 23:03:07'),(385,8,NULL,8,NULL,'2022-12-16 23:03:00',NULL,NULL,'2022-12-16 23:03:07','2022-12-16 23:03:07'),(386,8,NULL,8,NULL,'2022-12-16 23:03:00',NULL,NULL,'2022-12-16 23:03:41','2022-12-16 23:03:41'),(387,8,NULL,8,NULL,'2022-12-16 23:03:00',NULL,NULL,'2022-12-16 23:03:41','2022-12-16 23:03:41'),(388,8,NULL,8,NULL,'2022-12-16 23:03:00',NULL,NULL,'2022-12-16 23:05:39','2022-12-16 23:05:39'),(389,4,NULL,4,1,'2022-12-15 22:01:00',NULL,NULL,'2022-12-16 23:08:43','2022-12-16 23:08:43'),(390,9,NULL,9,1,'2022-12-16 23:10:41',NULL,NULL,'2022-12-16 23:10:41','2022-12-16 23:10:41'),(391,9,NULL,9,1,'2022-12-16 23:10:56',NULL,NULL,'2022-12-16 23:10:56','2022-12-16 23:10:56'),(392,9,NULL,9,1,'2022-12-16 23:11:00',NULL,0,'2022-12-16 23:11:37','2022-12-16 23:11:59'),(393,9,NULL,9,1,'2022-12-16 23:11:00',NULL,NULL,'2022-12-16 23:11:59','2022-12-16 23:11:59'),(394,9,NULL,9,1,'2022-12-16 23:12:00',NULL,NULL,'2022-12-16 23:12:01','2022-12-16 23:12:13'),(395,9,NULL,9,1,'2022-12-16 23:12:00',NULL,NULL,'2022-12-16 23:12:13','2022-12-16 23:12:13'),(396,9,NULL,9,1,'2022-12-16 23:12:00',NULL,NULL,'2022-12-16 23:12:14','2022-12-16 23:12:27'),(397,9,NULL,9,1,'2022-12-16 23:12:00',NULL,NULL,'2022-12-16 23:12:27','2022-12-16 23:12:27'),(398,9,NULL,9,1,'2022-12-16 23:11:00',NULL,NULL,'2022-12-16 23:14:03','2022-12-16 23:14:03'),(399,9,NULL,9,1,'2022-12-16 23:15:00',NULL,NULL,'2022-12-16 23:15:40','2022-12-16 23:15:51'),(400,9,NULL,9,1,'2022-12-16 23:15:00',NULL,NULL,'2022-12-16 23:15:51','2022-12-16 23:15:51'),(401,9,NULL,9,1,'2022-12-16 23:44:00',NULL,0,'2022-12-16 23:37:13','2022-12-16 23:44:29'),(402,9,NULL,9,1,'2022-12-16 23:44:00',NULL,NULL,'2022-12-16 23:44:29','2022-12-16 23:44:29'),(405,9,NULL,9,1,'2022-12-16 23:44:00',NULL,NULL,'2022-12-16 23:47:59','2022-12-16 23:47:59'),(406,9,NULL,9,1,'2022-12-16 23:51:00',NULL,0,'2022-12-16 23:50:47','2022-12-16 23:51:09'),(408,9,NULL,9,1,'2022-12-16 23:51:00',NULL,NULL,'2022-12-16 23:51:09','2022-12-16 23:51:09'),(410,9,NULL,9,1,'2022-12-16 23:15:00',NULL,NULL,'2022-12-17 09:10:47','2022-12-17 09:10:47'),(411,9,NULL,9,1,'2022-12-16 23:15:00',NULL,NULL,'2022-12-17 09:10:54','2022-12-17 09:10:54'),(413,9,NULL,9,1,'2022-12-16 23:12:00',NULL,NULL,'2022-12-17 09:11:23','2022-12-17 09:11:23'),(415,9,NULL,9,1,'2022-12-16 23:12:00',NULL,NULL,'2022-12-17 09:14:50','2022-12-17 09:14:50'),(417,4,NULL,4,1,'2022-12-17 09:50:00',NULL,NULL,'2022-12-17 09:48:36','2022-12-17 09:50:22'),(419,4,NULL,4,1,'2022-12-17 09:50:00',NULL,NULL,'2022-12-17 09:50:22','2022-12-17 09:50:22'),(421,4,NULL,4,1,'2022-12-17 09:50:00',NULL,NULL,'2022-12-17 09:51:45','2022-12-17 09:51:45'),(423,4,NULL,4,1,'2022-12-17 09:50:00',NULL,NULL,'2022-12-17 09:52:10','2022-12-17 09:52:10'),(424,5,NULL,5,NULL,'2022-12-15 18:49:00',NULL,NULL,'2022-12-17 09:58:56','2022-12-17 09:58:56'),(425,5,NULL,5,NULL,'2022-12-15 18:49:00',NULL,NULL,'2022-12-17 09:59:08','2022-12-17 09:59:08'),(426,5,NULL,5,NULL,'2022-12-15 18:49:00',NULL,NULL,'2022-12-17 10:04:22','2022-12-17 10:04:22'),(434,5,NULL,5,NULL,'2022-12-15 18:49:00',NULL,NULL,'2022-12-17 10:06:43','2022-12-17 10:06:43'),(458,5,NULL,5,NULL,'2022-12-15 18:49:00',NULL,NULL,'2022-12-17 10:08:52','2022-12-17 10:08:52'),(462,5,NULL,5,NULL,'2022-12-15 18:49:00',NULL,NULL,'2022-12-17 10:12:00','2022-12-17 10:12:00'),(469,5,NULL,5,NULL,'2022-12-15 18:49:00',NULL,NULL,'2022-12-17 10:18:06','2022-12-17 10:18:06'),(473,5,NULL,5,NULL,'2022-12-15 18:49:00',NULL,NULL,'2022-12-17 12:37:14','2022-12-17 12:37:14'),(477,5,NULL,5,NULL,'2022-12-15 18:49:00',NULL,NULL,'2022-12-17 12:38:23','2022-12-17 12:38:23'),(483,5,NULL,5,NULL,'2022-12-15 18:49:00',NULL,NULL,'2022-12-17 12:39:18','2022-12-17 12:39:18');
/*!40000 ALTER TABLE `entries` ENABLE KEYS */;
UNLOCK TABLES;
commit;

--
-- Dumping data for table `entrytypes`
--

LOCK TABLES `entrytypes` WRITE;
/*!40000 ALTER TABLE `entrytypes` DISABLE KEYS */;
set autocommit=0;
INSERT INTO `entrytypes` VALUES (1,1,1,'Home','home',0,'site',NULL,'{section.name|raw}',1,'2022-12-14 12:50:05','2022-12-14 12:50:05',NULL,'eda9509c-70b1-40f8-b6c1-c390ad621de6'),(2,2,3,'Team','team',0,'site',NULL,'{section.name|raw}',1,'2022-12-14 16:25:18','2022-12-14 16:25:18','2022-12-14 17:07:36','241708f8-a233-4ecc-96bc-b531c32d1ee5'),(3,3,4,'Team','team',0,'site',NULL,'{section.name|raw}',1,'2022-12-14 17:07:51','2022-12-14 17:07:51','2022-12-16 23:01:55','a0ce32e0-7818-4fdf-a0a3-3af17a2515d1'),(4,4,6,'Projects','projects',1,'site',NULL,'{section.name|raw}',1,'2022-12-15 18:48:12','2022-12-15 21:43:04',NULL,'ada0c907-3ba4-496b-8e49-49598cdcc295'),(5,5,7,'Contact','contact',1,'site',NULL,'{section.name|raw}',1,'2022-12-15 18:49:26','2022-12-17 09:58:56',NULL,'7c14f2bf-3587-4b2e-b6a6-da3241e6c423'),(6,6,8,'Projects list','projectsList',0,'site',NULL,'{section.name|raw}',1,'2022-12-15 21:51:28','2022-12-15 21:54:20',NULL,'162ef5e4-bbba-414c-a7c3-1346d8756ff8'),(7,7,13,'team members','teamMembers',0,'site',NULL,'{section.name|raw}',1,'2022-12-16 22:06:47','2022-12-16 22:06:47','2022-12-16 23:02:00','4f53062f-3abd-4932-b1c9-32cbeb056b08'),(8,8,14,'Team List','teamList',1,'site',NULL,NULL,1,'2022-12-16 23:02:26','2022-12-16 23:03:07',NULL,'195ed395-93dc-4560-b1cb-0a1ffcd98ec6'),(9,9,15,'Default','default',1,'site',NULL,NULL,1,'2022-12-16 23:04:31','2022-12-16 23:04:31',NULL,'4d4a19cd-c39c-4a6c-bfa3-0633e45ddd24');
/*!40000 ALTER TABLE `entrytypes` ENABLE KEYS */;
UNLOCK TABLES;
commit;

--
-- Dumping data for table `fieldgroups`
--

LOCK TABLES `fieldgroups` WRITE;
/*!40000 ALTER TABLE `fieldgroups` DISABLE KEYS */;
set autocommit=0;
INSERT INTO `fieldgroups` VALUES (1,'Common','2022-12-14 09:41:50','2022-12-14 09:41:50',NULL,'568b898b-0700-4453-9720-6f82facd7a69'),(2,'Home','2022-12-14 13:26:29','2022-12-14 13:26:29',NULL,'96c0e878-1561-454d-9934-ce4afcd4834c'),(3,'Team','2022-12-14 17:28:28','2022-12-14 17:28:28',NULL,'37d48be1-0a84-4ec8-adb6-fa4f840845f2'),(4,'Projects','2022-12-15 18:58:00','2022-12-15 18:58:00',NULL,'ac229f29-9dc5-44d7-821f-943a7891c012'),(5,'work','2022-12-16 17:06:55','2022-12-16 17:06:55',NULL,'074d68c4-1855-408f-8f32-cea5399b3664'),(6,'Contact','2022-12-17 12:37:23','2022-12-17 12:37:23',NULL,'57ab3751-26df-454b-8859-5a8718559636');
/*!40000 ALTER TABLE `fieldgroups` ENABLE KEYS */;
UNLOCK TABLES;
commit;

--
-- Dumping data for table `fieldlayoutfields`
--

LOCK TABLES `fieldlayoutfields` WRITE;
/*!40000 ALTER TABLE `fieldlayoutfields` DISABLE KEYS */;
set autocommit=0;
INSERT INTO `fieldlayoutfields` VALUES (9,1,11,2,0,0,'2022-12-15 16:32:55','2022-12-15 16:32:55','8070f374-8bb5-464f-965f-f1544e7db1a3'),(10,1,11,1,0,2,'2022-12-15 16:32:55','2022-12-15 16:32:55','7b0d4286-af97-4d70-a522-e08908a1f4c7'),(11,1,11,7,0,3,'2022-12-15 16:32:55','2022-12-15 16:32:55','20d051a7-577e-4db6-bf93-cabb91a6b698'),(34,9,27,14,0,0,'2022-12-16 16:14:48','2022-12-16 16:14:48','5b137dca-4337-4728-a3f7-713ff0f8f9b1'),(35,9,27,13,0,1,'2022-12-16 16:14:48','2022-12-16 16:14:48','284cf548-2251-4c3e-95a8-0dc45ff4895c'),(36,10,28,12,0,0,'2022-12-16 16:15:10','2022-12-16 16:15:10','5489b92a-8f4a-41e3-b847-5bd606011414'),(43,8,35,15,0,1,'2022-12-16 17:12:39','2022-12-16 17:12:39','9a4c5ca8-bb57-4468-b013-154d29eb0e03'),(44,8,35,9,0,2,'2022-12-16 17:12:39','2022-12-16 17:12:39','df2dbb5c-f34f-4d33-af19-04432e53122b'),(45,8,35,10,0,3,'2022-12-16 17:12:39','2022-12-16 17:12:39','58722db9-0c48-4eac-bf53-0508fe2cb1f7'),(46,6,36,15,0,1,'2022-12-16 17:13:37','2022-12-16 17:13:37','951bcde0-af7c-454e-a083-ff24c8d9b812'),(47,6,36,9,0,2,'2022-12-16 17:13:37','2022-12-16 17:13:37','c04046f7-c4b3-4288-8a01-fa7decef817a'),(48,6,36,10,0,3,'2022-12-16 17:13:37','2022-12-16 17:13:37','bedb1ca5-1339-4de4-9c18-5b38b3ffa986'),(49,6,36,11,0,4,'2022-12-16 17:13:37','2022-12-16 17:13:37','e4d55404-3b21-4513-9aba-04edce886621'),(68,4,53,16,0,1,'2022-12-16 22:56:36','2022-12-16 22:56:36','973a50d7-b798-4224-a92f-5c3dd1c78cce'),(69,4,53,17,0,2,'2022-12-16 22:56:36','2022-12-16 22:56:36','a877f0f7-2314-4fe9-ae11-3170d09304ef'),(70,4,53,18,0,3,'2022-12-16 22:56:36','2022-12-16 22:56:36','ecd0712f-b139-4017-8ca8-b69d139a84cc'),(71,14,57,17,0,1,'2022-12-16 23:05:39','2022-12-16 23:05:39','207bb7b0-e16c-423d-8988-4d003ec16778'),(72,14,57,18,0,2,'2022-12-16 23:05:39','2022-12-16 23:05:39','3fcebef8-3ac6-453f-9ad5-18deac5fd874'),(75,15,59,17,0,1,'2022-12-17 09:05:40','2022-12-17 09:05:40','53bd871c-41be-4265-927e-0ba4fccb5981'),(76,15,59,18,0,2,'2022-12-17 09:05:40','2022-12-17 09:05:40','59371341-1bf2-4878-af47-ab08675c8321'),(77,15,59,19,0,3,'2022-12-17 09:05:40','2022-12-17 09:05:40','e6d6e672-2005-41a2-b163-4deeaa82486c'),(78,16,60,11,0,0,'2022-12-17 09:35:39','2022-12-17 09:35:39','5aac1a1e-ebec-42c6-a799-74448f849a45'),(79,17,62,22,1,0,'2022-12-17 10:03:54','2022-12-17 10:03:54','0c0b9ae0-dbd8-4e42-884e-107e29ce2b7e'),(80,17,62,21,0,1,'2022-12-17 10:03:54','2022-12-17 10:03:54','fcfc31b4-e27c-47af-8486-8ea4e3c13146'),(82,7,64,23,0,1,'2022-12-17 12:38:23','2022-12-17 12:38:23','e30ae528-9317-4783-b1a4-f514aafadab6'),(83,7,64,20,0,2,'2022-12-17 12:38:23','2022-12-17 12:38:23','482d76d9-f3e2-4245-b005-1c47a096b781');
/*!40000 ALTER TABLE `fieldlayoutfields` ENABLE KEYS */;
UNLOCK TABLES;
commit;

--
-- Dumping data for table `fieldlayouts`
--

LOCK TABLES `fieldlayouts` WRITE;
/*!40000 ALTER TABLE `fieldlayouts` DISABLE KEYS */;
set autocommit=0;
INSERT INTO `fieldlayouts` VALUES (1,'craft\\elements\\Entry','2022-12-14 12:50:05','2022-12-14 12:50:05',NULL,'58d34772-778f-4577-b637-509a78dac462'),(2,'craft\\elements\\Asset','2022-12-14 13:25:45','2022-12-14 13:25:45',NULL,'ed1bffe1-f9ec-4e45-948a-4353c2319f80'),(3,'craft\\elements\\Entry','2022-12-14 16:25:18','2022-12-14 16:25:18','2022-12-14 17:07:36','f541e400-0546-45ef-84b4-e049131e3fcc'),(4,'craft\\elements\\Entry','2022-12-14 17:07:51','2022-12-14 17:07:51','2022-12-16 23:01:55','e460a78b-03e1-4c9a-b55c-268e36993019'),(5,'craft\\elements\\MatrixBlock','2022-12-14 17:30:42','2022-12-14 17:30:42','2022-12-16 23:56:01','64316ee2-63cb-4b84-bfe8-28ac8ad44903'),(6,'craft\\elements\\Entry','2022-12-15 18:48:12','2022-12-15 18:48:12',NULL,'915da9d5-3184-465d-b6b0-319ec16f744f'),(7,'craft\\elements\\Entry','2022-12-15 18:49:26','2022-12-15 18:49:26',NULL,'34e13e0b-0ce0-4a84-afc9-555ecb44afe1'),(8,'craft\\elements\\Entry','2022-12-15 21:51:28','2022-12-15 21:51:28',NULL,'72ddbfb2-33d6-4cea-aa36-c8ad14e81d89'),(9,'craft\\elements\\MatrixBlock','2022-12-16 16:14:42','2022-12-16 16:14:42',NULL,'42606d9f-5206-43f7-ae33-40bbf7a962fb'),(10,'craft\\elements\\GlobalSet','2022-12-16 16:15:10','2022-12-16 16:15:10',NULL,'44a10915-5359-4406-b6aa-977a6f4f4600'),(11,'craft\\elements\\Category','2022-12-16 17:03:53','2022-12-16 17:03:53',NULL,'de0e9ce4-f190-4ac9-ad01-8b62efea31d4'),(12,'craft\\elements\\Category','2022-12-16 21:24:04','2022-12-16 21:24:04',NULL,'d816d475-8ef6-43f9-8def-688d9a945b6f'),(13,'craft\\elements\\Entry','2022-12-16 22:06:47','2022-12-16 22:06:47','2022-12-16 23:02:00','50a02a86-6fa6-4dcb-aa2a-2027e00b3ff9'),(14,'craft\\elements\\Entry','2022-12-16 23:02:26','2022-12-16 23:02:26',NULL,'2f895bb2-caf0-4662-ab9f-636db69e9141'),(15,'craft\\elements\\Entry','2022-12-16 23:04:31','2022-12-16 23:04:31',NULL,'47f38a38-dfad-4390-ab28-4295423b081d'),(16,'craft\\elements\\GlobalSet','2022-12-17 09:35:39','2022-12-17 09:35:39',NULL,'3aa6464d-a9df-4aa8-964e-64ae50f79ccd'),(17,'craft\\elements\\MatrixBlock','2022-12-17 10:03:54','2022-12-17 10:03:54',NULL,'cde269ff-774d-4f58-a0b4-cf6f2c93118b');
/*!40000 ALTER TABLE `fieldlayouts` ENABLE KEYS */;
UNLOCK TABLES;
commit;

--
-- Dumping data for table `fieldlayouttabs`
--

LOCK TABLES `fieldlayouttabs` WRITE;
/*!40000 ALTER TABLE `fieldlayouttabs` DISABLE KEYS */;
set autocommit=0;
INSERT INTO `fieldlayouttabs` VALUES (2,2,'Content','{\"userCondition\":null,\"elementCondition\":null}','[{\"type\":\"craft\\\\fieldlayoutelements\\\\assets\\\\AssetTitleField\",\"autocomplete\":false,\"class\":null,\"size\":null,\"name\":null,\"autocorrect\":true,\"autocapitalize\":true,\"disabled\":false,\"readonly\":false,\"title\":null,\"placeholder\":null,\"step\":null,\"min\":null,\"max\":null,\"requirable\":false,\"id\":null,\"containerAttributes\":[],\"inputContainerAttributes\":[],\"labelAttributes\":[],\"orientation\":null,\"label\":null,\"instructions\":null,\"tip\":null,\"warning\":null,\"width\":100,\"uid\":\"1a20a744-8390-4df1-9312-760e7bcf5d72\",\"userCondition\":null,\"elementCondition\":null}]',1,'2022-12-14 13:25:45','2022-12-14 13:25:45','4d375ab6-b3b4-4534-97e1-daeae472b9a9'),(5,3,'Content','{\"userCondition\":null,\"elementCondition\":null}','[{\"type\":\"craft\\\\fieldlayoutelements\\\\entries\\\\EntryTitleField\",\"autocomplete\":false,\"class\":null,\"size\":null,\"name\":null,\"autocorrect\":true,\"autocapitalize\":true,\"disabled\":false,\"readonly\":false,\"title\":null,\"placeholder\":null,\"step\":null,\"min\":null,\"max\":null,\"requirable\":false,\"id\":null,\"containerAttributes\":[],\"inputContainerAttributes\":[],\"labelAttributes\":[],\"orientation\":null,\"label\":null,\"instructions\":null,\"tip\":null,\"warning\":null,\"width\":100,\"uid\":\"419f6721-5f07-458d-b1d6-24a1b9692176\",\"userCondition\":null,\"elementCondition\":null}]',1,'2022-12-14 16:25:18','2022-12-14 16:25:18','8ab5f3e5-3bb1-4e14-a333-1dfcfb472a3e'),(11,1,'Content','{\"userCondition\":null,\"elementCondition\":null}','[{\"type\":\"craft\\\\fieldlayoutelements\\\\CustomField\",\"label\":null,\"instructions\":null,\"tip\":null,\"warning\":null,\"required\":false,\"width\":100,\"uid\":\"1c253925-5b1b-431b-bd99-c6dcf72b9e81\",\"userCondition\":null,\"elementCondition\":null,\"fieldUid\":\"26b9f32d-55f0-470c-b16c-8bfba250a0a7\"},{\"type\":\"craft\\\\fieldlayoutelements\\\\entries\\\\EntryTitleField\",\"autocomplete\":false,\"class\":null,\"size\":null,\"name\":null,\"autocorrect\":true,\"autocapitalize\":true,\"disabled\":false,\"readonly\":false,\"title\":null,\"placeholder\":null,\"step\":null,\"min\":null,\"max\":null,\"requirable\":false,\"id\":null,\"containerAttributes\":[],\"inputContainerAttributes\":[],\"labelAttributes\":[],\"orientation\":null,\"label\":null,\"instructions\":null,\"tip\":null,\"warning\":null,\"width\":100,\"uid\":\"256ab9c7-b4f0-4823-b55e-264c6514035e\",\"userCondition\":null,\"elementCondition\":null},{\"type\":\"craft\\\\fieldlayoutelements\\\\CustomField\",\"label\":null,\"instructions\":null,\"tip\":null,\"warning\":null,\"required\":false,\"width\":100,\"uid\":\"eee12da7-9509-4fbd-83a3-6923c3cacfd9\",\"userCondition\":null,\"elementCondition\":null,\"fieldUid\":\"e4f68ba6-b1ad-40d9-8e66-25f943be90a9\"},{\"type\":\"craft\\\\fieldlayoutelements\\\\CustomField\",\"label\":null,\"instructions\":null,\"tip\":null,\"warning\":null,\"required\":false,\"width\":100,\"uid\":\"520da91a-556a-44df-8a04-ebe2b14d34f8\",\"userCondition\":null,\"elementCondition\":null,\"fieldUid\":\"f33f3627-6b49-4717-b33f-a74aa57fc237\"}]',1,'2022-12-15 16:32:55','2022-12-15 16:32:55','87a8749e-4eb9-4aa2-858e-95b85b344bd0'),(27,9,'Content','{\"userCondition\":null,\"elementCondition\":null}','[{\"type\":\"craft\\\\fieldlayoutelements\\\\CustomField\",\"label\":null,\"instructions\":null,\"tip\":null,\"warning\":null,\"required\":false,\"width\":100,\"uid\":\"0dbeec62-b501-45bc-8cb9-b15a4fcd293c\",\"userCondition\":null,\"elementCondition\":null,\"fieldUid\":\"a04a968f-65f3-44fb-847c-3a3e1d0a5cfb\"},{\"type\":\"craft\\\\fieldlayoutelements\\\\CustomField\",\"label\":null,\"instructions\":null,\"tip\":null,\"warning\":null,\"required\":false,\"width\":100,\"uid\":\"855d59d1-7911-4682-a31f-d00d44ed19b8\",\"userCondition\":null,\"elementCondition\":null,\"fieldUid\":\"279a85b7-7d64-48cb-ab59-300389993774\"}]',1,'2022-12-16 16:14:48','2022-12-16 16:14:48','739fde37-f67c-4413-9d7b-f291d2a35889'),(28,10,'Links','{\"userCondition\":null,\"elementCondition\":null}','[{\"type\":\"craft\\\\fieldlayoutelements\\\\CustomField\",\"label\":null,\"instructions\":null,\"tip\":null,\"warning\":null,\"required\":false,\"width\":100,\"uid\":\"5e27af2a-d0f2-4f1a-945f-06d0d4c73c09\",\"userCondition\":null,\"elementCondition\":null,\"fieldUid\":\"2f7abbd5-0712-487b-970f-a7a224b0e7d3\"}]',1,'2022-12-16 16:15:10','2022-12-16 16:15:10','f06432a8-f855-4d03-b9aa-935861e54913'),(35,8,'Content','{\"userCondition\":null,\"elementCondition\":null}','[{\"type\":\"craft\\\\fieldlayoutelements\\\\entries\\\\EntryTitleField\",\"autocomplete\":false,\"class\":null,\"size\":null,\"name\":null,\"autocorrect\":true,\"autocapitalize\":true,\"disabled\":false,\"readonly\":false,\"title\":null,\"placeholder\":null,\"step\":null,\"min\":null,\"max\":null,\"requirable\":false,\"id\":null,\"containerAttributes\":[],\"inputContainerAttributes\":[],\"labelAttributes\":[],\"orientation\":null,\"label\":null,\"instructions\":null,\"tip\":null,\"warning\":null,\"width\":100,\"uid\":\"aa04fba2-6033-41cf-8be0-daceabef7035\",\"userCondition\":null,\"elementCondition\":null},{\"type\":\"craft\\\\fieldlayoutelements\\\\CustomField\",\"label\":null,\"instructions\":null,\"tip\":null,\"warning\":null,\"required\":false,\"width\":100,\"uid\":\"d00c48bc-eebd-4b93-bb9c-ffe31a7fd061\",\"userCondition\":null,\"elementCondition\":null,\"fieldUid\":\"7cdda45a-f36b-4596-881d-1d591c64419b\"},{\"type\":\"craft\\\\fieldlayoutelements\\\\CustomField\",\"label\":null,\"instructions\":null,\"tip\":null,\"warning\":null,\"required\":false,\"width\":100,\"uid\":\"20180000-4bdc-4a16-956e-bb07c19ff11f\",\"userCondition\":null,\"elementCondition\":null,\"fieldUid\":\"b625fb03-11a3-4712-a711-a4c007b7e680\"},{\"type\":\"craft\\\\fieldlayoutelements\\\\CustomField\",\"label\":null,\"instructions\":null,\"tip\":null,\"warning\":null,\"required\":false,\"width\":100,\"uid\":\"a3ae0dfb-48b9-41a0-8fe9-3d433b69627b\",\"userCondition\":null,\"elementCondition\":null,\"fieldUid\":\"cdce4c0f-87d5-4cbe-9ef1-6dc9f3ad5790\"}]',1,'2022-12-16 17:12:39','2022-12-16 17:12:39','75b1f42c-8132-400d-ab47-70125179f7a9'),(36,6,'Content','{\"userCondition\":null,\"elementCondition\":null}','[{\"type\":\"craft\\\\fieldlayoutelements\\\\entries\\\\EntryTitleField\",\"autocomplete\":false,\"class\":null,\"size\":null,\"name\":null,\"autocorrect\":true,\"autocapitalize\":true,\"disabled\":false,\"readonly\":false,\"title\":null,\"placeholder\":null,\"step\":null,\"min\":null,\"max\":null,\"requirable\":false,\"id\":null,\"containerAttributes\":[],\"inputContainerAttributes\":[],\"labelAttributes\":[],\"orientation\":null,\"label\":null,\"instructions\":null,\"tip\":null,\"warning\":null,\"width\":100,\"uid\":\"9196cb53-4093-4fde-afd6-056f4d0495c9\",\"userCondition\":null,\"elementCondition\":null},{\"type\":\"craft\\\\fieldlayoutelements\\\\CustomField\",\"label\":null,\"instructions\":null,\"tip\":null,\"warning\":null,\"required\":false,\"width\":100,\"uid\":\"7902f486-c87e-4e82-bf38-5d97258f9456\",\"userCondition\":null,\"elementCondition\":null,\"fieldUid\":\"7cdda45a-f36b-4596-881d-1d591c64419b\"},{\"type\":\"craft\\\\fieldlayoutelements\\\\CustomField\",\"label\":null,\"instructions\":null,\"tip\":null,\"warning\":null,\"required\":false,\"width\":100,\"uid\":\"d6cca1b7-ef4f-424b-b60c-fa6d97600e81\",\"userCondition\":null,\"elementCondition\":null,\"fieldUid\":\"b625fb03-11a3-4712-a711-a4c007b7e680\"},{\"type\":\"craft\\\\fieldlayoutelements\\\\CustomField\",\"label\":null,\"instructions\":null,\"tip\":null,\"warning\":null,\"required\":false,\"width\":100,\"uid\":\"591132af-598e-4fef-be96-8a949ac28453\",\"userCondition\":null,\"elementCondition\":null,\"fieldUid\":\"cdce4c0f-87d5-4cbe-9ef1-6dc9f3ad5790\"},{\"type\":\"craft\\\\fieldlayoutelements\\\\CustomField\",\"label\":null,\"instructions\":null,\"tip\":null,\"warning\":null,\"required\":false,\"width\":100,\"uid\":\"5903d254-903b-4cd8-b578-dbe2c009bf09\",\"userCondition\":null,\"elementCondition\":null,\"fieldUid\":\"e3f755a7-f851-4ec8-99a3-bc56a6ff887c\"}]',1,'2022-12-16 17:13:37','2022-12-16 17:13:37','6e0578ec-49a0-4f17-a6e1-f003bb66fd53'),(41,11,'Content','{\"userCondition\":null,\"elementCondition\":null}','[{\"type\":\"craft\\\\fieldlayoutelements\\\\TitleField\",\"autocomplete\":false,\"class\":null,\"size\":null,\"name\":null,\"autocorrect\":true,\"autocapitalize\":true,\"disabled\":false,\"readonly\":false,\"title\":null,\"placeholder\":null,\"step\":null,\"min\":null,\"max\":null,\"requirable\":false,\"id\":null,\"containerAttributes\":[],\"inputContainerAttributes\":[],\"labelAttributes\":[],\"orientation\":null,\"label\":null,\"instructions\":null,\"tip\":null,\"warning\":null,\"width\":100,\"uid\":\"cab1212b-f586-44f3-82c1-4a85768f2cb5\",\"userCondition\":null,\"elementCondition\":null}]',1,'2022-12-16 21:19:46','2022-12-16 21:19:46','f6dd79bb-d72e-4b5c-96b2-4c4319a3a91b'),(45,12,'Content','{\"userCondition\":null,\"elementCondition\":null}','[{\"type\":\"craft\\\\fieldlayoutelements\\\\TitleField\",\"autocomplete\":false,\"class\":null,\"size\":null,\"name\":null,\"autocorrect\":true,\"autocapitalize\":true,\"disabled\":false,\"readonly\":false,\"title\":null,\"placeholder\":null,\"step\":null,\"min\":null,\"max\":null,\"requirable\":false,\"id\":null,\"containerAttributes\":[],\"inputContainerAttributes\":[],\"labelAttributes\":[],\"orientation\":null,\"label\":null,\"instructions\":null,\"tip\":null,\"warning\":null,\"width\":100,\"uid\":\"0bfc4789-e2c0-4bf2-9cc9-99f1b75b7d42\",\"userCondition\":null,\"elementCondition\":null}]',1,'2022-12-16 21:38:46','2022-12-16 21:38:46','0ae2c871-d1e4-4e51-9748-3a3bc73b6159'),(46,5,'Content','{\"userCondition\":null,\"elementCondition\":null}','[{\"type\":\"craft\\\\fieldlayoutelements\\\\CustomField\",\"label\":null,\"instructions\":null,\"tip\":null,\"warning\":null,\"required\":true,\"width\":100,\"uid\":\"618e96f9-ef17-4cbd-8ad1-5521acec5280\",\"userCondition\":null,\"elementCondition\":null,\"fieldUid\":\"b75e31bf-0913-41b7-93ee-2925c7e907d6\"},{\"type\":\"craft\\\\fieldlayoutelements\\\\CustomField\",\"label\":null,\"instructions\":null,\"tip\":null,\"warning\":null,\"required\":true,\"width\":100,\"uid\":\"53c1f80b-1dfb-4a3a-b6c5-061c74db32b5\",\"userCondition\":null,\"elementCondition\":null,\"fieldUid\":\"f0834417-81ef-4b86-83ef-a2eef2cbcc9e\"},{\"type\":\"craft\\\\fieldlayoutelements\\\\CustomField\",\"label\":null,\"instructions\":null,\"tip\":null,\"warning\":null,\"required\":true,\"width\":100,\"uid\":\"4c23de26-6c37-41ed-9f27-30fe6b921c3f\",\"userCondition\":null,\"elementCondition\":null,\"fieldUid\":\"0590dbbe-c026-4398-87bd-fe00fa4af6fa\"}]',1,'2022-12-16 21:39:28','2022-12-16 21:39:28','b69c8b78-37f8-4412-af7e-3a0f868f6383'),(48,13,'Content','{\"userCondition\":null,\"elementCondition\":null}','[{\"type\":\"craft\\\\fieldlayoutelements\\\\entries\\\\EntryTitleField\",\"autocomplete\":false,\"class\":null,\"size\":null,\"name\":null,\"autocorrect\":true,\"autocapitalize\":true,\"disabled\":false,\"readonly\":false,\"title\":null,\"placeholder\":null,\"step\":null,\"min\":null,\"max\":null,\"requirable\":false,\"id\":null,\"containerAttributes\":[],\"inputContainerAttributes\":[],\"labelAttributes\":[],\"orientation\":null,\"label\":null,\"instructions\":null,\"tip\":null,\"warning\":null,\"width\":100,\"uid\":\"02d42ecc-0384-4562-bf6c-85b3818e6d3e\",\"userCondition\":null,\"elementCondition\":null},{\"type\":\"craft\\\\fieldlayoutelements\\\\CustomField\",\"label\":null,\"instructions\":null,\"tip\":null,\"warning\":null,\"required\":false,\"width\":100,\"uid\":\"56059390-105e-48f0-9740-8b3be5e2b161\",\"userCondition\":null,\"elementCondition\":null,\"fieldUid\":\"896d1639-72b8-4016-9655-e90448d87539\"}]',1,'2022-12-16 22:08:27','2022-12-16 22:08:27','6145b0b7-848c-4e1c-94f2-357f640a36cf'),(53,4,'Content','{\"userCondition\":null,\"elementCondition\":null}','[{\"type\":\"craft\\\\fieldlayoutelements\\\\entries\\\\EntryTitleField\",\"autocomplete\":false,\"class\":null,\"size\":null,\"name\":null,\"autocorrect\":true,\"autocapitalize\":true,\"disabled\":false,\"readonly\":false,\"title\":null,\"placeholder\":null,\"step\":null,\"min\":null,\"max\":null,\"requirable\":false,\"id\":null,\"containerAttributes\":[],\"inputContainerAttributes\":[],\"labelAttributes\":[],\"orientation\":null,\"label\":\"Title\",\"instructions\":null,\"tip\":null,\"warning\":null,\"width\":100,\"uid\":\"b797ed9f-6b81-4fb5-9f66-2acbafbf9e98\",\"userCondition\":null,\"elementCondition\":null},{\"type\":\"craft\\\\fieldlayoutelements\\\\CustomField\",\"label\":null,\"instructions\":null,\"tip\":null,\"warning\":null,\"required\":false,\"width\":100,\"uid\":\"4e20a027-a7d9-46d9-b495-4c6f86777c1c\",\"userCondition\":null,\"elementCondition\":null,\"fieldUid\":\"de13cde3-d04b-4fdc-a675-895021e61985\"},{\"type\":\"craft\\\\fieldlayoutelements\\\\CustomField\",\"label\":null,\"instructions\":null,\"tip\":null,\"warning\":null,\"required\":false,\"width\":100,\"uid\":\"4e3cfad8-7133-4fa9-938b-b095013b8acf\",\"userCondition\":null,\"elementCondition\":null,\"fieldUid\":\"07a8eb6f-a12f-4e37-83d5-227b019a9659\"},{\"type\":\"craft\\\\fieldlayoutelements\\\\CustomField\",\"label\":null,\"instructions\":null,\"tip\":null,\"warning\":null,\"required\":false,\"width\":100,\"uid\":\"59ffc855-e92a-47a9-bb0b-abaa718e9975\",\"userCondition\":null,\"elementCondition\":null,\"fieldUid\":\"413e9232-5ded-4379-b6e5-cd9739d03a35\"}]',1,'2022-12-16 22:56:36','2022-12-16 22:56:36','a85f3091-4442-44c5-af00-f28af91623b0'),(57,14,'Content','{\"userCondition\":null,\"elementCondition\":null}','[{\"type\":\"craft\\\\fieldlayoutelements\\\\entries\\\\EntryTitleField\",\"autocomplete\":false,\"class\":null,\"size\":null,\"name\":null,\"autocorrect\":true,\"autocapitalize\":true,\"disabled\":false,\"readonly\":false,\"title\":null,\"placeholder\":null,\"step\":null,\"min\":null,\"max\":null,\"requirable\":false,\"id\":null,\"containerAttributes\":[],\"inputContainerAttributes\":[],\"labelAttributes\":[],\"orientation\":null,\"label\":null,\"instructions\":null,\"tip\":null,\"warning\":null,\"width\":100,\"uid\":\"a2fde58d-b494-46c8-90d4-b8ac8eb9808d\",\"userCondition\":null,\"elementCondition\":null},{\"type\":\"craft\\\\fieldlayoutelements\\\\CustomField\",\"label\":null,\"instructions\":null,\"tip\":null,\"warning\":null,\"required\":false,\"width\":100,\"uid\":\"8033051e-7000-4071-8365-f5a0a33cb1aa\",\"userCondition\":null,\"elementCondition\":null,\"fieldUid\":\"07a8eb6f-a12f-4e37-83d5-227b019a9659\"},{\"type\":\"craft\\\\fieldlayoutelements\\\\CustomField\",\"label\":null,\"instructions\":null,\"tip\":null,\"warning\":null,\"required\":false,\"width\":100,\"uid\":\"8939033f-a7bd-4a90-82c9-03ca19bde42d\",\"userCondition\":null,\"elementCondition\":null,\"fieldUid\":\"413e9232-5ded-4379-b6e5-cd9739d03a35\"}]',1,'2022-12-16 23:05:39','2022-12-16 23:05:39','b54397f3-5ac4-4f66-9ece-82feee5a59ce'),(59,15,'Content','{\"userCondition\":null,\"elementCondition\":null}','[{\"type\":\"craft\\\\fieldlayoutelements\\\\entries\\\\EntryTitleField\",\"autocomplete\":false,\"class\":null,\"size\":null,\"name\":null,\"autocorrect\":true,\"autocapitalize\":true,\"disabled\":false,\"readonly\":false,\"title\":null,\"placeholder\":null,\"step\":null,\"min\":null,\"max\":null,\"requirable\":false,\"id\":null,\"containerAttributes\":[],\"inputContainerAttributes\":[],\"labelAttributes\":[],\"orientation\":null,\"label\":null,\"instructions\":null,\"tip\":null,\"warning\":null,\"width\":100,\"uid\":\"4f7e9d7f-49c8-4e02-abbe-b3ad991bb62a\",\"userCondition\":null,\"elementCondition\":null},{\"type\":\"craft\\\\fieldlayoutelements\\\\CustomField\",\"label\":null,\"instructions\":null,\"tip\":null,\"warning\":null,\"required\":false,\"width\":100,\"uid\":\"07e79771-7ce8-4a81-8be7-5bf477690a74\",\"userCondition\":null,\"elementCondition\":null,\"fieldUid\":\"07a8eb6f-a12f-4e37-83d5-227b019a9659\"},{\"type\":\"craft\\\\fieldlayoutelements\\\\CustomField\",\"label\":null,\"instructions\":null,\"tip\":null,\"warning\":null,\"required\":false,\"width\":100,\"uid\":\"79b83f0c-da83-484d-aa38-fa965067b229\",\"userCondition\":null,\"elementCondition\":null,\"fieldUid\":\"413e9232-5ded-4379-b6e5-cd9739d03a35\"},{\"type\":\"craft\\\\fieldlayoutelements\\\\CustomField\",\"label\":null,\"instructions\":null,\"tip\":null,\"warning\":null,\"required\":false,\"width\":100,\"uid\":\"47ad210d-3df3-4308-8e63-b561a82e2a63\",\"userCondition\":null,\"elementCondition\":null,\"fieldUid\":\"d4af281b-9b46-4731-a2c3-bb5382fa6ca2\"}]',1,'2022-12-17 09:05:40','2022-12-17 09:05:40','9edd764d-1ce2-4cf2-9c8c-1b24f9d57661'),(60,16,'content','{\"userCondition\":null,\"elementCondition\":null}','[{\"type\":\"craft\\\\fieldlayoutelements\\\\CustomField\",\"label\":null,\"instructions\":null,\"tip\":null,\"warning\":null,\"required\":false,\"width\":100,\"uid\":\"e53dd3c2-593f-4634-9463-5d1972508c92\",\"userCondition\":null,\"elementCondition\":null,\"fieldUid\":\"e3f755a7-f851-4ec8-99a3-bc56a6ff887c\"}]',1,'2022-12-17 09:35:39','2022-12-17 09:35:39','e442e4fb-f765-485d-9d0c-fb1c90a7086b'),(62,17,'Content','{\"userCondition\":null,\"elementCondition\":null}','[{\"type\":\"craft\\\\fieldlayoutelements\\\\CustomField\",\"label\":null,\"instructions\":null,\"tip\":null,\"warning\":null,\"required\":true,\"width\":100,\"uid\":\"70dbe9f0-38b1-4e95-b403-bb4291e4df26\",\"userCondition\":null,\"elementCondition\":null,\"fieldUid\":\"1241571c-e310-4e3d-8f26-a846dc33b1c7\"},{\"type\":\"craft\\\\fieldlayoutelements\\\\CustomField\",\"label\":null,\"instructions\":null,\"tip\":null,\"warning\":null,\"required\":false,\"width\":100,\"uid\":\"7c4a802d-4cf6-465b-b046-f914878e0bdd\",\"userCondition\":null,\"elementCondition\":null,\"fieldUid\":\"651ff65c-6bf7-4eb4-a020-92dc10bb004f\"}]',1,'2022-12-17 10:03:54','2022-12-17 10:03:54','2ff62a3a-7474-4bbc-8ddb-7fd6a35d7462'),(64,7,'Content','{\"userCondition\":null,\"elementCondition\":null}','[{\"type\":\"craft\\\\fieldlayoutelements\\\\entries\\\\EntryTitleField\",\"autocomplete\":false,\"class\":null,\"size\":null,\"name\":null,\"autocorrect\":true,\"autocapitalize\":true,\"disabled\":false,\"readonly\":false,\"title\":null,\"placeholder\":null,\"step\":null,\"min\":null,\"max\":null,\"requirable\":false,\"id\":null,\"containerAttributes\":[],\"inputContainerAttributes\":[],\"labelAttributes\":[],\"orientation\":null,\"label\":null,\"instructions\":null,\"tip\":null,\"warning\":null,\"width\":100,\"uid\":\"f4e3161c-9a0b-4989-ae2c-a7408e877c9b\",\"userCondition\":null,\"elementCondition\":null},{\"type\":\"craft\\\\fieldlayoutelements\\\\CustomField\",\"label\":null,\"instructions\":null,\"tip\":null,\"warning\":null,\"required\":false,\"width\":100,\"uid\":\"c334d70b-77d3-4609-bd8e-a593aa28c62c\",\"userCondition\":null,\"elementCondition\":null,\"fieldUid\":\"71be2c8f-d8f8-48a6-80a5-69d9405a4c6e\"},{\"type\":\"craft\\\\fieldlayoutelements\\\\CustomField\",\"label\":null,\"instructions\":null,\"tip\":null,\"warning\":null,\"required\":false,\"width\":100,\"uid\":\"99fc79a3-a033-46e0-ac32-48697b3b3bbe\",\"userCondition\":null,\"elementCondition\":null,\"fieldUid\":\"f27f95b7-d0f8-4d42-889d-9c5fac6801e9\"}]',1,'2022-12-17 12:38:23','2022-12-17 12:38:23','26ae5ff0-1c20-4996-8ca3-d39e352f5f51');
/*!40000 ALTER TABLE `fieldlayouttabs` ENABLE KEYS */;
UNLOCK TABLES;
commit;

--
-- Dumping data for table `fields`
--

LOCK TABLES `fields` WRITE;
/*!40000 ALTER TABLE `fields` DISABLE KEYS */;
set autocommit=0;
INSERT INTO `fields` VALUES (1,2,'Fold image','foldImage','global',NULL,NULL,0,'site',NULL,'craft\\fields\\Assets','{\"allowSelfRelations\":false,\"allowSubfolders\":false,\"allowUploads\":true,\"allowedKinds\":[\"image\"],\"defaultUploadLocationSource\":\"volume:58fb83eb-858d-46fe-89b1-554c0b228b03\",\"defaultUploadLocationSubpath\":null,\"localizeRelations\":false,\"maxRelations\":1,\"minRelations\":null,\"previewMode\":\"full\",\"restrictFiles\":true,\"restrictLocation\":false,\"restrictedDefaultUploadSubpath\":null,\"restrictedLocationSource\":\"volume:58fb83eb-858d-46fe-89b1-554c0b228b03\",\"restrictedLocationSubpath\":null,\"selectionCondition\":{\"elementType\":\"craft\\\\elements\\\\Asset\",\"fieldContext\":\"global\",\"class\":\"craft\\\\elements\\\\conditions\\\\assets\\\\AssetCondition\"},\"selectionLabel\":\"add a fold image\",\"showSiteMenu\":true,\"showUnpermittedFiles\":false,\"showUnpermittedVolumes\":false,\"source\":null,\"sources\":[\"volume:58fb83eb-858d-46fe-89b1-554c0b228b03\"],\"targetSiteId\":null,\"validateRelatedElements\":false,\"viewMode\":\"large\"}','2022-12-14 13:28:02','2022-12-14 14:16:45','e4f68ba6-b1ad-40d9-8e66-25f943be90a9'),(2,2,'Fold title','foldTitle','global','lyivivbj',NULL,0,'none',NULL,'craft\\fields\\PlainText','{\"byteLimit\":null,\"charLimit\":null,\"code\":false,\"columnType\":null,\"initialRows\":4,\"multiline\":false,\"placeholder\":null,\"uiMode\":\"normal\"}','2022-12-14 14:21:35','2022-12-14 14:21:54','26b9f32d-55f0-470c-b16c-8bfba250a0a7'),(7,2,'Fold text','foldText','global','msierqve',NULL,0,'none',NULL,'craft\\redactor\\Field','{\"availableTransforms\":\"\",\"availableVolumes\":\"*\",\"columnType\":\"text\",\"configSelectionMode\":\"choose\",\"defaultTransform\":\"\",\"manualConfig\":\"\",\"purifierConfig\":null,\"purifyHtml\":true,\"redactorConfig\":null,\"removeEmptyTags\":false,\"removeInlineStyles\":false,\"removeNbsp\":false,\"showHtmlButtonForNonAdmins\":true,\"showUnpermittedFiles\":false,\"showUnpermittedVolumes\":false,\"uiMode\":\"enlarged\"}','2022-12-15 16:31:33','2022-12-16 10:03:25','f33f3627-6b49-4717-b33f-a74aa57fc237'),(8,4,'Project name','projectName','global','hqalniew',NULL,0,'none',NULL,'craft\\fields\\PlainText','{\"byteLimit\":null,\"charLimit\":null,\"code\":false,\"columnType\":null,\"initialRows\":4,\"multiline\":false,\"placeholder\":null,\"uiMode\":\"normal\"}','2022-12-15 19:01:38','2022-12-15 19:03:00','10aedf79-22dd-4e3b-81cd-6e2f43261751'),(9,4,'Project Image','projectImage','global',NULL,NULL,0,'site',NULL,'craft\\fields\\Assets','{\"allowSelfRelations\":false,\"allowSubfolders\":false,\"allowUploads\":true,\"allowedKinds\":[\"image\"],\"defaultUploadLocationSource\":\"volume:58fb83eb-858d-46fe-89b1-554c0b228b03\",\"defaultUploadLocationSubpath\":null,\"localizeRelations\":false,\"maxRelations\":null,\"minRelations\":null,\"previewMode\":\"full\",\"restrictFiles\":true,\"restrictLocation\":false,\"restrictedDefaultUploadSubpath\":null,\"restrictedLocationSource\":\"volume:58fb83eb-858d-46fe-89b1-554c0b228b03\",\"restrictedLocationSubpath\":null,\"selectionCondition\":{\"elementType\":\"craft\\\\elements\\\\Asset\",\"fieldContext\":\"global\",\"class\":\"craft\\\\elements\\\\conditions\\\\assets\\\\AssetCondition\"},\"selectionLabel\":null,\"showSiteMenu\":true,\"showUnpermittedFiles\":false,\"showUnpermittedVolumes\":false,\"source\":null,\"sources\":[\"volume:58fb83eb-858d-46fe-89b1-554c0b228b03\"],\"targetSiteId\":null,\"validateRelatedElements\":false,\"viewMode\":\"large\"}','2022-12-15 19:02:31','2022-12-15 19:02:54','b625fb03-11a3-4712-a711-a4c007b7e680'),(10,4,'Project Description','projectDescription','global','ownkbgoa',NULL,0,'none',NULL,'craft\\fields\\PlainText','{\"byteLimit\":null,\"charLimit\":150,\"code\":false,\"columnType\":null,\"initialRows\":4,\"multiline\":false,\"placeholder\":null,\"uiMode\":\"normal\"}','2022-12-15 19:03:44','2022-12-16 09:55:06','cdce4c0f-87d5-4cbe-9ef1-6dc9f3ad5790'),(11,1,'global Text','globalText','global','rvsvzivg',NULL,0,'none',NULL,'craft\\redactor\\Field','{\"availableTransforms\":\"\",\"availableVolumes\":\"*\",\"columnType\":\"text\",\"configSelectionMode\":\"choose\",\"defaultTransform\":\"\",\"manualConfig\":\"\",\"purifierConfig\":null,\"purifyHtml\":true,\"redactorConfig\":null,\"removeEmptyTags\":false,\"removeInlineStyles\":false,\"removeNbsp\":false,\"showHtmlButtonForNonAdmins\":true,\"showUnpermittedFiles\":false,\"showUnpermittedVolumes\":false,\"uiMode\":\"enlarged\"}','2022-12-16 15:56:24','2022-12-17 09:36:12','e3f755a7-f851-4ec8-99a3-bc56a6ff887c'),(12,1,'Navigation Links','navigationLinks','global','jzudkxvf',NULL,0,'site',NULL,'craft\\fields\\Matrix','{\"minBlocks\":null,\"maxBlocks\":null,\"contentTable\":\"{{%matrixcontent_navigationlinks}}\",\"propagationMethod\":\"all\",\"propagationKeyFormat\":null}','2022-12-16 16:13:45','2022-12-16 16:14:48','2f7abbd5-0712-487b-970f-a7a224b0e7d3'),(13,NULL,'Link Destination','linkDestination','matrixBlockType:ba82a41d-6a09-4965-8f13-2f8e7bc2f30e',NULL,NULL,0,'site',NULL,'craft\\fields\\Entries','{\"allowSelfRelations\":false,\"localizeRelations\":false,\"maxRelations\":1,\"minRelations\":null,\"selectionCondition\":{\"elementType\":\"craft\\\\elements\\\\Entry\",\"fieldContext\":\"global\",\"class\":\"craft\\\\elements\\\\conditions\\\\entries\\\\EntryCondition\"},\"selectionLabel\":null,\"showSiteMenu\":true,\"source\":null,\"sources\":\"*\",\"targetSiteId\":null,\"validateRelatedElements\":false,\"viewMode\":null}','2022-12-16 16:14:42','2022-12-16 16:14:48','279a85b7-7d64-48cb-ab59-300389993774'),(14,NULL,'Link Text','linkText','matrixBlockType:ba82a41d-6a09-4965-8f13-2f8e7bc2f30e','qgtahimg',NULL,0,'none',NULL,'craft\\fields\\PlainText','{\"byteLimit\":null,\"charLimit\":null,\"code\":false,\"columnType\":null,\"initialRows\":4,\"multiline\":false,\"placeholder\":null,\"uiMode\":\"normal\"}','2022-12-16 16:14:42','2022-12-16 16:14:42','a04a968f-65f3-44fb-847c-3a3e1d0a5cfb'),(15,5,'work type','workType','global','rdwazosa',NULL,0,'site',NULL,'craft\\fields\\Categories','{\"allowLimit\":false,\"allowMultipleSources\":false,\"branchLimit\":1,\"allowSelfRelations\":false,\"localizeRelations\":false,\"maxRelations\":null,\"minRelations\":null,\"selectionLabel\":null,\"showSiteMenu\":true,\"source\":\"group:358e8018-8fa2-4683-adbc-b21ada456d12\",\"sources\":\"*\",\"targetSiteId\":null,\"validateRelatedElements\":false,\"viewMode\":null}','2022-12-16 17:07:44','2022-12-16 17:13:04','7cdda45a-f36b-4596-881d-1d591c64419b'),(16,3,'Member name','memberName','global','mdkmuitm',NULL,0,'none',NULL,'craft\\fields\\PlainText','{\"byteLimit\":null,\"charLimit\":null,\"code\":false,\"columnType\":null,\"initialRows\":4,\"multiline\":false,\"placeholder\":null,\"uiMode\":\"normal\"}','2022-12-16 22:46:57','2022-12-16 23:56:51','de13cde3-d04b-4fdc-a675-895021e61985'),(17,3,'Member photo','photo','global',NULL,NULL,0,'site',NULL,'craft\\fields\\Assets','{\"allowSelfRelations\":false,\"allowSubfolders\":false,\"allowUploads\":true,\"allowedKinds\":[\"image\"],\"defaultUploadLocationSource\":\"volume:58fb83eb-858d-46fe-89b1-554c0b228b03\",\"defaultUploadLocationSubpath\":null,\"localizeRelations\":false,\"maxRelations\":1,\"minRelations\":null,\"previewMode\":\"full\",\"restrictFiles\":true,\"restrictLocation\":false,\"restrictedDefaultUploadSubpath\":null,\"restrictedLocationSource\":\"volume:58fb83eb-858d-46fe-89b1-554c0b228b03\",\"restrictedLocationSubpath\":null,\"selectionCondition\":{\"elementType\":\"craft\\\\elements\\\\Asset\",\"fieldContext\":\"global\",\"class\":\"craft\\\\elements\\\\conditions\\\\assets\\\\AssetCondition\"},\"selectionLabel\":null,\"showSiteMenu\":true,\"showUnpermittedFiles\":false,\"showUnpermittedVolumes\":false,\"source\":null,\"sources\":\"*\",\"targetSiteId\":null,\"validateRelatedElements\":false,\"viewMode\":\"large\"}','2022-12-16 22:48:09','2022-12-16 23:56:57','07a8eb6f-a12f-4e37-83d5-227b019a9659'),(18,3,'Member function','jobFunction','global',NULL,NULL,0,'site',NULL,'craft\\fields\\Categories','{\"allowLimit\":false,\"allowMultipleSources\":false,\"allowSelfRelations\":false,\"branchLimit\":null,\"localizeRelations\":false,\"maxRelations\":null,\"minRelations\":null,\"selectionLabel\":null,\"showSiteMenu\":true,\"source\":\"group:f4068a68-e668-4058-a00b-bdaa140e3d1c\",\"sources\":\"*\",\"targetSiteId\":null,\"validateRelatedElements\":false,\"viewMode\":null}','2022-12-16 22:49:13','2022-12-16 23:56:45','413e9232-5ded-4379-b6e5-cd9739d03a35'),(19,1,'Member Info','memberInfo','global','tbbxncys',NULL,0,'none',NULL,'craft\\redactor\\Field','{\"availableTransforms\":\"\",\"availableVolumes\":\"*\",\"columnType\":\"text\",\"configSelectionMode\":\"choose\",\"defaultTransform\":\"\",\"manualConfig\":\"\",\"purifierConfig\":null,\"purifyHtml\":true,\"redactorConfig\":null,\"removeEmptyTags\":false,\"removeInlineStyles\":false,\"removeNbsp\":false,\"showHtmlButtonForNonAdmins\":true,\"showUnpermittedFiles\":false,\"showUnpermittedVolumes\":false,\"uiMode\":\"enlarged\"}','2022-12-17 09:05:08','2022-12-17 09:05:08','d4af281b-9b46-4731-a2c3-bb5382fa6ca2'),(20,1,'Social Media','socialMedia','global',NULL,NULL,0,'site',NULL,'craft\\fields\\Matrix','{\"contentTable\":\"{{%matrixcontent_socialmedia}}\",\"maxBlocks\":null,\"minBlocks\":null,\"propagationKeyFormat\":null,\"propagationMethod\":\"all\"}','2022-12-17 10:03:54','2022-12-17 10:03:54','f27f95b7-d0f8-4d42-889d-9c5fac6801e9'),(21,NULL,'social name','socialName','matrixBlockType:a2cb3feb-04e0-4662-974d-4415add12815','jcdbksxn',NULL,0,'none',NULL,'craft\\redactor\\Field','{\"availableTransforms\":\"\",\"availableVolumes\":\"*\",\"columnType\":\"text\",\"configSelectionMode\":\"choose\",\"defaultTransform\":\"\",\"manualConfig\":\"\",\"purifierConfig\":null,\"purifyHtml\":true,\"redactorConfig\":null,\"removeEmptyTags\":false,\"removeInlineStyles\":false,\"removeNbsp\":false,\"showHtmlButtonForNonAdmins\":false,\"showUnpermittedFiles\":false,\"showUnpermittedVolumes\":false,\"uiMode\":\"enlarged\"}','2022-12-17 10:03:54','2022-12-17 10:03:54','651ff65c-6bf7-4eb4-a020-92dc10bb004f'),(22,NULL,'social image','socialImage','matrixBlockType:a2cb3feb-04e0-4662-974d-4415add12815',NULL,NULL,0,'site',NULL,'craft\\fields\\Assets','{\"allowSelfRelations\":false,\"allowSubfolders\":false,\"allowUploads\":true,\"allowedKinds\":[\"image\"],\"defaultUploadLocationSource\":\"volume:58fb83eb-858d-46fe-89b1-554c0b228b03\",\"defaultUploadLocationSubpath\":null,\"localizeRelations\":false,\"maxRelations\":1,\"minRelations\":null,\"previewMode\":\"full\",\"restrictFiles\":true,\"restrictLocation\":false,\"restrictedDefaultUploadSubpath\":null,\"restrictedLocationSource\":\"volume:58fb83eb-858d-46fe-89b1-554c0b228b03\",\"restrictedLocationSubpath\":null,\"selectionCondition\":{\"elementType\":\"craft\\\\elements\\\\Asset\",\"fieldContext\":\"global\",\"class\":\"craft\\\\elements\\\\conditions\\\\assets\\\\AssetCondition\"},\"selectionLabel\":null,\"showSiteMenu\":false,\"showUnpermittedFiles\":false,\"showUnpermittedVolumes\":false,\"source\":null,\"sources\":\"*\",\"targetSiteId\":null,\"validateRelatedElements\":false,\"viewMode\":\"large\"}','2022-12-17 10:03:54','2022-12-17 10:03:54','1241571c-e310-4e3d-8f26-a846dc33b1c7'),(23,6,'Contact Image','contactImage','global',NULL,NULL,0,'site',NULL,'craft\\fields\\Assets','{\"allowSelfRelations\":false,\"allowSubfolders\":false,\"allowUploads\":true,\"allowedKinds\":[\"image\"],\"defaultUploadLocationSource\":\"volume:58fb83eb-858d-46fe-89b1-554c0b228b03\",\"defaultUploadLocationSubpath\":null,\"localizeRelations\":false,\"maxRelations\":1,\"minRelations\":null,\"previewMode\":\"full\",\"restrictFiles\":true,\"restrictLocation\":false,\"restrictedDefaultUploadSubpath\":null,\"restrictedLocationSource\":\"volume:58fb83eb-858d-46fe-89b1-554c0b228b03\",\"restrictedLocationSubpath\":null,\"selectionCondition\":{\"elementType\":\"craft\\\\elements\\\\Asset\",\"fieldContext\":\"global\",\"class\":\"craft\\\\elements\\\\conditions\\\\assets\\\\AssetCondition\"},\"selectionLabel\":null,\"showSiteMenu\":false,\"showUnpermittedFiles\":false,\"showUnpermittedVolumes\":false,\"source\":null,\"sources\":\"*\",\"targetSiteId\":null,\"validateRelatedElements\":false,\"viewMode\":\"large\"}','2022-12-17 12:38:06','2022-12-17 12:38:06','71be2c8f-d8f8-48a6-80a5-69d9405a4c6e');
/*!40000 ALTER TABLE `fields` ENABLE KEYS */;
UNLOCK TABLES;
commit;

--
-- Dumping data for table `globalsets`
--

LOCK TABLES `globalsets` WRITE;
/*!40000 ALTER TABLE `globalsets` DISABLE KEYS */;
set autocommit=0;
INSERT INTO `globalsets` VALUES (233,'Navigation','navigation',10,1,'2022-12-16 16:13:23','2022-12-16 16:15:10','3c8d49b3-619a-4454-aecc-134ca2b8fc38'),(416,'footer','footer',16,2,'2022-12-17 09:35:39','2022-12-17 09:35:39','3551cff9-55f5-4fc1-b3a1-2e9a7d03474b');
/*!40000 ALTER TABLE `globalsets` ENABLE KEYS */;
UNLOCK TABLES;
commit;

--
-- Dumping data for table `gqlschemas`
--

LOCK TABLES `gqlschemas` WRITE;
/*!40000 ALTER TABLE `gqlschemas` DISABLE KEYS */;
set autocommit=0;
/*!40000 ALTER TABLE `gqlschemas` ENABLE KEYS */;
UNLOCK TABLES;
commit;

--
-- Dumping data for table `gqltokens`
--

LOCK TABLES `gqltokens` WRITE;
/*!40000 ALTER TABLE `gqltokens` DISABLE KEYS */;
set autocommit=0;
/*!40000 ALTER TABLE `gqltokens` ENABLE KEYS */;
UNLOCK TABLES;
commit;

--
-- Dumping data for table `imagetransforms`
--

LOCK TABLES `imagetransforms` WRITE;
/*!40000 ALTER TABLE `imagetransforms` DISABLE KEYS */;
set autocommit=0;
/*!40000 ALTER TABLE `imagetransforms` ENABLE KEYS */;
UNLOCK TABLES;
commit;

--
-- Dumping data for table `info`
--

LOCK TABLES `info` WRITE;
/*!40000 ALTER TABLE `info` DISABLE KEYS */;
set autocommit=0;
INSERT INTO `info` VALUES (1,'4.3.5','4.0.0.9',0,'ewghduqwvzkv','3@qbkpwbqpmz','2022-12-14 09:41:50','2022-12-17 12:38:23','3ce6c7ea-d939-45bc-acb9-96d4d7f044df');
/*!40000 ALTER TABLE `info` ENABLE KEYS */;
UNLOCK TABLES;
commit;

--
-- Dumping data for table `matrixblocks`
--

LOCK TABLES `matrixblocks` WRITE;
/*!40000 ALTER TABLE `matrixblocks` DISABLE KEYS */;
set autocommit=0;
INSERT INTO `matrixblocks` VALUES (234,233,12,2,NULL,'2022-12-16 16:16:14','2022-12-16 16:16:14'),(235,233,12,2,NULL,'2022-12-16 16:16:14','2022-12-16 16:16:14'),(236,233,12,2,NULL,'2022-12-16 16:16:14','2022-12-16 16:16:14'),(433,119,20,3,NULL,'2022-12-17 10:06:43','2022-12-17 10:06:43'),(435,434,20,3,NULL,'2022-12-17 10:06:43','2022-12-17 10:06:43'),(456,119,20,3,NULL,'2022-12-17 10:08:52','2022-12-17 10:08:52'),(457,119,20,3,NULL,'2022-12-17 10:08:52','2022-12-17 10:08:52'),(459,458,20,3,NULL,'2022-12-17 10:08:52','2022-12-17 10:08:52'),(460,458,20,3,NULL,'2022-12-17 10:08:52','2022-12-17 10:08:52'),(461,458,20,3,NULL,'2022-12-17 10:08:52','2022-12-17 10:08:52'),(463,462,20,3,NULL,'2022-12-17 10:12:00','2022-12-17 10:12:00'),(464,462,20,3,NULL,'2022-12-17 10:12:00','2022-12-17 10:12:00'),(465,462,20,3,NULL,'2022-12-17 10:12:00','2022-12-17 10:12:00'),(470,469,20,3,NULL,'2022-12-17 10:18:06','2022-12-17 10:18:06'),(471,469,20,3,NULL,'2022-12-17 10:18:06','2022-12-17 10:18:06'),(472,469,20,3,NULL,'2022-12-17 10:18:06','2022-12-17 10:18:06'),(474,473,20,3,NULL,'2022-12-17 12:37:14','2022-12-17 12:37:14'),(475,473,20,3,NULL,'2022-12-17 12:37:14','2022-12-17 12:37:14'),(476,473,20,3,NULL,'2022-12-17 12:37:14','2022-12-17 12:37:14'),(478,477,20,3,NULL,'2022-12-17 12:38:23','2022-12-17 12:38:23'),(479,477,20,3,NULL,'2022-12-17 12:38:23','2022-12-17 12:38:23'),(480,477,20,3,NULL,'2022-12-17 12:38:23','2022-12-17 12:38:23'),(484,483,20,3,NULL,'2022-12-17 12:39:18','2022-12-17 12:39:18'),(485,483,20,3,NULL,'2022-12-17 12:39:18','2022-12-17 12:39:18'),(486,483,20,3,NULL,'2022-12-17 12:39:18','2022-12-17 12:39:18');
/*!40000 ALTER TABLE `matrixblocks` ENABLE KEYS */;
UNLOCK TABLES;
commit;

--
-- Dumping data for table `matrixblocks_owners`
--

LOCK TABLES `matrixblocks_owners` WRITE;
/*!40000 ALTER TABLE `matrixblocks_owners` DISABLE KEYS */;
set autocommit=0;
INSERT INTO `matrixblocks_owners` VALUES (234,233,1),(235,233,3),(236,233,2),(433,119,1),(435,434,1),(456,119,2),(457,119,3),(459,458,1),(460,458,2),(461,458,3),(463,462,1),(464,462,2),(465,462,3),(470,469,1),(471,469,2),(472,469,3),(474,473,1),(475,473,2),(476,473,3),(478,477,1),(479,477,2),(480,477,3),(484,483,1),(485,483,2),(486,483,3);
/*!40000 ALTER TABLE `matrixblocks_owners` ENABLE KEYS */;
UNLOCK TABLES;
commit;

--
-- Dumping data for table `matrixblocktypes`
--

LOCK TABLES `matrixblocktypes` WRITE;
/*!40000 ALTER TABLE `matrixblocktypes` DISABLE KEYS */;
set autocommit=0;
INSERT INTO `matrixblocktypes` VALUES (2,12,9,'Link','link',1,'2022-12-16 16:14:42','2022-12-16 16:14:42','ba82a41d-6a09-4965-8f13-2f8e7bc2f30e'),(3,20,17,'socials','socials',1,'2022-12-17 10:03:54','2022-12-17 10:03:54','a2cb3feb-04e0-4662-974d-4415add12815');
/*!40000 ALTER TABLE `matrixblocktypes` ENABLE KEYS */;
UNLOCK TABLES;
commit;

--
-- Dumping data for table `matrixcontent_navigationlinks`
--

LOCK TABLES `matrixcontent_navigationlinks` WRITE;
/*!40000 ALTER TABLE `matrixcontent_navigationlinks` DISABLE KEYS */;
set autocommit=0;
INSERT INTO `matrixcontent_navigationlinks` VALUES (1,234,1,'2022-12-16 16:16:14','2022-12-16 23:07:55','6421c091-cb24-42b1-9141-b048e8ab0774','Projects'),(2,235,1,'2022-12-16 16:16:14','2022-12-16 23:07:55','3844ab73-28c0-4b49-9932-a062fc2d77ac','Contact'),(3,236,1,'2022-12-16 16:16:14','2022-12-16 23:07:55','9d4708fc-d3c8-4f4a-a571-262dfc29df94','Team');
/*!40000 ALTER TABLE `matrixcontent_navigationlinks` ENABLE KEYS */;
UNLOCK TABLES;
commit;

--
-- Dumping data for table `matrixcontent_socialmedia`
--

LOCK TABLES `matrixcontent_socialmedia` WRITE;
/*!40000 ALTER TABLE `matrixcontent_socialmedia` DISABLE KEYS */;
set autocommit=0;
INSERT INTO `matrixcontent_socialmedia` VALUES (1,428,1,'2022-12-17 10:04:28','2022-12-17 10:04:28','1e9271d8-ea76-4625-b5c0-58fbcb534397',NULL),(2,430,1,'2022-12-17 10:05:27','2022-12-17 10:05:27','100b9b05-d96b-4f88-883b-81e57dc4b632',NULL),(3,431,1,'2022-12-17 10:05:53','2022-12-17 10:05:53','39124b2d-5846-489e-8df5-f1b9b42e8974','<p>Check our Face</p>'),(5,433,1,'2022-12-17 10:06:43','2022-12-17 10:08:52','929ee57a-a7f8-43b4-8b38-dd680b85628d','<p>Facebook</p>'),(6,435,1,'2022-12-17 10:06:43','2022-12-17 10:06:43','6b6ce4f6-fb9f-4258-a951-d5143fb8525e','<p>Check our Facebook</p>'),(7,437,1,'2022-12-17 10:06:47','2022-12-17 10:06:47','a120ed8c-33e9-49bc-8b87-c25fe4a8a405',NULL),(8,439,1,'2022-12-17 10:07:13','2022-12-17 10:07:13','6f61da3c-cb11-4f99-bb86-277829dfba2b',NULL),(9,440,1,'2022-12-17 10:07:20','2022-12-17 10:07:20','933c1213-7aef-4882-823f-b2c994270cb9','<p>Check our Inste</p>'),(10,441,1,'2022-12-17 10:07:22','2022-12-17 10:07:22','46637405-033b-4493-b59b-695e9768bf69','<p>Check our Instagram</p>'),(11,442,1,'2022-12-17 10:07:36','2022-12-17 10:07:36','2470e5f5-7d42-48a2-b06f-54c04d3f7c65','<p>nstagram</p>'),(12,443,1,'2022-12-17 10:07:38','2022-12-17 10:07:38','8fd208aa-d2f0-4acb-b905-f676fc4f2828','<p>Instagram</p>'),(14,445,1,'2022-12-17 10:07:44','2022-12-17 10:07:44','c0ddda89-de70-4224-9940-a13bf4c752d7','<p>Instagram</p>'),(15,446,1,'2022-12-17 10:07:44','2022-12-17 10:07:44','1ab1d73f-87d4-48be-923d-13fb96c95972',NULL),(16,447,1,'2022-12-17 10:07:47','2022-12-17 10:07:47','d96add21-5fa0-48a3-9a5d-20142c2f9bcd','<p>Instagram</p>'),(17,448,1,'2022-12-17 10:07:47','2022-12-17 10:07:47','0e48989e-0157-437d-b168-91632171058d','<p>Lij</p>'),(18,449,1,'2022-12-17 10:07:49','2022-12-17 10:07:49','d4319f65-e666-4ac5-9b16-9c70357943e5','<p>Instagram</p>'),(19,450,1,'2022-12-17 10:07:49','2022-12-17 10:07:49','8d0b0ef0-93e7-43d5-8a1c-7f2e73211083','<p>Linked</p>'),(20,451,1,'2022-12-17 10:07:50','2022-12-17 10:07:50','d51202bc-6265-4193-9b2d-46c733c095b2','<p>Instagram</p>'),(21,452,1,'2022-12-17 10:07:50','2022-12-17 10:07:50','00ffae35-2386-47aa-ad3a-5101a31d6a87','<p>LinkedIn</p>'),(24,456,1,'2022-12-17 10:08:52','2022-12-17 10:08:52','304198be-f5f0-4923-bfd6-b1602da6026a','<p>Instagram</p>'),(25,457,1,'2022-12-17 10:08:52','2022-12-17 10:18:06','86f5f6fa-1dd6-476b-ae2e-e3dd96b6e461','<p>LinkedIn</p>'),(26,459,1,'2022-12-17 10:08:52','2022-12-17 10:08:52','c9e13b8f-bafb-4c05-883c-c09dd5cc0125','<p>Facebook</p>'),(27,460,1,'2022-12-17 10:08:52','2022-12-17 10:08:52','68053195-e5bc-4a88-a030-951b122abde3','<p>Instagram</p>'),(28,461,1,'2022-12-17 10:08:52','2022-12-17 10:08:52','5545f126-d7d0-4dfc-8e20-e6682c607b81','<p>LinkedIn</p>'),(29,463,1,'2022-12-17 10:12:00','2022-12-17 10:12:00','cfb1fa31-d74b-4daa-bb3e-049249ad207c','<p>Facebook</p>'),(30,464,1,'2022-12-17 10:12:00','2022-12-17 10:12:00','96d5e7dc-0aed-4e53-932d-0f461ec0abba','<p>Instagram</p>'),(31,465,1,'2022-12-17 10:12:00','2022-12-17 10:12:00','524838cc-7351-4785-a68d-7bf5d285129e','<p>LinkedIn</p>'),(33,470,1,'2022-12-17 10:18:06','2022-12-17 10:18:06','e14bacba-8e32-48bb-bd83-e4ec0b395a37','<p>Facebook</p>'),(34,471,1,'2022-12-17 10:18:06','2022-12-17 10:18:06','62714ce9-c10d-47b5-8b1b-ab301b11d1ed','<p>Instagram</p>'),(35,472,1,'2022-12-17 10:18:06','2022-12-17 10:18:06','36147c47-48fb-481a-8a09-e2013634f5ec','<p>LinkedIn</p>'),(36,474,1,'2022-12-17 12:37:14','2022-12-17 12:37:14','2e25bf2e-0956-4b01-8982-fcdf7473d9e1','<p>Facebook</p>'),(37,475,1,'2022-12-17 12:37:14','2022-12-17 12:37:14','bfa9865a-677f-4c61-a9a9-75e507cfff56','<p>Instagram</p>'),(38,476,1,'2022-12-17 12:37:14','2022-12-17 12:37:14','6cf693f6-9703-4401-b0b8-836f29701784','<p>LinkedIn</p>'),(39,478,1,'2022-12-17 12:38:23','2022-12-17 12:38:23','472f6e2d-0125-44f9-a338-d0e6d898df14','<p>Facebook</p>'),(40,479,1,'2022-12-17 12:38:23','2022-12-17 12:38:23','42347a18-b118-433f-bbf0-41175960c6ad','<p>Instagram</p>'),(41,480,1,'2022-12-17 12:38:23','2022-12-17 12:38:23','59898c5b-d9ce-403b-8b60-da7ba307aaf7','<p>LinkedIn</p>'),(42,484,1,'2022-12-17 12:39:18','2022-12-17 12:39:18','87dc9130-a567-4e7d-a506-bc1a5e1e24ab','<p>Facebook</p>'),(43,485,1,'2022-12-17 12:39:18','2022-12-17 12:39:18','1d5771b8-295b-430c-9b10-dc0488986874','<p>Instagram</p>'),(44,486,1,'2022-12-17 12:39:18','2022-12-17 12:39:18','dcfb4c40-7d5f-4ac8-b097-b9a99b09b01f','<p>LinkedIn</p>');
/*!40000 ALTER TABLE `matrixcontent_socialmedia` ENABLE KEYS */;
UNLOCK TABLES;
commit;

--
-- Dumping data for table `migrations`
--

LOCK TABLES `migrations` WRITE;
/*!40000 ALTER TABLE `migrations` DISABLE KEYS */;
set autocommit=0;
INSERT INTO `migrations` VALUES (1,'craft','Install','2022-12-14 09:41:50','2022-12-14 09:41:50','2022-12-14 09:41:50','1d26e3b5-51da-4690-a5d4-95a164cd6272'),(2,'craft','m210121_145800_asset_indexing_changes','2022-12-14 09:41:50','2022-12-14 09:41:50','2022-12-14 09:41:50','6e4146c1-1d4a-418e-8b45-87a60edfcb2b'),(3,'craft','m210624_222934_drop_deprecated_tables','2022-12-14 09:41:50','2022-12-14 09:41:50','2022-12-14 09:41:50','05aa9779-2739-40ad-979d-851f6da1bd23'),(4,'craft','m210724_180756_rename_source_cols','2022-12-14 09:41:50','2022-12-14 09:41:50','2022-12-14 09:41:50','ef93d2c8-83ab-4523-98b4-8f3e8b44f4ca'),(5,'craft','m210809_124211_remove_superfluous_uids','2022-12-14 09:41:50','2022-12-14 09:41:50','2022-12-14 09:41:50','4b1e20dd-6f45-4efa-b9e6-127583e1187b'),(6,'craft','m210817_014201_universal_users','2022-12-14 09:41:50','2022-12-14 09:41:50','2022-12-14 09:41:50','6526edc8-6a16-4c0b-952d-2d30fe3f86c4'),(7,'craft','m210904_132612_store_element_source_settings_in_project_config','2022-12-14 09:41:50','2022-12-14 09:41:50','2022-12-14 09:41:50','40ee4c2b-3af7-4e49-99bf-e14d45c5715a'),(8,'craft','m211115_135500_image_transformers','2022-12-14 09:41:50','2022-12-14 09:41:50','2022-12-14 09:41:50','b964e490-70aa-4ada-85f2-9e6cfe604da9'),(9,'craft','m211201_131000_filesystems','2022-12-14 09:41:50','2022-12-14 09:41:50','2022-12-14 09:41:50','8ed151cb-b6ba-41c2-96f2-1b84bccfd4c3'),(10,'craft','m220103_043103_tab_conditions','2022-12-14 09:41:50','2022-12-14 09:41:50','2022-12-14 09:41:50','a57d43b8-e783-4fbd-b140-d247edc77cb5'),(11,'craft','m220104_003433_asset_alt_text','2022-12-14 09:41:50','2022-12-14 09:41:50','2022-12-14 09:41:50','71d00978-c908-4ed3-ae5c-58a5dda5d77e'),(12,'craft','m220123_213619_update_permissions','2022-12-14 09:41:50','2022-12-14 09:41:50','2022-12-14 09:41:50','876120b7-e884-44bc-9829-2a3fee8d060c'),(13,'craft','m220126_003432_addresses','2022-12-14 09:41:50','2022-12-14 09:41:50','2022-12-14 09:41:50','d7a88f1d-b799-45ee-9422-667bfbb78971'),(14,'craft','m220209_095604_add_indexes','2022-12-14 09:41:50','2022-12-14 09:41:50','2022-12-14 09:41:50','94d42807-8b31-4316-b5b0-586abd998fb3'),(15,'craft','m220213_015220_matrixblocks_owners_table','2022-12-14 09:41:50','2022-12-14 09:41:50','2022-12-14 09:41:50','154b3370-8358-4e95-89ae-216b695e4058'),(16,'craft','m220214_000000_truncate_sessions','2022-12-14 09:41:50','2022-12-14 09:41:50','2022-12-14 09:41:50','82c06413-b94e-4ced-9ba7-57796ce4f3c3'),(17,'craft','m220222_122159_full_names','2022-12-14 09:41:50','2022-12-14 09:41:50','2022-12-14 09:41:50','36f7603f-5520-48bd-a4d9-dd38a3733885'),(18,'craft','m220223_180559_nullable_address_owner','2022-12-14 09:41:50','2022-12-14 09:41:50','2022-12-14 09:41:50','893642ce-4b9e-447a-8f7f-8faa83aed5c2'),(19,'craft','m220225_165000_transform_filesystems','2022-12-14 09:41:50','2022-12-14 09:41:50','2022-12-14 09:41:50','e7347b51-e481-494f-a1a3-c6c8c57e1079'),(20,'craft','m220309_152006_rename_field_layout_elements','2022-12-14 09:41:50','2022-12-14 09:41:50','2022-12-14 09:41:50','caee0dd8-899a-48b8-86e6-89fac6169da6'),(21,'craft','m220314_211928_field_layout_element_uids','2022-12-14 09:41:50','2022-12-14 09:41:50','2022-12-14 09:41:50','2aa1b3c8-0e57-425e-9c81-d2ca6cca4dba'),(22,'craft','m220316_123800_transform_fs_subpath','2022-12-14 09:41:50','2022-12-14 09:41:50','2022-12-14 09:41:50','baf1853e-37b2-4f2b-8069-dd7c613fd97b'),(23,'craft','m220317_174250_release_all_jobs','2022-12-14 09:41:50','2022-12-14 09:41:50','2022-12-14 09:41:50','7838583a-518f-4349-9a20-e48dba5333cd'),(24,'craft','m220330_150000_add_site_gql_schema_components','2022-12-14 09:41:50','2022-12-14 09:41:50','2022-12-14 09:41:50','e6ba86a4-f160-4447-8087-bfd621adb1be'),(25,'craft','m220413_024536_site_enabled_string','2022-12-14 09:41:50','2022-12-14 09:41:50','2022-12-14 09:41:50','4b5b3fc8-54d9-4cef-bc05-d1c7e8e07221'),(26,'plugin:redactor','m180430_204710_remove_old_plugins','2022-12-14 17:24:25','2022-12-14 17:24:25','2022-12-14 17:24:25','eb54e5b3-55a7-4282-82fc-032d2e026307'),(27,'plugin:redactor','Install','2022-12-14 17:24:25','2022-12-14 17:24:25','2022-12-14 17:24:25','a101975c-6ffb-4a14-9c77-8251d60bc1a2'),(28,'plugin:redactor','m190225_003922_split_cleanup_html_settings','2022-12-14 17:24:25','2022-12-14 17:24:25','2022-12-14 17:24:25','dd66c5dc-c029-4bd3-baec-7b532d4dd28a');
/*!40000 ALTER TABLE `migrations` ENABLE KEYS */;
UNLOCK TABLES;
commit;

--
-- Dumping data for table `plugins`
--

LOCK TABLES `plugins` WRITE;
/*!40000 ALTER TABLE `plugins` DISABLE KEYS */;
set autocommit=0;
INSERT INTO `plugins` VALUES (1,'vite','4.0.3','1.0.0','unknown',NULL,'2022-12-14 09:45:02','2022-12-14 09:45:02','2022-12-16 15:35:27','9a369fc8-5995-421c-b5e3-739e2db7e016'),(2,'redactor','3.0.2','2.3.0','unknown',NULL,'2022-12-14 17:24:25','2022-12-14 17:24:25','2022-12-16 15:35:27','426329ae-d980-4f72-95a8-0cef71fb387d');
/*!40000 ALTER TABLE `plugins` ENABLE KEYS */;
UNLOCK TABLES;
commit;

--
-- Dumping data for table `projectconfig`
--

LOCK TABLES `projectconfig` WRITE;
/*!40000 ALTER TABLE `projectconfig` DISABLE KEYS */;
set autocommit=0;
INSERT INTO `projectconfig` VALUES ('categoryGroups.358e8018-8fa2-4683-adbc-b21ada456d12.defaultPlacement','\"end\"'),('categoryGroups.358e8018-8fa2-4683-adbc-b21ada456d12.fieldLayouts.de0e9ce4-f190-4ac9-ad01-8b62efea31d4.tabs.0.elementCondition','null'),('categoryGroups.358e8018-8fa2-4683-adbc-b21ada456d12.fieldLayouts.de0e9ce4-f190-4ac9-ad01-8b62efea31d4.tabs.0.elements.0.autocapitalize','true'),('categoryGroups.358e8018-8fa2-4683-adbc-b21ada456d12.fieldLayouts.de0e9ce4-f190-4ac9-ad01-8b62efea31d4.tabs.0.elements.0.autocomplete','false'),('categoryGroups.358e8018-8fa2-4683-adbc-b21ada456d12.fieldLayouts.de0e9ce4-f190-4ac9-ad01-8b62efea31d4.tabs.0.elements.0.autocorrect','true'),('categoryGroups.358e8018-8fa2-4683-adbc-b21ada456d12.fieldLayouts.de0e9ce4-f190-4ac9-ad01-8b62efea31d4.tabs.0.elements.0.class','null'),('categoryGroups.358e8018-8fa2-4683-adbc-b21ada456d12.fieldLayouts.de0e9ce4-f190-4ac9-ad01-8b62efea31d4.tabs.0.elements.0.disabled','false'),('categoryGroups.358e8018-8fa2-4683-adbc-b21ada456d12.fieldLayouts.de0e9ce4-f190-4ac9-ad01-8b62efea31d4.tabs.0.elements.0.elementCondition','null'),('categoryGroups.358e8018-8fa2-4683-adbc-b21ada456d12.fieldLayouts.de0e9ce4-f190-4ac9-ad01-8b62efea31d4.tabs.0.elements.0.id','null'),('categoryGroups.358e8018-8fa2-4683-adbc-b21ada456d12.fieldLayouts.de0e9ce4-f190-4ac9-ad01-8b62efea31d4.tabs.0.elements.0.instructions','null'),('categoryGroups.358e8018-8fa2-4683-adbc-b21ada456d12.fieldLayouts.de0e9ce4-f190-4ac9-ad01-8b62efea31d4.tabs.0.elements.0.label','null'),('categoryGroups.358e8018-8fa2-4683-adbc-b21ada456d12.fieldLayouts.de0e9ce4-f190-4ac9-ad01-8b62efea31d4.tabs.0.elements.0.max','null'),('categoryGroups.358e8018-8fa2-4683-adbc-b21ada456d12.fieldLayouts.de0e9ce4-f190-4ac9-ad01-8b62efea31d4.tabs.0.elements.0.min','null'),('categoryGroups.358e8018-8fa2-4683-adbc-b21ada456d12.fieldLayouts.de0e9ce4-f190-4ac9-ad01-8b62efea31d4.tabs.0.elements.0.name','null'),('categoryGroups.358e8018-8fa2-4683-adbc-b21ada456d12.fieldLayouts.de0e9ce4-f190-4ac9-ad01-8b62efea31d4.tabs.0.elements.0.orientation','null'),('categoryGroups.358e8018-8fa2-4683-adbc-b21ada456d12.fieldLayouts.de0e9ce4-f190-4ac9-ad01-8b62efea31d4.tabs.0.elements.0.placeholder','null'),('categoryGroups.358e8018-8fa2-4683-adbc-b21ada456d12.fieldLayouts.de0e9ce4-f190-4ac9-ad01-8b62efea31d4.tabs.0.elements.0.readonly','false'),('categoryGroups.358e8018-8fa2-4683-adbc-b21ada456d12.fieldLayouts.de0e9ce4-f190-4ac9-ad01-8b62efea31d4.tabs.0.elements.0.requirable','false'),('categoryGroups.358e8018-8fa2-4683-adbc-b21ada456d12.fieldLayouts.de0e9ce4-f190-4ac9-ad01-8b62efea31d4.tabs.0.elements.0.size','null'),('categoryGroups.358e8018-8fa2-4683-adbc-b21ada456d12.fieldLayouts.de0e9ce4-f190-4ac9-ad01-8b62efea31d4.tabs.0.elements.0.step','null'),('categoryGroups.358e8018-8fa2-4683-adbc-b21ada456d12.fieldLayouts.de0e9ce4-f190-4ac9-ad01-8b62efea31d4.tabs.0.elements.0.tip','null'),('categoryGroups.358e8018-8fa2-4683-adbc-b21ada456d12.fieldLayouts.de0e9ce4-f190-4ac9-ad01-8b62efea31d4.tabs.0.elements.0.title','null'),('categoryGroups.358e8018-8fa2-4683-adbc-b21ada456d12.fieldLayouts.de0e9ce4-f190-4ac9-ad01-8b62efea31d4.tabs.0.elements.0.type','\"craft\\\\fieldlayoutelements\\\\TitleField\"'),('categoryGroups.358e8018-8fa2-4683-adbc-b21ada456d12.fieldLayouts.de0e9ce4-f190-4ac9-ad01-8b62efea31d4.tabs.0.elements.0.uid','\"cab1212b-f586-44f3-82c1-4a85768f2cb5\"'),('categoryGroups.358e8018-8fa2-4683-adbc-b21ada456d12.fieldLayouts.de0e9ce4-f190-4ac9-ad01-8b62efea31d4.tabs.0.elements.0.userCondition','null'),('categoryGroups.358e8018-8fa2-4683-adbc-b21ada456d12.fieldLayouts.de0e9ce4-f190-4ac9-ad01-8b62efea31d4.tabs.0.elements.0.warning','null'),('categoryGroups.358e8018-8fa2-4683-adbc-b21ada456d12.fieldLayouts.de0e9ce4-f190-4ac9-ad01-8b62efea31d4.tabs.0.elements.0.width','100'),('categoryGroups.358e8018-8fa2-4683-adbc-b21ada456d12.fieldLayouts.de0e9ce4-f190-4ac9-ad01-8b62efea31d4.tabs.0.name','\"Content\"'),('categoryGroups.358e8018-8fa2-4683-adbc-b21ada456d12.fieldLayouts.de0e9ce4-f190-4ac9-ad01-8b62efea31d4.tabs.0.uid','\"f6dd79bb-d72e-4b5c-96b2-4c4319a3a91b\"'),('categoryGroups.358e8018-8fa2-4683-adbc-b21ada456d12.fieldLayouts.de0e9ce4-f190-4ac9-ad01-8b62efea31d4.tabs.0.userCondition','null'),('categoryGroups.358e8018-8fa2-4683-adbc-b21ada456d12.handle','\"workType\"'),('categoryGroups.358e8018-8fa2-4683-adbc-b21ada456d12.name','\"work type\"'),('categoryGroups.358e8018-8fa2-4683-adbc-b21ada456d12.siteSettings.7d27545e-9618-4303-8c44-281674ee08a8.hasUrls','true'),('categoryGroups.358e8018-8fa2-4683-adbc-b21ada456d12.siteSettings.7d27545e-9618-4303-8c44-281674ee08a8.template','\"_/work/_entry.twig\"'),('categoryGroups.358e8018-8fa2-4683-adbc-b21ada456d12.siteSettings.7d27545e-9618-4303-8c44-281674ee08a8.uriFormat','\"work/{slug}\"'),('categoryGroups.358e8018-8fa2-4683-adbc-b21ada456d12.structure.maxLevels','null'),('categoryGroups.358e8018-8fa2-4683-adbc-b21ada456d12.structure.uid','\"eeddaad1-d0a0-43f2-bea0-94b1422ff94c\"'),('categoryGroups.f4068a68-e668-4058-a00b-bdaa140e3d1c.defaultPlacement','\"end\"'),('categoryGroups.f4068a68-e668-4058-a00b-bdaa140e3d1c.fieldLayouts.d816d475-8ef6-43f9-8def-688d9a945b6f.tabs.0.elementCondition','null'),('categoryGroups.f4068a68-e668-4058-a00b-bdaa140e3d1c.fieldLayouts.d816d475-8ef6-43f9-8def-688d9a945b6f.tabs.0.elements.0.autocapitalize','true'),('categoryGroups.f4068a68-e668-4058-a00b-bdaa140e3d1c.fieldLayouts.d816d475-8ef6-43f9-8def-688d9a945b6f.tabs.0.elements.0.autocomplete','false'),('categoryGroups.f4068a68-e668-4058-a00b-bdaa140e3d1c.fieldLayouts.d816d475-8ef6-43f9-8def-688d9a945b6f.tabs.0.elements.0.autocorrect','true'),('categoryGroups.f4068a68-e668-4058-a00b-bdaa140e3d1c.fieldLayouts.d816d475-8ef6-43f9-8def-688d9a945b6f.tabs.0.elements.0.class','null'),('categoryGroups.f4068a68-e668-4058-a00b-bdaa140e3d1c.fieldLayouts.d816d475-8ef6-43f9-8def-688d9a945b6f.tabs.0.elements.0.disabled','false'),('categoryGroups.f4068a68-e668-4058-a00b-bdaa140e3d1c.fieldLayouts.d816d475-8ef6-43f9-8def-688d9a945b6f.tabs.0.elements.0.elementCondition','null'),('categoryGroups.f4068a68-e668-4058-a00b-bdaa140e3d1c.fieldLayouts.d816d475-8ef6-43f9-8def-688d9a945b6f.tabs.0.elements.0.id','null'),('categoryGroups.f4068a68-e668-4058-a00b-bdaa140e3d1c.fieldLayouts.d816d475-8ef6-43f9-8def-688d9a945b6f.tabs.0.elements.0.instructions','null'),('categoryGroups.f4068a68-e668-4058-a00b-bdaa140e3d1c.fieldLayouts.d816d475-8ef6-43f9-8def-688d9a945b6f.tabs.0.elements.0.label','null'),('categoryGroups.f4068a68-e668-4058-a00b-bdaa140e3d1c.fieldLayouts.d816d475-8ef6-43f9-8def-688d9a945b6f.tabs.0.elements.0.max','null'),('categoryGroups.f4068a68-e668-4058-a00b-bdaa140e3d1c.fieldLayouts.d816d475-8ef6-43f9-8def-688d9a945b6f.tabs.0.elements.0.min','null'),('categoryGroups.f4068a68-e668-4058-a00b-bdaa140e3d1c.fieldLayouts.d816d475-8ef6-43f9-8def-688d9a945b6f.tabs.0.elements.0.name','null'),('categoryGroups.f4068a68-e668-4058-a00b-bdaa140e3d1c.fieldLayouts.d816d475-8ef6-43f9-8def-688d9a945b6f.tabs.0.elements.0.orientation','null'),('categoryGroups.f4068a68-e668-4058-a00b-bdaa140e3d1c.fieldLayouts.d816d475-8ef6-43f9-8def-688d9a945b6f.tabs.0.elements.0.placeholder','null'),('categoryGroups.f4068a68-e668-4058-a00b-bdaa140e3d1c.fieldLayouts.d816d475-8ef6-43f9-8def-688d9a945b6f.tabs.0.elements.0.readonly','false'),('categoryGroups.f4068a68-e668-4058-a00b-bdaa140e3d1c.fieldLayouts.d816d475-8ef6-43f9-8def-688d9a945b6f.tabs.0.elements.0.requirable','false'),('categoryGroups.f4068a68-e668-4058-a00b-bdaa140e3d1c.fieldLayouts.d816d475-8ef6-43f9-8def-688d9a945b6f.tabs.0.elements.0.size','null'),('categoryGroups.f4068a68-e668-4058-a00b-bdaa140e3d1c.fieldLayouts.d816d475-8ef6-43f9-8def-688d9a945b6f.tabs.0.elements.0.step','null'),('categoryGroups.f4068a68-e668-4058-a00b-bdaa140e3d1c.fieldLayouts.d816d475-8ef6-43f9-8def-688d9a945b6f.tabs.0.elements.0.tip','null'),('categoryGroups.f4068a68-e668-4058-a00b-bdaa140e3d1c.fieldLayouts.d816d475-8ef6-43f9-8def-688d9a945b6f.tabs.0.elements.0.title','null'),('categoryGroups.f4068a68-e668-4058-a00b-bdaa140e3d1c.fieldLayouts.d816d475-8ef6-43f9-8def-688d9a945b6f.tabs.0.elements.0.type','\"craft\\\\fieldlayoutelements\\\\TitleField\"'),('categoryGroups.f4068a68-e668-4058-a00b-bdaa140e3d1c.fieldLayouts.d816d475-8ef6-43f9-8def-688d9a945b6f.tabs.0.elements.0.uid','\"0bfc4789-e2c0-4bf2-9cc9-99f1b75b7d42\"'),('categoryGroups.f4068a68-e668-4058-a00b-bdaa140e3d1c.fieldLayouts.d816d475-8ef6-43f9-8def-688d9a945b6f.tabs.0.elements.0.userCondition','null'),('categoryGroups.f4068a68-e668-4058-a00b-bdaa140e3d1c.fieldLayouts.d816d475-8ef6-43f9-8def-688d9a945b6f.tabs.0.elements.0.warning','null'),('categoryGroups.f4068a68-e668-4058-a00b-bdaa140e3d1c.fieldLayouts.d816d475-8ef6-43f9-8def-688d9a945b6f.tabs.0.elements.0.width','100'),('categoryGroups.f4068a68-e668-4058-a00b-bdaa140e3d1c.fieldLayouts.d816d475-8ef6-43f9-8def-688d9a945b6f.tabs.0.name','\"Content\"'),('categoryGroups.f4068a68-e668-4058-a00b-bdaa140e3d1c.fieldLayouts.d816d475-8ef6-43f9-8def-688d9a945b6f.tabs.0.uid','\"0ae2c871-d1e4-4e51-9748-3a3bc73b6159\"'),('categoryGroups.f4068a68-e668-4058-a00b-bdaa140e3d1c.fieldLayouts.d816d475-8ef6-43f9-8def-688d9a945b6f.tabs.0.userCondition','null'),('categoryGroups.f4068a68-e668-4058-a00b-bdaa140e3d1c.handle','\"function\"'),('categoryGroups.f4068a68-e668-4058-a00b-bdaa140e3d1c.name','\"job function\"'),('categoryGroups.f4068a68-e668-4058-a00b-bdaa140e3d1c.siteSettings.7d27545e-9618-4303-8c44-281674ee08a8.hasUrls','true'),('categoryGroups.f4068a68-e668-4058-a00b-bdaa140e3d1c.siteSettings.7d27545e-9618-4303-8c44-281674ee08a8.template','null'),('categoryGroups.f4068a68-e668-4058-a00b-bdaa140e3d1c.siteSettings.7d27545e-9618-4303-8c44-281674ee08a8.uriFormat','\"function/{slug}\"'),('categoryGroups.f4068a68-e668-4058-a00b-bdaa140e3d1c.structure.maxLevels','null'),('categoryGroups.f4068a68-e668-4058-a00b-bdaa140e3d1c.structure.uid','\"fa95deb2-2425-4110-8e78-1adf2ec7d4e5\"'),('dateModified','1671280703'),('email.fromEmail','\"thomas.vandoorne@student.howest.be\"'),('email.fromName','\"agency\"'),('email.transportType','\"craft\\\\mail\\\\transportadapters\\\\Sendmail\"'),('entryTypes.162ef5e4-bbba-414c-a7c3-1346d8756ff8.fieldLayouts.72ddbfb2-33d6-4cea-aa36-c8ad14e81d89.tabs.0.elementCondition','null'),('entryTypes.162ef5e4-bbba-414c-a7c3-1346d8756ff8.fieldLayouts.72ddbfb2-33d6-4cea-aa36-c8ad14e81d89.tabs.0.elements.0.autocapitalize','true'),('entryTypes.162ef5e4-bbba-414c-a7c3-1346d8756ff8.fieldLayouts.72ddbfb2-33d6-4cea-aa36-c8ad14e81d89.tabs.0.elements.0.autocomplete','false'),('entryTypes.162ef5e4-bbba-414c-a7c3-1346d8756ff8.fieldLayouts.72ddbfb2-33d6-4cea-aa36-c8ad14e81d89.tabs.0.elements.0.autocorrect','true'),('entryTypes.162ef5e4-bbba-414c-a7c3-1346d8756ff8.fieldLayouts.72ddbfb2-33d6-4cea-aa36-c8ad14e81d89.tabs.0.elements.0.class','null'),('entryTypes.162ef5e4-bbba-414c-a7c3-1346d8756ff8.fieldLayouts.72ddbfb2-33d6-4cea-aa36-c8ad14e81d89.tabs.0.elements.0.disabled','false'),('entryTypes.162ef5e4-bbba-414c-a7c3-1346d8756ff8.fieldLayouts.72ddbfb2-33d6-4cea-aa36-c8ad14e81d89.tabs.0.elements.0.elementCondition','null'),('entryTypes.162ef5e4-bbba-414c-a7c3-1346d8756ff8.fieldLayouts.72ddbfb2-33d6-4cea-aa36-c8ad14e81d89.tabs.0.elements.0.id','null'),('entryTypes.162ef5e4-bbba-414c-a7c3-1346d8756ff8.fieldLayouts.72ddbfb2-33d6-4cea-aa36-c8ad14e81d89.tabs.0.elements.0.instructions','null'),('entryTypes.162ef5e4-bbba-414c-a7c3-1346d8756ff8.fieldLayouts.72ddbfb2-33d6-4cea-aa36-c8ad14e81d89.tabs.0.elements.0.label','null'),('entryTypes.162ef5e4-bbba-414c-a7c3-1346d8756ff8.fieldLayouts.72ddbfb2-33d6-4cea-aa36-c8ad14e81d89.tabs.0.elements.0.max','null'),('entryTypes.162ef5e4-bbba-414c-a7c3-1346d8756ff8.fieldLayouts.72ddbfb2-33d6-4cea-aa36-c8ad14e81d89.tabs.0.elements.0.min','null'),('entryTypes.162ef5e4-bbba-414c-a7c3-1346d8756ff8.fieldLayouts.72ddbfb2-33d6-4cea-aa36-c8ad14e81d89.tabs.0.elements.0.name','null'),('entryTypes.162ef5e4-bbba-414c-a7c3-1346d8756ff8.fieldLayouts.72ddbfb2-33d6-4cea-aa36-c8ad14e81d89.tabs.0.elements.0.orientation','null'),('entryTypes.162ef5e4-bbba-414c-a7c3-1346d8756ff8.fieldLayouts.72ddbfb2-33d6-4cea-aa36-c8ad14e81d89.tabs.0.elements.0.placeholder','null'),('entryTypes.162ef5e4-bbba-414c-a7c3-1346d8756ff8.fieldLayouts.72ddbfb2-33d6-4cea-aa36-c8ad14e81d89.tabs.0.elements.0.readonly','false'),('entryTypes.162ef5e4-bbba-414c-a7c3-1346d8756ff8.fieldLayouts.72ddbfb2-33d6-4cea-aa36-c8ad14e81d89.tabs.0.elements.0.requirable','false'),('entryTypes.162ef5e4-bbba-414c-a7c3-1346d8756ff8.fieldLayouts.72ddbfb2-33d6-4cea-aa36-c8ad14e81d89.tabs.0.elements.0.size','null'),('entryTypes.162ef5e4-bbba-414c-a7c3-1346d8756ff8.fieldLayouts.72ddbfb2-33d6-4cea-aa36-c8ad14e81d89.tabs.0.elements.0.step','null'),('entryTypes.162ef5e4-bbba-414c-a7c3-1346d8756ff8.fieldLayouts.72ddbfb2-33d6-4cea-aa36-c8ad14e81d89.tabs.0.elements.0.tip','null'),('entryTypes.162ef5e4-bbba-414c-a7c3-1346d8756ff8.fieldLayouts.72ddbfb2-33d6-4cea-aa36-c8ad14e81d89.tabs.0.elements.0.title','null'),('entryTypes.162ef5e4-bbba-414c-a7c3-1346d8756ff8.fieldLayouts.72ddbfb2-33d6-4cea-aa36-c8ad14e81d89.tabs.0.elements.0.type','\"craft\\\\fieldlayoutelements\\\\entries\\\\EntryTitleField\"'),('entryTypes.162ef5e4-bbba-414c-a7c3-1346d8756ff8.fieldLayouts.72ddbfb2-33d6-4cea-aa36-c8ad14e81d89.tabs.0.elements.0.uid','\"aa04fba2-6033-41cf-8be0-daceabef7035\"'),('entryTypes.162ef5e4-bbba-414c-a7c3-1346d8756ff8.fieldLayouts.72ddbfb2-33d6-4cea-aa36-c8ad14e81d89.tabs.0.elements.0.userCondition','null'),('entryTypes.162ef5e4-bbba-414c-a7c3-1346d8756ff8.fieldLayouts.72ddbfb2-33d6-4cea-aa36-c8ad14e81d89.tabs.0.elements.0.warning','null'),('entryTypes.162ef5e4-bbba-414c-a7c3-1346d8756ff8.fieldLayouts.72ddbfb2-33d6-4cea-aa36-c8ad14e81d89.tabs.0.elements.0.width','100'),('entryTypes.162ef5e4-bbba-414c-a7c3-1346d8756ff8.fieldLayouts.72ddbfb2-33d6-4cea-aa36-c8ad14e81d89.tabs.0.elements.1.elementCondition','null'),('entryTypes.162ef5e4-bbba-414c-a7c3-1346d8756ff8.fieldLayouts.72ddbfb2-33d6-4cea-aa36-c8ad14e81d89.tabs.0.elements.1.fieldUid','\"7cdda45a-f36b-4596-881d-1d591c64419b\"'),('entryTypes.162ef5e4-bbba-414c-a7c3-1346d8756ff8.fieldLayouts.72ddbfb2-33d6-4cea-aa36-c8ad14e81d89.tabs.0.elements.1.instructions','null'),('entryTypes.162ef5e4-bbba-414c-a7c3-1346d8756ff8.fieldLayouts.72ddbfb2-33d6-4cea-aa36-c8ad14e81d89.tabs.0.elements.1.label','null'),('entryTypes.162ef5e4-bbba-414c-a7c3-1346d8756ff8.fieldLayouts.72ddbfb2-33d6-4cea-aa36-c8ad14e81d89.tabs.0.elements.1.required','false'),('entryTypes.162ef5e4-bbba-414c-a7c3-1346d8756ff8.fieldLayouts.72ddbfb2-33d6-4cea-aa36-c8ad14e81d89.tabs.0.elements.1.tip','null'),('entryTypes.162ef5e4-bbba-414c-a7c3-1346d8756ff8.fieldLayouts.72ddbfb2-33d6-4cea-aa36-c8ad14e81d89.tabs.0.elements.1.type','\"craft\\\\fieldlayoutelements\\\\CustomField\"'),('entryTypes.162ef5e4-bbba-414c-a7c3-1346d8756ff8.fieldLayouts.72ddbfb2-33d6-4cea-aa36-c8ad14e81d89.tabs.0.elements.1.uid','\"d00c48bc-eebd-4b93-bb9c-ffe31a7fd061\"'),('entryTypes.162ef5e4-bbba-414c-a7c3-1346d8756ff8.fieldLayouts.72ddbfb2-33d6-4cea-aa36-c8ad14e81d89.tabs.0.elements.1.userCondition','null'),('entryTypes.162ef5e4-bbba-414c-a7c3-1346d8756ff8.fieldLayouts.72ddbfb2-33d6-4cea-aa36-c8ad14e81d89.tabs.0.elements.1.warning','null'),('entryTypes.162ef5e4-bbba-414c-a7c3-1346d8756ff8.fieldLayouts.72ddbfb2-33d6-4cea-aa36-c8ad14e81d89.tabs.0.elements.1.width','100'),('entryTypes.162ef5e4-bbba-414c-a7c3-1346d8756ff8.fieldLayouts.72ddbfb2-33d6-4cea-aa36-c8ad14e81d89.tabs.0.elements.2.elementCondition','null'),('entryTypes.162ef5e4-bbba-414c-a7c3-1346d8756ff8.fieldLayouts.72ddbfb2-33d6-4cea-aa36-c8ad14e81d89.tabs.0.elements.2.fieldUid','\"b625fb03-11a3-4712-a711-a4c007b7e680\"'),('entryTypes.162ef5e4-bbba-414c-a7c3-1346d8756ff8.fieldLayouts.72ddbfb2-33d6-4cea-aa36-c8ad14e81d89.tabs.0.elements.2.instructions','null'),('entryTypes.162ef5e4-bbba-414c-a7c3-1346d8756ff8.fieldLayouts.72ddbfb2-33d6-4cea-aa36-c8ad14e81d89.tabs.0.elements.2.label','null'),('entryTypes.162ef5e4-bbba-414c-a7c3-1346d8756ff8.fieldLayouts.72ddbfb2-33d6-4cea-aa36-c8ad14e81d89.tabs.0.elements.2.required','false'),('entryTypes.162ef5e4-bbba-414c-a7c3-1346d8756ff8.fieldLayouts.72ddbfb2-33d6-4cea-aa36-c8ad14e81d89.tabs.0.elements.2.tip','null'),('entryTypes.162ef5e4-bbba-414c-a7c3-1346d8756ff8.fieldLayouts.72ddbfb2-33d6-4cea-aa36-c8ad14e81d89.tabs.0.elements.2.type','\"craft\\\\fieldlayoutelements\\\\CustomField\"'),('entryTypes.162ef5e4-bbba-414c-a7c3-1346d8756ff8.fieldLayouts.72ddbfb2-33d6-4cea-aa36-c8ad14e81d89.tabs.0.elements.2.uid','\"20180000-4bdc-4a16-956e-bb07c19ff11f\"'),('entryTypes.162ef5e4-bbba-414c-a7c3-1346d8756ff8.fieldLayouts.72ddbfb2-33d6-4cea-aa36-c8ad14e81d89.tabs.0.elements.2.userCondition','null'),('entryTypes.162ef5e4-bbba-414c-a7c3-1346d8756ff8.fieldLayouts.72ddbfb2-33d6-4cea-aa36-c8ad14e81d89.tabs.0.elements.2.warning','null'),('entryTypes.162ef5e4-bbba-414c-a7c3-1346d8756ff8.fieldLayouts.72ddbfb2-33d6-4cea-aa36-c8ad14e81d89.tabs.0.elements.2.width','100'),('entryTypes.162ef5e4-bbba-414c-a7c3-1346d8756ff8.fieldLayouts.72ddbfb2-33d6-4cea-aa36-c8ad14e81d89.tabs.0.elements.3.elementCondition','null'),('entryTypes.162ef5e4-bbba-414c-a7c3-1346d8756ff8.fieldLayouts.72ddbfb2-33d6-4cea-aa36-c8ad14e81d89.tabs.0.elements.3.fieldUid','\"cdce4c0f-87d5-4cbe-9ef1-6dc9f3ad5790\"'),('entryTypes.162ef5e4-bbba-414c-a7c3-1346d8756ff8.fieldLayouts.72ddbfb2-33d6-4cea-aa36-c8ad14e81d89.tabs.0.elements.3.instructions','null'),('entryTypes.162ef5e4-bbba-414c-a7c3-1346d8756ff8.fieldLayouts.72ddbfb2-33d6-4cea-aa36-c8ad14e81d89.tabs.0.elements.3.label','null'),('entryTypes.162ef5e4-bbba-414c-a7c3-1346d8756ff8.fieldLayouts.72ddbfb2-33d6-4cea-aa36-c8ad14e81d89.tabs.0.elements.3.required','false'),('entryTypes.162ef5e4-bbba-414c-a7c3-1346d8756ff8.fieldLayouts.72ddbfb2-33d6-4cea-aa36-c8ad14e81d89.tabs.0.elements.3.tip','null'),('entryTypes.162ef5e4-bbba-414c-a7c3-1346d8756ff8.fieldLayouts.72ddbfb2-33d6-4cea-aa36-c8ad14e81d89.tabs.0.elements.3.type','\"craft\\\\fieldlayoutelements\\\\CustomField\"'),('entryTypes.162ef5e4-bbba-414c-a7c3-1346d8756ff8.fieldLayouts.72ddbfb2-33d6-4cea-aa36-c8ad14e81d89.tabs.0.elements.3.uid','\"a3ae0dfb-48b9-41a0-8fe9-3d433b69627b\"'),('entryTypes.162ef5e4-bbba-414c-a7c3-1346d8756ff8.fieldLayouts.72ddbfb2-33d6-4cea-aa36-c8ad14e81d89.tabs.0.elements.3.userCondition','null'),('entryTypes.162ef5e4-bbba-414c-a7c3-1346d8756ff8.fieldLayouts.72ddbfb2-33d6-4cea-aa36-c8ad14e81d89.tabs.0.elements.3.warning','null'),('entryTypes.162ef5e4-bbba-414c-a7c3-1346d8756ff8.fieldLayouts.72ddbfb2-33d6-4cea-aa36-c8ad14e81d89.tabs.0.elements.3.width','100'),('entryTypes.162ef5e4-bbba-414c-a7c3-1346d8756ff8.fieldLayouts.72ddbfb2-33d6-4cea-aa36-c8ad14e81d89.tabs.0.name','\"Content\"'),('entryTypes.162ef5e4-bbba-414c-a7c3-1346d8756ff8.fieldLayouts.72ddbfb2-33d6-4cea-aa36-c8ad14e81d89.tabs.0.uid','\"75b1f42c-8132-400d-ab47-70125179f7a9\"'),('entryTypes.162ef5e4-bbba-414c-a7c3-1346d8756ff8.fieldLayouts.72ddbfb2-33d6-4cea-aa36-c8ad14e81d89.tabs.0.userCondition','null'),('entryTypes.162ef5e4-bbba-414c-a7c3-1346d8756ff8.handle','\"projectsList\"'),('entryTypes.162ef5e4-bbba-414c-a7c3-1346d8756ff8.hasTitleField','false'),('entryTypes.162ef5e4-bbba-414c-a7c3-1346d8756ff8.name','\"Projects list\"'),('entryTypes.162ef5e4-bbba-414c-a7c3-1346d8756ff8.section','\"330c05cf-fcec-4202-bf67-b50022950756\"'),('entryTypes.162ef5e4-bbba-414c-a7c3-1346d8756ff8.sortOrder','1'),('entryTypes.162ef5e4-bbba-414c-a7c3-1346d8756ff8.titleFormat','\"{section.name|raw}\"'),('entryTypes.162ef5e4-bbba-414c-a7c3-1346d8756ff8.titleTranslationKeyFormat','null'),('entryTypes.162ef5e4-bbba-414c-a7c3-1346d8756ff8.titleTranslationMethod','\"site\"'),('entryTypes.195ed395-93dc-4560-b1cb-0a1ffcd98ec6.fieldLayouts.2f895bb2-caf0-4662-ab9f-636db69e9141.tabs.0.elementCondition','null'),('entryTypes.195ed395-93dc-4560-b1cb-0a1ffcd98ec6.fieldLayouts.2f895bb2-caf0-4662-ab9f-636db69e9141.tabs.0.elements.0.autocapitalize','true'),('entryTypes.195ed395-93dc-4560-b1cb-0a1ffcd98ec6.fieldLayouts.2f895bb2-caf0-4662-ab9f-636db69e9141.tabs.0.elements.0.autocomplete','false'),('entryTypes.195ed395-93dc-4560-b1cb-0a1ffcd98ec6.fieldLayouts.2f895bb2-caf0-4662-ab9f-636db69e9141.tabs.0.elements.0.autocorrect','true'),('entryTypes.195ed395-93dc-4560-b1cb-0a1ffcd98ec6.fieldLayouts.2f895bb2-caf0-4662-ab9f-636db69e9141.tabs.0.elements.0.class','null'),('entryTypes.195ed395-93dc-4560-b1cb-0a1ffcd98ec6.fieldLayouts.2f895bb2-caf0-4662-ab9f-636db69e9141.tabs.0.elements.0.disabled','false'),('entryTypes.195ed395-93dc-4560-b1cb-0a1ffcd98ec6.fieldLayouts.2f895bb2-caf0-4662-ab9f-636db69e9141.tabs.0.elements.0.elementCondition','null'),('entryTypes.195ed395-93dc-4560-b1cb-0a1ffcd98ec6.fieldLayouts.2f895bb2-caf0-4662-ab9f-636db69e9141.tabs.0.elements.0.id','null'),('entryTypes.195ed395-93dc-4560-b1cb-0a1ffcd98ec6.fieldLayouts.2f895bb2-caf0-4662-ab9f-636db69e9141.tabs.0.elements.0.instructions','null'),('entryTypes.195ed395-93dc-4560-b1cb-0a1ffcd98ec6.fieldLayouts.2f895bb2-caf0-4662-ab9f-636db69e9141.tabs.0.elements.0.label','null'),('entryTypes.195ed395-93dc-4560-b1cb-0a1ffcd98ec6.fieldLayouts.2f895bb2-caf0-4662-ab9f-636db69e9141.tabs.0.elements.0.max','null'),('entryTypes.195ed395-93dc-4560-b1cb-0a1ffcd98ec6.fieldLayouts.2f895bb2-caf0-4662-ab9f-636db69e9141.tabs.0.elements.0.min','null'),('entryTypes.195ed395-93dc-4560-b1cb-0a1ffcd98ec6.fieldLayouts.2f895bb2-caf0-4662-ab9f-636db69e9141.tabs.0.elements.0.name','null'),('entryTypes.195ed395-93dc-4560-b1cb-0a1ffcd98ec6.fieldLayouts.2f895bb2-caf0-4662-ab9f-636db69e9141.tabs.0.elements.0.orientation','null'),('entryTypes.195ed395-93dc-4560-b1cb-0a1ffcd98ec6.fieldLayouts.2f895bb2-caf0-4662-ab9f-636db69e9141.tabs.0.elements.0.placeholder','null'),('entryTypes.195ed395-93dc-4560-b1cb-0a1ffcd98ec6.fieldLayouts.2f895bb2-caf0-4662-ab9f-636db69e9141.tabs.0.elements.0.readonly','false'),('entryTypes.195ed395-93dc-4560-b1cb-0a1ffcd98ec6.fieldLayouts.2f895bb2-caf0-4662-ab9f-636db69e9141.tabs.0.elements.0.requirable','false'),('entryTypes.195ed395-93dc-4560-b1cb-0a1ffcd98ec6.fieldLayouts.2f895bb2-caf0-4662-ab9f-636db69e9141.tabs.0.elements.0.size','null'),('entryTypes.195ed395-93dc-4560-b1cb-0a1ffcd98ec6.fieldLayouts.2f895bb2-caf0-4662-ab9f-636db69e9141.tabs.0.elements.0.step','null'),('entryTypes.195ed395-93dc-4560-b1cb-0a1ffcd98ec6.fieldLayouts.2f895bb2-caf0-4662-ab9f-636db69e9141.tabs.0.elements.0.tip','null'),('entryTypes.195ed395-93dc-4560-b1cb-0a1ffcd98ec6.fieldLayouts.2f895bb2-caf0-4662-ab9f-636db69e9141.tabs.0.elements.0.title','null'),('entryTypes.195ed395-93dc-4560-b1cb-0a1ffcd98ec6.fieldLayouts.2f895bb2-caf0-4662-ab9f-636db69e9141.tabs.0.elements.0.type','\"craft\\\\fieldlayoutelements\\\\entries\\\\EntryTitleField\"'),('entryTypes.195ed395-93dc-4560-b1cb-0a1ffcd98ec6.fieldLayouts.2f895bb2-caf0-4662-ab9f-636db69e9141.tabs.0.elements.0.uid','\"a2fde58d-b494-46c8-90d4-b8ac8eb9808d\"'),('entryTypes.195ed395-93dc-4560-b1cb-0a1ffcd98ec6.fieldLayouts.2f895bb2-caf0-4662-ab9f-636db69e9141.tabs.0.elements.0.userCondition','null'),('entryTypes.195ed395-93dc-4560-b1cb-0a1ffcd98ec6.fieldLayouts.2f895bb2-caf0-4662-ab9f-636db69e9141.tabs.0.elements.0.warning','null'),('entryTypes.195ed395-93dc-4560-b1cb-0a1ffcd98ec6.fieldLayouts.2f895bb2-caf0-4662-ab9f-636db69e9141.tabs.0.elements.0.width','100'),('entryTypes.195ed395-93dc-4560-b1cb-0a1ffcd98ec6.fieldLayouts.2f895bb2-caf0-4662-ab9f-636db69e9141.tabs.0.elements.1.elementCondition','null'),('entryTypes.195ed395-93dc-4560-b1cb-0a1ffcd98ec6.fieldLayouts.2f895bb2-caf0-4662-ab9f-636db69e9141.tabs.0.elements.1.fieldUid','\"07a8eb6f-a12f-4e37-83d5-227b019a9659\"'),('entryTypes.195ed395-93dc-4560-b1cb-0a1ffcd98ec6.fieldLayouts.2f895bb2-caf0-4662-ab9f-636db69e9141.tabs.0.elements.1.instructions','null'),('entryTypes.195ed395-93dc-4560-b1cb-0a1ffcd98ec6.fieldLayouts.2f895bb2-caf0-4662-ab9f-636db69e9141.tabs.0.elements.1.label','null'),('entryTypes.195ed395-93dc-4560-b1cb-0a1ffcd98ec6.fieldLayouts.2f895bb2-caf0-4662-ab9f-636db69e9141.tabs.0.elements.1.required','false'),('entryTypes.195ed395-93dc-4560-b1cb-0a1ffcd98ec6.fieldLayouts.2f895bb2-caf0-4662-ab9f-636db69e9141.tabs.0.elements.1.tip','null'),('entryTypes.195ed395-93dc-4560-b1cb-0a1ffcd98ec6.fieldLayouts.2f895bb2-caf0-4662-ab9f-636db69e9141.tabs.0.elements.1.type','\"craft\\\\fieldlayoutelements\\\\CustomField\"'),('entryTypes.195ed395-93dc-4560-b1cb-0a1ffcd98ec6.fieldLayouts.2f895bb2-caf0-4662-ab9f-636db69e9141.tabs.0.elements.1.uid','\"8033051e-7000-4071-8365-f5a0a33cb1aa\"'),('entryTypes.195ed395-93dc-4560-b1cb-0a1ffcd98ec6.fieldLayouts.2f895bb2-caf0-4662-ab9f-636db69e9141.tabs.0.elements.1.userCondition','null'),('entryTypes.195ed395-93dc-4560-b1cb-0a1ffcd98ec6.fieldLayouts.2f895bb2-caf0-4662-ab9f-636db69e9141.tabs.0.elements.1.warning','null'),('entryTypes.195ed395-93dc-4560-b1cb-0a1ffcd98ec6.fieldLayouts.2f895bb2-caf0-4662-ab9f-636db69e9141.tabs.0.elements.1.width','100'),('entryTypes.195ed395-93dc-4560-b1cb-0a1ffcd98ec6.fieldLayouts.2f895bb2-caf0-4662-ab9f-636db69e9141.tabs.0.elements.2.elementCondition','null'),('entryTypes.195ed395-93dc-4560-b1cb-0a1ffcd98ec6.fieldLayouts.2f895bb2-caf0-4662-ab9f-636db69e9141.tabs.0.elements.2.fieldUid','\"413e9232-5ded-4379-b6e5-cd9739d03a35\"'),('entryTypes.195ed395-93dc-4560-b1cb-0a1ffcd98ec6.fieldLayouts.2f895bb2-caf0-4662-ab9f-636db69e9141.tabs.0.elements.2.instructions','null'),('entryTypes.195ed395-93dc-4560-b1cb-0a1ffcd98ec6.fieldLayouts.2f895bb2-caf0-4662-ab9f-636db69e9141.tabs.0.elements.2.label','null'),('entryTypes.195ed395-93dc-4560-b1cb-0a1ffcd98ec6.fieldLayouts.2f895bb2-caf0-4662-ab9f-636db69e9141.tabs.0.elements.2.required','false'),('entryTypes.195ed395-93dc-4560-b1cb-0a1ffcd98ec6.fieldLayouts.2f895bb2-caf0-4662-ab9f-636db69e9141.tabs.0.elements.2.tip','null'),('entryTypes.195ed395-93dc-4560-b1cb-0a1ffcd98ec6.fieldLayouts.2f895bb2-caf0-4662-ab9f-636db69e9141.tabs.0.elements.2.type','\"craft\\\\fieldlayoutelements\\\\CustomField\"'),('entryTypes.195ed395-93dc-4560-b1cb-0a1ffcd98ec6.fieldLayouts.2f895bb2-caf0-4662-ab9f-636db69e9141.tabs.0.elements.2.uid','\"8939033f-a7bd-4a90-82c9-03ca19bde42d\"'),('entryTypes.195ed395-93dc-4560-b1cb-0a1ffcd98ec6.fieldLayouts.2f895bb2-caf0-4662-ab9f-636db69e9141.tabs.0.elements.2.userCondition','null'),('entryTypes.195ed395-93dc-4560-b1cb-0a1ffcd98ec6.fieldLayouts.2f895bb2-caf0-4662-ab9f-636db69e9141.tabs.0.elements.2.warning','null'),('entryTypes.195ed395-93dc-4560-b1cb-0a1ffcd98ec6.fieldLayouts.2f895bb2-caf0-4662-ab9f-636db69e9141.tabs.0.elements.2.width','100'),('entryTypes.195ed395-93dc-4560-b1cb-0a1ffcd98ec6.fieldLayouts.2f895bb2-caf0-4662-ab9f-636db69e9141.tabs.0.name','\"Content\"'),('entryTypes.195ed395-93dc-4560-b1cb-0a1ffcd98ec6.fieldLayouts.2f895bb2-caf0-4662-ab9f-636db69e9141.tabs.0.uid','\"b54397f3-5ac4-4f66-9ece-82feee5a59ce\"'),('entryTypes.195ed395-93dc-4560-b1cb-0a1ffcd98ec6.fieldLayouts.2f895bb2-caf0-4662-ab9f-636db69e9141.tabs.0.userCondition','null'),('entryTypes.195ed395-93dc-4560-b1cb-0a1ffcd98ec6.handle','\"teamList\"'),('entryTypes.195ed395-93dc-4560-b1cb-0a1ffcd98ec6.hasTitleField','true'),('entryTypes.195ed395-93dc-4560-b1cb-0a1ffcd98ec6.name','\"Team List\"'),('entryTypes.195ed395-93dc-4560-b1cb-0a1ffcd98ec6.section','\"7c4b5296-39c2-4009-bb52-3e1648f66c12\"'),('entryTypes.195ed395-93dc-4560-b1cb-0a1ffcd98ec6.sortOrder','1'),('entryTypes.195ed395-93dc-4560-b1cb-0a1ffcd98ec6.titleFormat','null'),('entryTypes.195ed395-93dc-4560-b1cb-0a1ffcd98ec6.titleTranslationKeyFormat','null'),('entryTypes.195ed395-93dc-4560-b1cb-0a1ffcd98ec6.titleTranslationMethod','\"site\"'),('entryTypes.4d4a19cd-c39c-4a6c-bfa3-0633e45ddd24.fieldLayouts.47f38a38-dfad-4390-ab28-4295423b081d.tabs.0.elementCondition','null'),('entryTypes.4d4a19cd-c39c-4a6c-bfa3-0633e45ddd24.fieldLayouts.47f38a38-dfad-4390-ab28-4295423b081d.tabs.0.elements.0.autocapitalize','true'),('entryTypes.4d4a19cd-c39c-4a6c-bfa3-0633e45ddd24.fieldLayouts.47f38a38-dfad-4390-ab28-4295423b081d.tabs.0.elements.0.autocomplete','false'),('entryTypes.4d4a19cd-c39c-4a6c-bfa3-0633e45ddd24.fieldLayouts.47f38a38-dfad-4390-ab28-4295423b081d.tabs.0.elements.0.autocorrect','true'),('entryTypes.4d4a19cd-c39c-4a6c-bfa3-0633e45ddd24.fieldLayouts.47f38a38-dfad-4390-ab28-4295423b081d.tabs.0.elements.0.class','null'),('entryTypes.4d4a19cd-c39c-4a6c-bfa3-0633e45ddd24.fieldLayouts.47f38a38-dfad-4390-ab28-4295423b081d.tabs.0.elements.0.disabled','false'),('entryTypes.4d4a19cd-c39c-4a6c-bfa3-0633e45ddd24.fieldLayouts.47f38a38-dfad-4390-ab28-4295423b081d.tabs.0.elements.0.elementCondition','null'),('entryTypes.4d4a19cd-c39c-4a6c-bfa3-0633e45ddd24.fieldLayouts.47f38a38-dfad-4390-ab28-4295423b081d.tabs.0.elements.0.id','null'),('entryTypes.4d4a19cd-c39c-4a6c-bfa3-0633e45ddd24.fieldLayouts.47f38a38-dfad-4390-ab28-4295423b081d.tabs.0.elements.0.instructions','null'),('entryTypes.4d4a19cd-c39c-4a6c-bfa3-0633e45ddd24.fieldLayouts.47f38a38-dfad-4390-ab28-4295423b081d.tabs.0.elements.0.label','null'),('entryTypes.4d4a19cd-c39c-4a6c-bfa3-0633e45ddd24.fieldLayouts.47f38a38-dfad-4390-ab28-4295423b081d.tabs.0.elements.0.max','null'),('entryTypes.4d4a19cd-c39c-4a6c-bfa3-0633e45ddd24.fieldLayouts.47f38a38-dfad-4390-ab28-4295423b081d.tabs.0.elements.0.min','null'),('entryTypes.4d4a19cd-c39c-4a6c-bfa3-0633e45ddd24.fieldLayouts.47f38a38-dfad-4390-ab28-4295423b081d.tabs.0.elements.0.name','null'),('entryTypes.4d4a19cd-c39c-4a6c-bfa3-0633e45ddd24.fieldLayouts.47f38a38-dfad-4390-ab28-4295423b081d.tabs.0.elements.0.orientation','null'),('entryTypes.4d4a19cd-c39c-4a6c-bfa3-0633e45ddd24.fieldLayouts.47f38a38-dfad-4390-ab28-4295423b081d.tabs.0.elements.0.placeholder','null'),('entryTypes.4d4a19cd-c39c-4a6c-bfa3-0633e45ddd24.fieldLayouts.47f38a38-dfad-4390-ab28-4295423b081d.tabs.0.elements.0.readonly','false'),('entryTypes.4d4a19cd-c39c-4a6c-bfa3-0633e45ddd24.fieldLayouts.47f38a38-dfad-4390-ab28-4295423b081d.tabs.0.elements.0.requirable','false'),('entryTypes.4d4a19cd-c39c-4a6c-bfa3-0633e45ddd24.fieldLayouts.47f38a38-dfad-4390-ab28-4295423b081d.tabs.0.elements.0.size','null'),('entryTypes.4d4a19cd-c39c-4a6c-bfa3-0633e45ddd24.fieldLayouts.47f38a38-dfad-4390-ab28-4295423b081d.tabs.0.elements.0.step','null'),('entryTypes.4d4a19cd-c39c-4a6c-bfa3-0633e45ddd24.fieldLayouts.47f38a38-dfad-4390-ab28-4295423b081d.tabs.0.elements.0.tip','null'),('entryTypes.4d4a19cd-c39c-4a6c-bfa3-0633e45ddd24.fieldLayouts.47f38a38-dfad-4390-ab28-4295423b081d.tabs.0.elements.0.title','null'),('entryTypes.4d4a19cd-c39c-4a6c-bfa3-0633e45ddd24.fieldLayouts.47f38a38-dfad-4390-ab28-4295423b081d.tabs.0.elements.0.type','\"craft\\\\fieldlayoutelements\\\\entries\\\\EntryTitleField\"'),('entryTypes.4d4a19cd-c39c-4a6c-bfa3-0633e45ddd24.fieldLayouts.47f38a38-dfad-4390-ab28-4295423b081d.tabs.0.elements.0.uid','\"4f7e9d7f-49c8-4e02-abbe-b3ad991bb62a\"'),('entryTypes.4d4a19cd-c39c-4a6c-bfa3-0633e45ddd24.fieldLayouts.47f38a38-dfad-4390-ab28-4295423b081d.tabs.0.elements.0.userCondition','null'),('entryTypes.4d4a19cd-c39c-4a6c-bfa3-0633e45ddd24.fieldLayouts.47f38a38-dfad-4390-ab28-4295423b081d.tabs.0.elements.0.warning','null'),('entryTypes.4d4a19cd-c39c-4a6c-bfa3-0633e45ddd24.fieldLayouts.47f38a38-dfad-4390-ab28-4295423b081d.tabs.0.elements.0.width','100'),('entryTypes.4d4a19cd-c39c-4a6c-bfa3-0633e45ddd24.fieldLayouts.47f38a38-dfad-4390-ab28-4295423b081d.tabs.0.elements.1.elementCondition','null'),('entryTypes.4d4a19cd-c39c-4a6c-bfa3-0633e45ddd24.fieldLayouts.47f38a38-dfad-4390-ab28-4295423b081d.tabs.0.elements.1.fieldUid','\"07a8eb6f-a12f-4e37-83d5-227b019a9659\"'),('entryTypes.4d4a19cd-c39c-4a6c-bfa3-0633e45ddd24.fieldLayouts.47f38a38-dfad-4390-ab28-4295423b081d.tabs.0.elements.1.instructions','null'),('entryTypes.4d4a19cd-c39c-4a6c-bfa3-0633e45ddd24.fieldLayouts.47f38a38-dfad-4390-ab28-4295423b081d.tabs.0.elements.1.label','null'),('entryTypes.4d4a19cd-c39c-4a6c-bfa3-0633e45ddd24.fieldLayouts.47f38a38-dfad-4390-ab28-4295423b081d.tabs.0.elements.1.required','false'),('entryTypes.4d4a19cd-c39c-4a6c-bfa3-0633e45ddd24.fieldLayouts.47f38a38-dfad-4390-ab28-4295423b081d.tabs.0.elements.1.tip','null'),('entryTypes.4d4a19cd-c39c-4a6c-bfa3-0633e45ddd24.fieldLayouts.47f38a38-dfad-4390-ab28-4295423b081d.tabs.0.elements.1.type','\"craft\\\\fieldlayoutelements\\\\CustomField\"'),('entryTypes.4d4a19cd-c39c-4a6c-bfa3-0633e45ddd24.fieldLayouts.47f38a38-dfad-4390-ab28-4295423b081d.tabs.0.elements.1.uid','\"07e79771-7ce8-4a81-8be7-5bf477690a74\"'),('entryTypes.4d4a19cd-c39c-4a6c-bfa3-0633e45ddd24.fieldLayouts.47f38a38-dfad-4390-ab28-4295423b081d.tabs.0.elements.1.userCondition','null'),('entryTypes.4d4a19cd-c39c-4a6c-bfa3-0633e45ddd24.fieldLayouts.47f38a38-dfad-4390-ab28-4295423b081d.tabs.0.elements.1.warning','null'),('entryTypes.4d4a19cd-c39c-4a6c-bfa3-0633e45ddd24.fieldLayouts.47f38a38-dfad-4390-ab28-4295423b081d.tabs.0.elements.1.width','100'),('entryTypes.4d4a19cd-c39c-4a6c-bfa3-0633e45ddd24.fieldLayouts.47f38a38-dfad-4390-ab28-4295423b081d.tabs.0.elements.2.elementCondition','null'),('entryTypes.4d4a19cd-c39c-4a6c-bfa3-0633e45ddd24.fieldLayouts.47f38a38-dfad-4390-ab28-4295423b081d.tabs.0.elements.2.fieldUid','\"413e9232-5ded-4379-b6e5-cd9739d03a35\"'),('entryTypes.4d4a19cd-c39c-4a6c-bfa3-0633e45ddd24.fieldLayouts.47f38a38-dfad-4390-ab28-4295423b081d.tabs.0.elements.2.instructions','null'),('entryTypes.4d4a19cd-c39c-4a6c-bfa3-0633e45ddd24.fieldLayouts.47f38a38-dfad-4390-ab28-4295423b081d.tabs.0.elements.2.label','null'),('entryTypes.4d4a19cd-c39c-4a6c-bfa3-0633e45ddd24.fieldLayouts.47f38a38-dfad-4390-ab28-4295423b081d.tabs.0.elements.2.required','false'),('entryTypes.4d4a19cd-c39c-4a6c-bfa3-0633e45ddd24.fieldLayouts.47f38a38-dfad-4390-ab28-4295423b081d.tabs.0.elements.2.tip','null'),('entryTypes.4d4a19cd-c39c-4a6c-bfa3-0633e45ddd24.fieldLayouts.47f38a38-dfad-4390-ab28-4295423b081d.tabs.0.elements.2.type','\"craft\\\\fieldlayoutelements\\\\CustomField\"'),('entryTypes.4d4a19cd-c39c-4a6c-bfa3-0633e45ddd24.fieldLayouts.47f38a38-dfad-4390-ab28-4295423b081d.tabs.0.elements.2.uid','\"79b83f0c-da83-484d-aa38-fa965067b229\"'),('entryTypes.4d4a19cd-c39c-4a6c-bfa3-0633e45ddd24.fieldLayouts.47f38a38-dfad-4390-ab28-4295423b081d.tabs.0.elements.2.userCondition','null'),('entryTypes.4d4a19cd-c39c-4a6c-bfa3-0633e45ddd24.fieldLayouts.47f38a38-dfad-4390-ab28-4295423b081d.tabs.0.elements.2.warning','null'),('entryTypes.4d4a19cd-c39c-4a6c-bfa3-0633e45ddd24.fieldLayouts.47f38a38-dfad-4390-ab28-4295423b081d.tabs.0.elements.2.width','100'),('entryTypes.4d4a19cd-c39c-4a6c-bfa3-0633e45ddd24.fieldLayouts.47f38a38-dfad-4390-ab28-4295423b081d.tabs.0.elements.3.elementCondition','null'),('entryTypes.4d4a19cd-c39c-4a6c-bfa3-0633e45ddd24.fieldLayouts.47f38a38-dfad-4390-ab28-4295423b081d.tabs.0.elements.3.fieldUid','\"d4af281b-9b46-4731-a2c3-bb5382fa6ca2\"'),('entryTypes.4d4a19cd-c39c-4a6c-bfa3-0633e45ddd24.fieldLayouts.47f38a38-dfad-4390-ab28-4295423b081d.tabs.0.elements.3.instructions','null'),('entryTypes.4d4a19cd-c39c-4a6c-bfa3-0633e45ddd24.fieldLayouts.47f38a38-dfad-4390-ab28-4295423b081d.tabs.0.elements.3.label','null'),('entryTypes.4d4a19cd-c39c-4a6c-bfa3-0633e45ddd24.fieldLayouts.47f38a38-dfad-4390-ab28-4295423b081d.tabs.0.elements.3.required','false'),('entryTypes.4d4a19cd-c39c-4a6c-bfa3-0633e45ddd24.fieldLayouts.47f38a38-dfad-4390-ab28-4295423b081d.tabs.0.elements.3.tip','null'),('entryTypes.4d4a19cd-c39c-4a6c-bfa3-0633e45ddd24.fieldLayouts.47f38a38-dfad-4390-ab28-4295423b081d.tabs.0.elements.3.type','\"craft\\\\fieldlayoutelements\\\\CustomField\"'),('entryTypes.4d4a19cd-c39c-4a6c-bfa3-0633e45ddd24.fieldLayouts.47f38a38-dfad-4390-ab28-4295423b081d.tabs.0.elements.3.uid','\"47ad210d-3df3-4308-8e63-b561a82e2a63\"'),('entryTypes.4d4a19cd-c39c-4a6c-bfa3-0633e45ddd24.fieldLayouts.47f38a38-dfad-4390-ab28-4295423b081d.tabs.0.elements.3.userCondition','null'),('entryTypes.4d4a19cd-c39c-4a6c-bfa3-0633e45ddd24.fieldLayouts.47f38a38-dfad-4390-ab28-4295423b081d.tabs.0.elements.3.warning','null'),('entryTypes.4d4a19cd-c39c-4a6c-bfa3-0633e45ddd24.fieldLayouts.47f38a38-dfad-4390-ab28-4295423b081d.tabs.0.elements.3.width','100'),('entryTypes.4d4a19cd-c39c-4a6c-bfa3-0633e45ddd24.fieldLayouts.47f38a38-dfad-4390-ab28-4295423b081d.tabs.0.name','\"Content\"'),('entryTypes.4d4a19cd-c39c-4a6c-bfa3-0633e45ddd24.fieldLayouts.47f38a38-dfad-4390-ab28-4295423b081d.tabs.0.uid','\"9edd764d-1ce2-4cf2-9c8c-1b24f9d57661\"'),('entryTypes.4d4a19cd-c39c-4a6c-bfa3-0633e45ddd24.fieldLayouts.47f38a38-dfad-4390-ab28-4295423b081d.tabs.0.userCondition','null'),('entryTypes.4d4a19cd-c39c-4a6c-bfa3-0633e45ddd24.handle','\"default\"'),('entryTypes.4d4a19cd-c39c-4a6c-bfa3-0633e45ddd24.hasTitleField','true'),('entryTypes.4d4a19cd-c39c-4a6c-bfa3-0633e45ddd24.name','\"Default\"'),('entryTypes.4d4a19cd-c39c-4a6c-bfa3-0633e45ddd24.section','\"6fa4a539-3604-41bf-befb-07726f7f702b\"'),('entryTypes.4d4a19cd-c39c-4a6c-bfa3-0633e45ddd24.sortOrder','1'),('entryTypes.4d4a19cd-c39c-4a6c-bfa3-0633e45ddd24.titleFormat','null'),('entryTypes.4d4a19cd-c39c-4a6c-bfa3-0633e45ddd24.titleTranslationKeyFormat','null'),('entryTypes.4d4a19cd-c39c-4a6c-bfa3-0633e45ddd24.titleTranslationMethod','\"site\"'),('entryTypes.7c14f2bf-3587-4b2e-b6a6-da3241e6c423.fieldLayouts.34e13e0b-0ce0-4a84-afc9-555ecb44afe1.tabs.0.elementCondition','null'),('entryTypes.7c14f2bf-3587-4b2e-b6a6-da3241e6c423.fieldLayouts.34e13e0b-0ce0-4a84-afc9-555ecb44afe1.tabs.0.elements.0.autocapitalize','true'),('entryTypes.7c14f2bf-3587-4b2e-b6a6-da3241e6c423.fieldLayouts.34e13e0b-0ce0-4a84-afc9-555ecb44afe1.tabs.0.elements.0.autocomplete','false'),('entryTypes.7c14f2bf-3587-4b2e-b6a6-da3241e6c423.fieldLayouts.34e13e0b-0ce0-4a84-afc9-555ecb44afe1.tabs.0.elements.0.autocorrect','true'),('entryTypes.7c14f2bf-3587-4b2e-b6a6-da3241e6c423.fieldLayouts.34e13e0b-0ce0-4a84-afc9-555ecb44afe1.tabs.0.elements.0.class','null'),('entryTypes.7c14f2bf-3587-4b2e-b6a6-da3241e6c423.fieldLayouts.34e13e0b-0ce0-4a84-afc9-555ecb44afe1.tabs.0.elements.0.disabled','false'),('entryTypes.7c14f2bf-3587-4b2e-b6a6-da3241e6c423.fieldLayouts.34e13e0b-0ce0-4a84-afc9-555ecb44afe1.tabs.0.elements.0.elementCondition','null'),('entryTypes.7c14f2bf-3587-4b2e-b6a6-da3241e6c423.fieldLayouts.34e13e0b-0ce0-4a84-afc9-555ecb44afe1.tabs.0.elements.0.id','null'),('entryTypes.7c14f2bf-3587-4b2e-b6a6-da3241e6c423.fieldLayouts.34e13e0b-0ce0-4a84-afc9-555ecb44afe1.tabs.0.elements.0.instructions','null'),('entryTypes.7c14f2bf-3587-4b2e-b6a6-da3241e6c423.fieldLayouts.34e13e0b-0ce0-4a84-afc9-555ecb44afe1.tabs.0.elements.0.label','null'),('entryTypes.7c14f2bf-3587-4b2e-b6a6-da3241e6c423.fieldLayouts.34e13e0b-0ce0-4a84-afc9-555ecb44afe1.tabs.0.elements.0.max','null'),('entryTypes.7c14f2bf-3587-4b2e-b6a6-da3241e6c423.fieldLayouts.34e13e0b-0ce0-4a84-afc9-555ecb44afe1.tabs.0.elements.0.min','null'),('entryTypes.7c14f2bf-3587-4b2e-b6a6-da3241e6c423.fieldLayouts.34e13e0b-0ce0-4a84-afc9-555ecb44afe1.tabs.0.elements.0.name','null'),('entryTypes.7c14f2bf-3587-4b2e-b6a6-da3241e6c423.fieldLayouts.34e13e0b-0ce0-4a84-afc9-555ecb44afe1.tabs.0.elements.0.orientation','null'),('entryTypes.7c14f2bf-3587-4b2e-b6a6-da3241e6c423.fieldLayouts.34e13e0b-0ce0-4a84-afc9-555ecb44afe1.tabs.0.elements.0.placeholder','null'),('entryTypes.7c14f2bf-3587-4b2e-b6a6-da3241e6c423.fieldLayouts.34e13e0b-0ce0-4a84-afc9-555ecb44afe1.tabs.0.elements.0.readonly','false'),('entryTypes.7c14f2bf-3587-4b2e-b6a6-da3241e6c423.fieldLayouts.34e13e0b-0ce0-4a84-afc9-555ecb44afe1.tabs.0.elements.0.requirable','false'),('entryTypes.7c14f2bf-3587-4b2e-b6a6-da3241e6c423.fieldLayouts.34e13e0b-0ce0-4a84-afc9-555ecb44afe1.tabs.0.elements.0.size','null'),('entryTypes.7c14f2bf-3587-4b2e-b6a6-da3241e6c423.fieldLayouts.34e13e0b-0ce0-4a84-afc9-555ecb44afe1.tabs.0.elements.0.step','null'),('entryTypes.7c14f2bf-3587-4b2e-b6a6-da3241e6c423.fieldLayouts.34e13e0b-0ce0-4a84-afc9-555ecb44afe1.tabs.0.elements.0.tip','null'),('entryTypes.7c14f2bf-3587-4b2e-b6a6-da3241e6c423.fieldLayouts.34e13e0b-0ce0-4a84-afc9-555ecb44afe1.tabs.0.elements.0.title','null'),('entryTypes.7c14f2bf-3587-4b2e-b6a6-da3241e6c423.fieldLayouts.34e13e0b-0ce0-4a84-afc9-555ecb44afe1.tabs.0.elements.0.type','\"craft\\\\fieldlayoutelements\\\\entries\\\\EntryTitleField\"'),('entryTypes.7c14f2bf-3587-4b2e-b6a6-da3241e6c423.fieldLayouts.34e13e0b-0ce0-4a84-afc9-555ecb44afe1.tabs.0.elements.0.uid','\"f4e3161c-9a0b-4989-ae2c-a7408e877c9b\"'),('entryTypes.7c14f2bf-3587-4b2e-b6a6-da3241e6c423.fieldLayouts.34e13e0b-0ce0-4a84-afc9-555ecb44afe1.tabs.0.elements.0.userCondition','null'),('entryTypes.7c14f2bf-3587-4b2e-b6a6-da3241e6c423.fieldLayouts.34e13e0b-0ce0-4a84-afc9-555ecb44afe1.tabs.0.elements.0.warning','null'),('entryTypes.7c14f2bf-3587-4b2e-b6a6-da3241e6c423.fieldLayouts.34e13e0b-0ce0-4a84-afc9-555ecb44afe1.tabs.0.elements.0.width','100'),('entryTypes.7c14f2bf-3587-4b2e-b6a6-da3241e6c423.fieldLayouts.34e13e0b-0ce0-4a84-afc9-555ecb44afe1.tabs.0.elements.1.elementCondition','null'),('entryTypes.7c14f2bf-3587-4b2e-b6a6-da3241e6c423.fieldLayouts.34e13e0b-0ce0-4a84-afc9-555ecb44afe1.tabs.0.elements.1.fieldUid','\"71be2c8f-d8f8-48a6-80a5-69d9405a4c6e\"'),('entryTypes.7c14f2bf-3587-4b2e-b6a6-da3241e6c423.fieldLayouts.34e13e0b-0ce0-4a84-afc9-555ecb44afe1.tabs.0.elements.1.instructions','null'),('entryTypes.7c14f2bf-3587-4b2e-b6a6-da3241e6c423.fieldLayouts.34e13e0b-0ce0-4a84-afc9-555ecb44afe1.tabs.0.elements.1.label','null'),('entryTypes.7c14f2bf-3587-4b2e-b6a6-da3241e6c423.fieldLayouts.34e13e0b-0ce0-4a84-afc9-555ecb44afe1.tabs.0.elements.1.required','false'),('entryTypes.7c14f2bf-3587-4b2e-b6a6-da3241e6c423.fieldLayouts.34e13e0b-0ce0-4a84-afc9-555ecb44afe1.tabs.0.elements.1.tip','null'),('entryTypes.7c14f2bf-3587-4b2e-b6a6-da3241e6c423.fieldLayouts.34e13e0b-0ce0-4a84-afc9-555ecb44afe1.tabs.0.elements.1.type','\"craft\\\\fieldlayoutelements\\\\CustomField\"'),('entryTypes.7c14f2bf-3587-4b2e-b6a6-da3241e6c423.fieldLayouts.34e13e0b-0ce0-4a84-afc9-555ecb44afe1.tabs.0.elements.1.uid','\"c334d70b-77d3-4609-bd8e-a593aa28c62c\"'),('entryTypes.7c14f2bf-3587-4b2e-b6a6-da3241e6c423.fieldLayouts.34e13e0b-0ce0-4a84-afc9-555ecb44afe1.tabs.0.elements.1.userCondition','null'),('entryTypes.7c14f2bf-3587-4b2e-b6a6-da3241e6c423.fieldLayouts.34e13e0b-0ce0-4a84-afc9-555ecb44afe1.tabs.0.elements.1.warning','null'),('entryTypes.7c14f2bf-3587-4b2e-b6a6-da3241e6c423.fieldLayouts.34e13e0b-0ce0-4a84-afc9-555ecb44afe1.tabs.0.elements.1.width','100'),('entryTypes.7c14f2bf-3587-4b2e-b6a6-da3241e6c423.fieldLayouts.34e13e0b-0ce0-4a84-afc9-555ecb44afe1.tabs.0.elements.2.elementCondition','null'),('entryTypes.7c14f2bf-3587-4b2e-b6a6-da3241e6c423.fieldLayouts.34e13e0b-0ce0-4a84-afc9-555ecb44afe1.tabs.0.elements.2.fieldUid','\"f27f95b7-d0f8-4d42-889d-9c5fac6801e9\"'),('entryTypes.7c14f2bf-3587-4b2e-b6a6-da3241e6c423.fieldLayouts.34e13e0b-0ce0-4a84-afc9-555ecb44afe1.tabs.0.elements.2.instructions','null'),('entryTypes.7c14f2bf-3587-4b2e-b6a6-da3241e6c423.fieldLayouts.34e13e0b-0ce0-4a84-afc9-555ecb44afe1.tabs.0.elements.2.label','null'),('entryTypes.7c14f2bf-3587-4b2e-b6a6-da3241e6c423.fieldLayouts.34e13e0b-0ce0-4a84-afc9-555ecb44afe1.tabs.0.elements.2.required','false'),('entryTypes.7c14f2bf-3587-4b2e-b6a6-da3241e6c423.fieldLayouts.34e13e0b-0ce0-4a84-afc9-555ecb44afe1.tabs.0.elements.2.tip','null'),('entryTypes.7c14f2bf-3587-4b2e-b6a6-da3241e6c423.fieldLayouts.34e13e0b-0ce0-4a84-afc9-555ecb44afe1.tabs.0.elements.2.type','\"craft\\\\fieldlayoutelements\\\\CustomField\"'),('entryTypes.7c14f2bf-3587-4b2e-b6a6-da3241e6c423.fieldLayouts.34e13e0b-0ce0-4a84-afc9-555ecb44afe1.tabs.0.elements.2.uid','\"99fc79a3-a033-46e0-ac32-48697b3b3bbe\"'),('entryTypes.7c14f2bf-3587-4b2e-b6a6-da3241e6c423.fieldLayouts.34e13e0b-0ce0-4a84-afc9-555ecb44afe1.tabs.0.elements.2.userCondition','null'),('entryTypes.7c14f2bf-3587-4b2e-b6a6-da3241e6c423.fieldLayouts.34e13e0b-0ce0-4a84-afc9-555ecb44afe1.tabs.0.elements.2.warning','null'),('entryTypes.7c14f2bf-3587-4b2e-b6a6-da3241e6c423.fieldLayouts.34e13e0b-0ce0-4a84-afc9-555ecb44afe1.tabs.0.elements.2.width','100'),('entryTypes.7c14f2bf-3587-4b2e-b6a6-da3241e6c423.fieldLayouts.34e13e0b-0ce0-4a84-afc9-555ecb44afe1.tabs.0.name','\"Content\"'),('entryTypes.7c14f2bf-3587-4b2e-b6a6-da3241e6c423.fieldLayouts.34e13e0b-0ce0-4a84-afc9-555ecb44afe1.tabs.0.uid','\"26ae5ff0-1c20-4996-8ca3-d39e352f5f51\"'),('entryTypes.7c14f2bf-3587-4b2e-b6a6-da3241e6c423.fieldLayouts.34e13e0b-0ce0-4a84-afc9-555ecb44afe1.tabs.0.userCondition','null'),('entryTypes.7c14f2bf-3587-4b2e-b6a6-da3241e6c423.handle','\"contact\"'),('entryTypes.7c14f2bf-3587-4b2e-b6a6-da3241e6c423.hasTitleField','true'),('entryTypes.7c14f2bf-3587-4b2e-b6a6-da3241e6c423.name','\"Contact\"'),('entryTypes.7c14f2bf-3587-4b2e-b6a6-da3241e6c423.section','\"721ca285-b527-4f49-a8a3-fe39d7bf6625\"'),('entryTypes.7c14f2bf-3587-4b2e-b6a6-da3241e6c423.sortOrder','1'),('entryTypes.7c14f2bf-3587-4b2e-b6a6-da3241e6c423.titleFormat','\"{section.name|raw}\"'),('entryTypes.7c14f2bf-3587-4b2e-b6a6-da3241e6c423.titleTranslationKeyFormat','null'),('entryTypes.7c14f2bf-3587-4b2e-b6a6-da3241e6c423.titleTranslationMethod','\"site\"'),('entryTypes.ada0c907-3ba4-496b-8e49-49598cdcc295.fieldLayouts.915da9d5-3184-465d-b6b0-319ec16f744f.tabs.0.elementCondition','null'),('entryTypes.ada0c907-3ba4-496b-8e49-49598cdcc295.fieldLayouts.915da9d5-3184-465d-b6b0-319ec16f744f.tabs.0.elements.0.autocapitalize','true'),('entryTypes.ada0c907-3ba4-496b-8e49-49598cdcc295.fieldLayouts.915da9d5-3184-465d-b6b0-319ec16f744f.tabs.0.elements.0.autocomplete','false'),('entryTypes.ada0c907-3ba4-496b-8e49-49598cdcc295.fieldLayouts.915da9d5-3184-465d-b6b0-319ec16f744f.tabs.0.elements.0.autocorrect','true'),('entryTypes.ada0c907-3ba4-496b-8e49-49598cdcc295.fieldLayouts.915da9d5-3184-465d-b6b0-319ec16f744f.tabs.0.elements.0.class','null'),('entryTypes.ada0c907-3ba4-496b-8e49-49598cdcc295.fieldLayouts.915da9d5-3184-465d-b6b0-319ec16f744f.tabs.0.elements.0.disabled','false'),('entryTypes.ada0c907-3ba4-496b-8e49-49598cdcc295.fieldLayouts.915da9d5-3184-465d-b6b0-319ec16f744f.tabs.0.elements.0.elementCondition','null'),('entryTypes.ada0c907-3ba4-496b-8e49-49598cdcc295.fieldLayouts.915da9d5-3184-465d-b6b0-319ec16f744f.tabs.0.elements.0.id','null'),('entryTypes.ada0c907-3ba4-496b-8e49-49598cdcc295.fieldLayouts.915da9d5-3184-465d-b6b0-319ec16f744f.tabs.0.elements.0.instructions','null'),('entryTypes.ada0c907-3ba4-496b-8e49-49598cdcc295.fieldLayouts.915da9d5-3184-465d-b6b0-319ec16f744f.tabs.0.elements.0.label','null'),('entryTypes.ada0c907-3ba4-496b-8e49-49598cdcc295.fieldLayouts.915da9d5-3184-465d-b6b0-319ec16f744f.tabs.0.elements.0.max','null'),('entryTypes.ada0c907-3ba4-496b-8e49-49598cdcc295.fieldLayouts.915da9d5-3184-465d-b6b0-319ec16f744f.tabs.0.elements.0.min','null'),('entryTypes.ada0c907-3ba4-496b-8e49-49598cdcc295.fieldLayouts.915da9d5-3184-465d-b6b0-319ec16f744f.tabs.0.elements.0.name','null'),('entryTypes.ada0c907-3ba4-496b-8e49-49598cdcc295.fieldLayouts.915da9d5-3184-465d-b6b0-319ec16f744f.tabs.0.elements.0.orientation','null'),('entryTypes.ada0c907-3ba4-496b-8e49-49598cdcc295.fieldLayouts.915da9d5-3184-465d-b6b0-319ec16f744f.tabs.0.elements.0.placeholder','null'),('entryTypes.ada0c907-3ba4-496b-8e49-49598cdcc295.fieldLayouts.915da9d5-3184-465d-b6b0-319ec16f744f.tabs.0.elements.0.readonly','false'),('entryTypes.ada0c907-3ba4-496b-8e49-49598cdcc295.fieldLayouts.915da9d5-3184-465d-b6b0-319ec16f744f.tabs.0.elements.0.requirable','false'),('entryTypes.ada0c907-3ba4-496b-8e49-49598cdcc295.fieldLayouts.915da9d5-3184-465d-b6b0-319ec16f744f.tabs.0.elements.0.size','null'),('entryTypes.ada0c907-3ba4-496b-8e49-49598cdcc295.fieldLayouts.915da9d5-3184-465d-b6b0-319ec16f744f.tabs.0.elements.0.step','null'),('entryTypes.ada0c907-3ba4-496b-8e49-49598cdcc295.fieldLayouts.915da9d5-3184-465d-b6b0-319ec16f744f.tabs.0.elements.0.tip','null'),('entryTypes.ada0c907-3ba4-496b-8e49-49598cdcc295.fieldLayouts.915da9d5-3184-465d-b6b0-319ec16f744f.tabs.0.elements.0.title','null'),('entryTypes.ada0c907-3ba4-496b-8e49-49598cdcc295.fieldLayouts.915da9d5-3184-465d-b6b0-319ec16f744f.tabs.0.elements.0.type','\"craft\\\\fieldlayoutelements\\\\entries\\\\EntryTitleField\"'),('entryTypes.ada0c907-3ba4-496b-8e49-49598cdcc295.fieldLayouts.915da9d5-3184-465d-b6b0-319ec16f744f.tabs.0.elements.0.uid','\"9196cb53-4093-4fde-afd6-056f4d0495c9\"'),('entryTypes.ada0c907-3ba4-496b-8e49-49598cdcc295.fieldLayouts.915da9d5-3184-465d-b6b0-319ec16f744f.tabs.0.elements.0.userCondition','null'),('entryTypes.ada0c907-3ba4-496b-8e49-49598cdcc295.fieldLayouts.915da9d5-3184-465d-b6b0-319ec16f744f.tabs.0.elements.0.warning','null'),('entryTypes.ada0c907-3ba4-496b-8e49-49598cdcc295.fieldLayouts.915da9d5-3184-465d-b6b0-319ec16f744f.tabs.0.elements.0.width','100'),('entryTypes.ada0c907-3ba4-496b-8e49-49598cdcc295.fieldLayouts.915da9d5-3184-465d-b6b0-319ec16f744f.tabs.0.elements.1.elementCondition','null'),('entryTypes.ada0c907-3ba4-496b-8e49-49598cdcc295.fieldLayouts.915da9d5-3184-465d-b6b0-319ec16f744f.tabs.0.elements.1.fieldUid','\"7cdda45a-f36b-4596-881d-1d591c64419b\"'),('entryTypes.ada0c907-3ba4-496b-8e49-49598cdcc295.fieldLayouts.915da9d5-3184-465d-b6b0-319ec16f744f.tabs.0.elements.1.instructions','null'),('entryTypes.ada0c907-3ba4-496b-8e49-49598cdcc295.fieldLayouts.915da9d5-3184-465d-b6b0-319ec16f744f.tabs.0.elements.1.label','null'),('entryTypes.ada0c907-3ba4-496b-8e49-49598cdcc295.fieldLayouts.915da9d5-3184-465d-b6b0-319ec16f744f.tabs.0.elements.1.required','false'),('entryTypes.ada0c907-3ba4-496b-8e49-49598cdcc295.fieldLayouts.915da9d5-3184-465d-b6b0-319ec16f744f.tabs.0.elements.1.tip','null'),('entryTypes.ada0c907-3ba4-496b-8e49-49598cdcc295.fieldLayouts.915da9d5-3184-465d-b6b0-319ec16f744f.tabs.0.elements.1.type','\"craft\\\\fieldlayoutelements\\\\CustomField\"'),('entryTypes.ada0c907-3ba4-496b-8e49-49598cdcc295.fieldLayouts.915da9d5-3184-465d-b6b0-319ec16f744f.tabs.0.elements.1.uid','\"7902f486-c87e-4e82-bf38-5d97258f9456\"'),('entryTypes.ada0c907-3ba4-496b-8e49-49598cdcc295.fieldLayouts.915da9d5-3184-465d-b6b0-319ec16f744f.tabs.0.elements.1.userCondition','null'),('entryTypes.ada0c907-3ba4-496b-8e49-49598cdcc295.fieldLayouts.915da9d5-3184-465d-b6b0-319ec16f744f.tabs.0.elements.1.warning','null'),('entryTypes.ada0c907-3ba4-496b-8e49-49598cdcc295.fieldLayouts.915da9d5-3184-465d-b6b0-319ec16f744f.tabs.0.elements.1.width','100'),('entryTypes.ada0c907-3ba4-496b-8e49-49598cdcc295.fieldLayouts.915da9d5-3184-465d-b6b0-319ec16f744f.tabs.0.elements.2.elementCondition','null'),('entryTypes.ada0c907-3ba4-496b-8e49-49598cdcc295.fieldLayouts.915da9d5-3184-465d-b6b0-319ec16f744f.tabs.0.elements.2.fieldUid','\"b625fb03-11a3-4712-a711-a4c007b7e680\"'),('entryTypes.ada0c907-3ba4-496b-8e49-49598cdcc295.fieldLayouts.915da9d5-3184-465d-b6b0-319ec16f744f.tabs.0.elements.2.instructions','null'),('entryTypes.ada0c907-3ba4-496b-8e49-49598cdcc295.fieldLayouts.915da9d5-3184-465d-b6b0-319ec16f744f.tabs.0.elements.2.label','null'),('entryTypes.ada0c907-3ba4-496b-8e49-49598cdcc295.fieldLayouts.915da9d5-3184-465d-b6b0-319ec16f744f.tabs.0.elements.2.required','false'),('entryTypes.ada0c907-3ba4-496b-8e49-49598cdcc295.fieldLayouts.915da9d5-3184-465d-b6b0-319ec16f744f.tabs.0.elements.2.tip','null'),('entryTypes.ada0c907-3ba4-496b-8e49-49598cdcc295.fieldLayouts.915da9d5-3184-465d-b6b0-319ec16f744f.tabs.0.elements.2.type','\"craft\\\\fieldlayoutelements\\\\CustomField\"'),('entryTypes.ada0c907-3ba4-496b-8e49-49598cdcc295.fieldLayouts.915da9d5-3184-465d-b6b0-319ec16f744f.tabs.0.elements.2.uid','\"d6cca1b7-ef4f-424b-b60c-fa6d97600e81\"'),('entryTypes.ada0c907-3ba4-496b-8e49-49598cdcc295.fieldLayouts.915da9d5-3184-465d-b6b0-319ec16f744f.tabs.0.elements.2.userCondition','null'),('entryTypes.ada0c907-3ba4-496b-8e49-49598cdcc295.fieldLayouts.915da9d5-3184-465d-b6b0-319ec16f744f.tabs.0.elements.2.warning','null'),('entryTypes.ada0c907-3ba4-496b-8e49-49598cdcc295.fieldLayouts.915da9d5-3184-465d-b6b0-319ec16f744f.tabs.0.elements.2.width','100'),('entryTypes.ada0c907-3ba4-496b-8e49-49598cdcc295.fieldLayouts.915da9d5-3184-465d-b6b0-319ec16f744f.tabs.0.elements.3.elementCondition','null'),('entryTypes.ada0c907-3ba4-496b-8e49-49598cdcc295.fieldLayouts.915da9d5-3184-465d-b6b0-319ec16f744f.tabs.0.elements.3.fieldUid','\"cdce4c0f-87d5-4cbe-9ef1-6dc9f3ad5790\"'),('entryTypes.ada0c907-3ba4-496b-8e49-49598cdcc295.fieldLayouts.915da9d5-3184-465d-b6b0-319ec16f744f.tabs.0.elements.3.instructions','null'),('entryTypes.ada0c907-3ba4-496b-8e49-49598cdcc295.fieldLayouts.915da9d5-3184-465d-b6b0-319ec16f744f.tabs.0.elements.3.label','null'),('entryTypes.ada0c907-3ba4-496b-8e49-49598cdcc295.fieldLayouts.915da9d5-3184-465d-b6b0-319ec16f744f.tabs.0.elements.3.required','false'),('entryTypes.ada0c907-3ba4-496b-8e49-49598cdcc295.fieldLayouts.915da9d5-3184-465d-b6b0-319ec16f744f.tabs.0.elements.3.tip','null'),('entryTypes.ada0c907-3ba4-496b-8e49-49598cdcc295.fieldLayouts.915da9d5-3184-465d-b6b0-319ec16f744f.tabs.0.elements.3.type','\"craft\\\\fieldlayoutelements\\\\CustomField\"'),('entryTypes.ada0c907-3ba4-496b-8e49-49598cdcc295.fieldLayouts.915da9d5-3184-465d-b6b0-319ec16f744f.tabs.0.elements.3.uid','\"591132af-598e-4fef-be96-8a949ac28453\"'),('entryTypes.ada0c907-3ba4-496b-8e49-49598cdcc295.fieldLayouts.915da9d5-3184-465d-b6b0-319ec16f744f.tabs.0.elements.3.userCondition','null'),('entryTypes.ada0c907-3ba4-496b-8e49-49598cdcc295.fieldLayouts.915da9d5-3184-465d-b6b0-319ec16f744f.tabs.0.elements.3.warning','null'),('entryTypes.ada0c907-3ba4-496b-8e49-49598cdcc295.fieldLayouts.915da9d5-3184-465d-b6b0-319ec16f744f.tabs.0.elements.3.width','100'),('entryTypes.ada0c907-3ba4-496b-8e49-49598cdcc295.fieldLayouts.915da9d5-3184-465d-b6b0-319ec16f744f.tabs.0.elements.4.elementCondition','null'),('entryTypes.ada0c907-3ba4-496b-8e49-49598cdcc295.fieldLayouts.915da9d5-3184-465d-b6b0-319ec16f744f.tabs.0.elements.4.fieldUid','\"e3f755a7-f851-4ec8-99a3-bc56a6ff887c\"'),('entryTypes.ada0c907-3ba4-496b-8e49-49598cdcc295.fieldLayouts.915da9d5-3184-465d-b6b0-319ec16f744f.tabs.0.elements.4.instructions','null'),('entryTypes.ada0c907-3ba4-496b-8e49-49598cdcc295.fieldLayouts.915da9d5-3184-465d-b6b0-319ec16f744f.tabs.0.elements.4.label','null'),('entryTypes.ada0c907-3ba4-496b-8e49-49598cdcc295.fieldLayouts.915da9d5-3184-465d-b6b0-319ec16f744f.tabs.0.elements.4.required','false'),('entryTypes.ada0c907-3ba4-496b-8e49-49598cdcc295.fieldLayouts.915da9d5-3184-465d-b6b0-319ec16f744f.tabs.0.elements.4.tip','null'),('entryTypes.ada0c907-3ba4-496b-8e49-49598cdcc295.fieldLayouts.915da9d5-3184-465d-b6b0-319ec16f744f.tabs.0.elements.4.type','\"craft\\\\fieldlayoutelements\\\\CustomField\"'),('entryTypes.ada0c907-3ba4-496b-8e49-49598cdcc295.fieldLayouts.915da9d5-3184-465d-b6b0-319ec16f744f.tabs.0.elements.4.uid','\"5903d254-903b-4cd8-b578-dbe2c009bf09\"'),('entryTypes.ada0c907-3ba4-496b-8e49-49598cdcc295.fieldLayouts.915da9d5-3184-465d-b6b0-319ec16f744f.tabs.0.elements.4.userCondition','null'),('entryTypes.ada0c907-3ba4-496b-8e49-49598cdcc295.fieldLayouts.915da9d5-3184-465d-b6b0-319ec16f744f.tabs.0.elements.4.warning','null'),('entryTypes.ada0c907-3ba4-496b-8e49-49598cdcc295.fieldLayouts.915da9d5-3184-465d-b6b0-319ec16f744f.tabs.0.elements.4.width','100'),('entryTypes.ada0c907-3ba4-496b-8e49-49598cdcc295.fieldLayouts.915da9d5-3184-465d-b6b0-319ec16f744f.tabs.0.name','\"Content\"'),('entryTypes.ada0c907-3ba4-496b-8e49-49598cdcc295.fieldLayouts.915da9d5-3184-465d-b6b0-319ec16f744f.tabs.0.uid','\"6e0578ec-49a0-4f17-a6e1-f003bb66fd53\"'),('entryTypes.ada0c907-3ba4-496b-8e49-49598cdcc295.fieldLayouts.915da9d5-3184-465d-b6b0-319ec16f744f.tabs.0.userCondition','null'),('entryTypes.ada0c907-3ba4-496b-8e49-49598cdcc295.handle','\"projects\"'),('entryTypes.ada0c907-3ba4-496b-8e49-49598cdcc295.hasTitleField','true'),('entryTypes.ada0c907-3ba4-496b-8e49-49598cdcc295.name','\"Projects\"'),('entryTypes.ada0c907-3ba4-496b-8e49-49598cdcc295.section','\"43152f16-1cbd-44a8-bf66-aa0c38d63287\"'),('entryTypes.ada0c907-3ba4-496b-8e49-49598cdcc295.sortOrder','1'),('entryTypes.ada0c907-3ba4-496b-8e49-49598cdcc295.titleFormat','\"{section.name|raw}\"'),('entryTypes.ada0c907-3ba4-496b-8e49-49598cdcc295.titleTranslationKeyFormat','null'),('entryTypes.ada0c907-3ba4-496b-8e49-49598cdcc295.titleTranslationMethod','\"site\"'),('entryTypes.eda9509c-70b1-40f8-b6c1-c390ad621de6.fieldLayouts.58d34772-778f-4577-b637-509a78dac462.tabs.0.elementCondition','null'),('entryTypes.eda9509c-70b1-40f8-b6c1-c390ad621de6.fieldLayouts.58d34772-778f-4577-b637-509a78dac462.tabs.0.elements.0.elementCondition','null'),('entryTypes.eda9509c-70b1-40f8-b6c1-c390ad621de6.fieldLayouts.58d34772-778f-4577-b637-509a78dac462.tabs.0.elements.0.fieldUid','\"26b9f32d-55f0-470c-b16c-8bfba250a0a7\"'),('entryTypes.eda9509c-70b1-40f8-b6c1-c390ad621de6.fieldLayouts.58d34772-778f-4577-b637-509a78dac462.tabs.0.elements.0.instructions','null'),('entryTypes.eda9509c-70b1-40f8-b6c1-c390ad621de6.fieldLayouts.58d34772-778f-4577-b637-509a78dac462.tabs.0.elements.0.label','null'),('entryTypes.eda9509c-70b1-40f8-b6c1-c390ad621de6.fieldLayouts.58d34772-778f-4577-b637-509a78dac462.tabs.0.elements.0.required','false'),('entryTypes.eda9509c-70b1-40f8-b6c1-c390ad621de6.fieldLayouts.58d34772-778f-4577-b637-509a78dac462.tabs.0.elements.0.tip','null'),('entryTypes.eda9509c-70b1-40f8-b6c1-c390ad621de6.fieldLayouts.58d34772-778f-4577-b637-509a78dac462.tabs.0.elements.0.type','\"craft\\\\fieldlayoutelements\\\\CustomField\"'),('entryTypes.eda9509c-70b1-40f8-b6c1-c390ad621de6.fieldLayouts.58d34772-778f-4577-b637-509a78dac462.tabs.0.elements.0.uid','\"1c253925-5b1b-431b-bd99-c6dcf72b9e81\"'),('entryTypes.eda9509c-70b1-40f8-b6c1-c390ad621de6.fieldLayouts.58d34772-778f-4577-b637-509a78dac462.tabs.0.elements.0.userCondition','null'),('entryTypes.eda9509c-70b1-40f8-b6c1-c390ad621de6.fieldLayouts.58d34772-778f-4577-b637-509a78dac462.tabs.0.elements.0.warning','null'),('entryTypes.eda9509c-70b1-40f8-b6c1-c390ad621de6.fieldLayouts.58d34772-778f-4577-b637-509a78dac462.tabs.0.elements.0.width','100'),('entryTypes.eda9509c-70b1-40f8-b6c1-c390ad621de6.fieldLayouts.58d34772-778f-4577-b637-509a78dac462.tabs.0.elements.1.autocapitalize','true'),('entryTypes.eda9509c-70b1-40f8-b6c1-c390ad621de6.fieldLayouts.58d34772-778f-4577-b637-509a78dac462.tabs.0.elements.1.autocomplete','false'),('entryTypes.eda9509c-70b1-40f8-b6c1-c390ad621de6.fieldLayouts.58d34772-778f-4577-b637-509a78dac462.tabs.0.elements.1.autocorrect','true'),('entryTypes.eda9509c-70b1-40f8-b6c1-c390ad621de6.fieldLayouts.58d34772-778f-4577-b637-509a78dac462.tabs.0.elements.1.class','null'),('entryTypes.eda9509c-70b1-40f8-b6c1-c390ad621de6.fieldLayouts.58d34772-778f-4577-b637-509a78dac462.tabs.0.elements.1.disabled','false'),('entryTypes.eda9509c-70b1-40f8-b6c1-c390ad621de6.fieldLayouts.58d34772-778f-4577-b637-509a78dac462.tabs.0.elements.1.elementCondition','null'),('entryTypes.eda9509c-70b1-40f8-b6c1-c390ad621de6.fieldLayouts.58d34772-778f-4577-b637-509a78dac462.tabs.0.elements.1.id','null'),('entryTypes.eda9509c-70b1-40f8-b6c1-c390ad621de6.fieldLayouts.58d34772-778f-4577-b637-509a78dac462.tabs.0.elements.1.instructions','null'),('entryTypes.eda9509c-70b1-40f8-b6c1-c390ad621de6.fieldLayouts.58d34772-778f-4577-b637-509a78dac462.tabs.0.elements.1.label','null'),('entryTypes.eda9509c-70b1-40f8-b6c1-c390ad621de6.fieldLayouts.58d34772-778f-4577-b637-509a78dac462.tabs.0.elements.1.max','null'),('entryTypes.eda9509c-70b1-40f8-b6c1-c390ad621de6.fieldLayouts.58d34772-778f-4577-b637-509a78dac462.tabs.0.elements.1.min','null'),('entryTypes.eda9509c-70b1-40f8-b6c1-c390ad621de6.fieldLayouts.58d34772-778f-4577-b637-509a78dac462.tabs.0.elements.1.name','null'),('entryTypes.eda9509c-70b1-40f8-b6c1-c390ad621de6.fieldLayouts.58d34772-778f-4577-b637-509a78dac462.tabs.0.elements.1.orientation','null'),('entryTypes.eda9509c-70b1-40f8-b6c1-c390ad621de6.fieldLayouts.58d34772-778f-4577-b637-509a78dac462.tabs.0.elements.1.placeholder','null'),('entryTypes.eda9509c-70b1-40f8-b6c1-c390ad621de6.fieldLayouts.58d34772-778f-4577-b637-509a78dac462.tabs.0.elements.1.readonly','false'),('entryTypes.eda9509c-70b1-40f8-b6c1-c390ad621de6.fieldLayouts.58d34772-778f-4577-b637-509a78dac462.tabs.0.elements.1.requirable','false'),('entryTypes.eda9509c-70b1-40f8-b6c1-c390ad621de6.fieldLayouts.58d34772-778f-4577-b637-509a78dac462.tabs.0.elements.1.size','null'),('entryTypes.eda9509c-70b1-40f8-b6c1-c390ad621de6.fieldLayouts.58d34772-778f-4577-b637-509a78dac462.tabs.0.elements.1.step','null'),('entryTypes.eda9509c-70b1-40f8-b6c1-c390ad621de6.fieldLayouts.58d34772-778f-4577-b637-509a78dac462.tabs.0.elements.1.tip','null'),('entryTypes.eda9509c-70b1-40f8-b6c1-c390ad621de6.fieldLayouts.58d34772-778f-4577-b637-509a78dac462.tabs.0.elements.1.title','null'),('entryTypes.eda9509c-70b1-40f8-b6c1-c390ad621de6.fieldLayouts.58d34772-778f-4577-b637-509a78dac462.tabs.0.elements.1.type','\"craft\\\\fieldlayoutelements\\\\entries\\\\EntryTitleField\"'),('entryTypes.eda9509c-70b1-40f8-b6c1-c390ad621de6.fieldLayouts.58d34772-778f-4577-b637-509a78dac462.tabs.0.elements.1.uid','\"256ab9c7-b4f0-4823-b55e-264c6514035e\"'),('entryTypes.eda9509c-70b1-40f8-b6c1-c390ad621de6.fieldLayouts.58d34772-778f-4577-b637-509a78dac462.tabs.0.elements.1.userCondition','null'),('entryTypes.eda9509c-70b1-40f8-b6c1-c390ad621de6.fieldLayouts.58d34772-778f-4577-b637-509a78dac462.tabs.0.elements.1.warning','null'),('entryTypes.eda9509c-70b1-40f8-b6c1-c390ad621de6.fieldLayouts.58d34772-778f-4577-b637-509a78dac462.tabs.0.elements.1.width','100'),('entryTypes.eda9509c-70b1-40f8-b6c1-c390ad621de6.fieldLayouts.58d34772-778f-4577-b637-509a78dac462.tabs.0.elements.2.elementCondition','null'),('entryTypes.eda9509c-70b1-40f8-b6c1-c390ad621de6.fieldLayouts.58d34772-778f-4577-b637-509a78dac462.tabs.0.elements.2.fieldUid','\"e4f68ba6-b1ad-40d9-8e66-25f943be90a9\"'),('entryTypes.eda9509c-70b1-40f8-b6c1-c390ad621de6.fieldLayouts.58d34772-778f-4577-b637-509a78dac462.tabs.0.elements.2.instructions','null'),('entryTypes.eda9509c-70b1-40f8-b6c1-c390ad621de6.fieldLayouts.58d34772-778f-4577-b637-509a78dac462.tabs.0.elements.2.label','null'),('entryTypes.eda9509c-70b1-40f8-b6c1-c390ad621de6.fieldLayouts.58d34772-778f-4577-b637-509a78dac462.tabs.0.elements.2.required','false'),('entryTypes.eda9509c-70b1-40f8-b6c1-c390ad621de6.fieldLayouts.58d34772-778f-4577-b637-509a78dac462.tabs.0.elements.2.tip','null'),('entryTypes.eda9509c-70b1-40f8-b6c1-c390ad621de6.fieldLayouts.58d34772-778f-4577-b637-509a78dac462.tabs.0.elements.2.type','\"craft\\\\fieldlayoutelements\\\\CustomField\"'),('entryTypes.eda9509c-70b1-40f8-b6c1-c390ad621de6.fieldLayouts.58d34772-778f-4577-b637-509a78dac462.tabs.0.elements.2.uid','\"eee12da7-9509-4fbd-83a3-6923c3cacfd9\"'),('entryTypes.eda9509c-70b1-40f8-b6c1-c390ad621de6.fieldLayouts.58d34772-778f-4577-b637-509a78dac462.tabs.0.elements.2.userCondition','null'),('entryTypes.eda9509c-70b1-40f8-b6c1-c390ad621de6.fieldLayouts.58d34772-778f-4577-b637-509a78dac462.tabs.0.elements.2.warning','null'),('entryTypes.eda9509c-70b1-40f8-b6c1-c390ad621de6.fieldLayouts.58d34772-778f-4577-b637-509a78dac462.tabs.0.elements.2.width','100'),('entryTypes.eda9509c-70b1-40f8-b6c1-c390ad621de6.fieldLayouts.58d34772-778f-4577-b637-509a78dac462.tabs.0.elements.3.elementCondition','null'),('entryTypes.eda9509c-70b1-40f8-b6c1-c390ad621de6.fieldLayouts.58d34772-778f-4577-b637-509a78dac462.tabs.0.elements.3.fieldUid','\"f33f3627-6b49-4717-b33f-a74aa57fc237\"'),('entryTypes.eda9509c-70b1-40f8-b6c1-c390ad621de6.fieldLayouts.58d34772-778f-4577-b637-509a78dac462.tabs.0.elements.3.instructions','null'),('entryTypes.eda9509c-70b1-40f8-b6c1-c390ad621de6.fieldLayouts.58d34772-778f-4577-b637-509a78dac462.tabs.0.elements.3.label','null'),('entryTypes.eda9509c-70b1-40f8-b6c1-c390ad621de6.fieldLayouts.58d34772-778f-4577-b637-509a78dac462.tabs.0.elements.3.required','false'),('entryTypes.eda9509c-70b1-40f8-b6c1-c390ad621de6.fieldLayouts.58d34772-778f-4577-b637-509a78dac462.tabs.0.elements.3.tip','null'),('entryTypes.eda9509c-70b1-40f8-b6c1-c390ad621de6.fieldLayouts.58d34772-778f-4577-b637-509a78dac462.tabs.0.elements.3.type','\"craft\\\\fieldlayoutelements\\\\CustomField\"'),('entryTypes.eda9509c-70b1-40f8-b6c1-c390ad621de6.fieldLayouts.58d34772-778f-4577-b637-509a78dac462.tabs.0.elements.3.uid','\"520da91a-556a-44df-8a04-ebe2b14d34f8\"'),('entryTypes.eda9509c-70b1-40f8-b6c1-c390ad621de6.fieldLayouts.58d34772-778f-4577-b637-509a78dac462.tabs.0.elements.3.userCondition','null'),('entryTypes.eda9509c-70b1-40f8-b6c1-c390ad621de6.fieldLayouts.58d34772-778f-4577-b637-509a78dac462.tabs.0.elements.3.warning','null'),('entryTypes.eda9509c-70b1-40f8-b6c1-c390ad621de6.fieldLayouts.58d34772-778f-4577-b637-509a78dac462.tabs.0.elements.3.width','100'),('entryTypes.eda9509c-70b1-40f8-b6c1-c390ad621de6.fieldLayouts.58d34772-778f-4577-b637-509a78dac462.tabs.0.name','\"Content\"'),('entryTypes.eda9509c-70b1-40f8-b6c1-c390ad621de6.fieldLayouts.58d34772-778f-4577-b637-509a78dac462.tabs.0.uid','\"87a8749e-4eb9-4aa2-858e-95b85b344bd0\"'),('entryTypes.eda9509c-70b1-40f8-b6c1-c390ad621de6.fieldLayouts.58d34772-778f-4577-b637-509a78dac462.tabs.0.userCondition','null'),('entryTypes.eda9509c-70b1-40f8-b6c1-c390ad621de6.handle','\"home\"'),('entryTypes.eda9509c-70b1-40f8-b6c1-c390ad621de6.hasTitleField','false'),('entryTypes.eda9509c-70b1-40f8-b6c1-c390ad621de6.name','\"Home\"'),('entryTypes.eda9509c-70b1-40f8-b6c1-c390ad621de6.section','\"21038002-abbe-49d2-8d3e-1253f7f381e5\"'),('entryTypes.eda9509c-70b1-40f8-b6c1-c390ad621de6.sortOrder','1'),('entryTypes.eda9509c-70b1-40f8-b6c1-c390ad621de6.titleFormat','\"{section.name|raw}\"'),('entryTypes.eda9509c-70b1-40f8-b6c1-c390ad621de6.titleTranslationKeyFormat','null'),('entryTypes.eda9509c-70b1-40f8-b6c1-c390ad621de6.titleTranslationMethod','\"site\"'),('fieldGroups.074d68c4-1855-408f-8f32-cea5399b3664.name','\"work\"'),('fieldGroups.37d48be1-0a84-4ec8-adb6-fa4f840845f2.name','\"Team\"'),('fieldGroups.568b898b-0700-4453-9720-6f82facd7a69.name','\"Common\"'),('fieldGroups.57ab3751-26df-454b-8859-5a8718559636.name','\"Contact\"'),('fieldGroups.96c0e878-1561-454d-9934-ce4afcd4834c.name','\"Home\"'),('fieldGroups.ac229f29-9dc5-44d7-821f-943a7891c012.name','\"Projects\"'),('fields.07a8eb6f-a12f-4e37-83d5-227b019a9659.columnSuffix','null'),('fields.07a8eb6f-a12f-4e37-83d5-227b019a9659.contentColumnType','\"string\"'),('fields.07a8eb6f-a12f-4e37-83d5-227b019a9659.fieldGroup','\"37d48be1-0a84-4ec8-adb6-fa4f840845f2\"'),('fields.07a8eb6f-a12f-4e37-83d5-227b019a9659.handle','\"photo\"'),('fields.07a8eb6f-a12f-4e37-83d5-227b019a9659.instructions','null'),('fields.07a8eb6f-a12f-4e37-83d5-227b019a9659.name','\"Member photo\"'),('fields.07a8eb6f-a12f-4e37-83d5-227b019a9659.searchable','false'),('fields.07a8eb6f-a12f-4e37-83d5-227b019a9659.settings.allowedKinds.0','\"image\"'),('fields.07a8eb6f-a12f-4e37-83d5-227b019a9659.settings.allowSelfRelations','false'),('fields.07a8eb6f-a12f-4e37-83d5-227b019a9659.settings.allowSubfolders','false'),('fields.07a8eb6f-a12f-4e37-83d5-227b019a9659.settings.allowUploads','true'),('fields.07a8eb6f-a12f-4e37-83d5-227b019a9659.settings.defaultUploadLocationSource','\"volume:58fb83eb-858d-46fe-89b1-554c0b228b03\"'),('fields.07a8eb6f-a12f-4e37-83d5-227b019a9659.settings.defaultUploadLocationSubpath','null'),('fields.07a8eb6f-a12f-4e37-83d5-227b019a9659.settings.localizeRelations','false'),('fields.07a8eb6f-a12f-4e37-83d5-227b019a9659.settings.maxRelations','1'),('fields.07a8eb6f-a12f-4e37-83d5-227b019a9659.settings.minRelations','null'),('fields.07a8eb6f-a12f-4e37-83d5-227b019a9659.settings.previewMode','\"full\"'),('fields.07a8eb6f-a12f-4e37-83d5-227b019a9659.settings.restrictedDefaultUploadSubpath','null'),('fields.07a8eb6f-a12f-4e37-83d5-227b019a9659.settings.restrictedLocationSource','\"volume:58fb83eb-858d-46fe-89b1-554c0b228b03\"'),('fields.07a8eb6f-a12f-4e37-83d5-227b019a9659.settings.restrictedLocationSubpath','null'),('fields.07a8eb6f-a12f-4e37-83d5-227b019a9659.settings.restrictFiles','true'),('fields.07a8eb6f-a12f-4e37-83d5-227b019a9659.settings.restrictLocation','false'),('fields.07a8eb6f-a12f-4e37-83d5-227b019a9659.settings.selectionCondition.__assoc__.0.0','\"elementType\"'),('fields.07a8eb6f-a12f-4e37-83d5-227b019a9659.settings.selectionCondition.__assoc__.0.1','\"craft\\\\elements\\\\Asset\"'),('fields.07a8eb6f-a12f-4e37-83d5-227b019a9659.settings.selectionCondition.__assoc__.1.0','\"fieldContext\"'),('fields.07a8eb6f-a12f-4e37-83d5-227b019a9659.settings.selectionCondition.__assoc__.1.1','\"global\"'),('fields.07a8eb6f-a12f-4e37-83d5-227b019a9659.settings.selectionCondition.__assoc__.2.0','\"class\"'),('fields.07a8eb6f-a12f-4e37-83d5-227b019a9659.settings.selectionCondition.__assoc__.2.1','\"craft\\\\elements\\\\conditions\\\\assets\\\\AssetCondition\"'),('fields.07a8eb6f-a12f-4e37-83d5-227b019a9659.settings.selectionLabel','null'),('fields.07a8eb6f-a12f-4e37-83d5-227b019a9659.settings.showSiteMenu','true'),('fields.07a8eb6f-a12f-4e37-83d5-227b019a9659.settings.showUnpermittedFiles','false'),('fields.07a8eb6f-a12f-4e37-83d5-227b019a9659.settings.showUnpermittedVolumes','false'),('fields.07a8eb6f-a12f-4e37-83d5-227b019a9659.settings.source','null'),('fields.07a8eb6f-a12f-4e37-83d5-227b019a9659.settings.sources','\"*\"'),('fields.07a8eb6f-a12f-4e37-83d5-227b019a9659.settings.targetSiteId','null'),('fields.07a8eb6f-a12f-4e37-83d5-227b019a9659.settings.validateRelatedElements','false'),('fields.07a8eb6f-a12f-4e37-83d5-227b019a9659.settings.viewMode','\"large\"'),('fields.07a8eb6f-a12f-4e37-83d5-227b019a9659.translationKeyFormat','null'),('fields.07a8eb6f-a12f-4e37-83d5-227b019a9659.translationMethod','\"site\"'),('fields.07a8eb6f-a12f-4e37-83d5-227b019a9659.type','\"craft\\\\fields\\\\Assets\"'),('fields.10aedf79-22dd-4e3b-81cd-6e2f43261751.columnSuffix','\"hqalniew\"'),('fields.10aedf79-22dd-4e3b-81cd-6e2f43261751.contentColumnType','\"text\"'),('fields.10aedf79-22dd-4e3b-81cd-6e2f43261751.fieldGroup','\"ac229f29-9dc5-44d7-821f-943a7891c012\"'),('fields.10aedf79-22dd-4e3b-81cd-6e2f43261751.handle','\"projectName\"'),('fields.10aedf79-22dd-4e3b-81cd-6e2f43261751.instructions','null'),('fields.10aedf79-22dd-4e3b-81cd-6e2f43261751.name','\"Project name\"'),('fields.10aedf79-22dd-4e3b-81cd-6e2f43261751.searchable','false'),('fields.10aedf79-22dd-4e3b-81cd-6e2f43261751.settings.byteLimit','null'),('fields.10aedf79-22dd-4e3b-81cd-6e2f43261751.settings.charLimit','null'),('fields.10aedf79-22dd-4e3b-81cd-6e2f43261751.settings.code','false'),('fields.10aedf79-22dd-4e3b-81cd-6e2f43261751.settings.columnType','null'),('fields.10aedf79-22dd-4e3b-81cd-6e2f43261751.settings.initialRows','4'),('fields.10aedf79-22dd-4e3b-81cd-6e2f43261751.settings.multiline','false'),('fields.10aedf79-22dd-4e3b-81cd-6e2f43261751.settings.placeholder','null'),('fields.10aedf79-22dd-4e3b-81cd-6e2f43261751.settings.uiMode','\"normal\"'),('fields.10aedf79-22dd-4e3b-81cd-6e2f43261751.translationKeyFormat','null'),('fields.10aedf79-22dd-4e3b-81cd-6e2f43261751.translationMethod','\"none\"'),('fields.10aedf79-22dd-4e3b-81cd-6e2f43261751.type','\"craft\\\\fields\\\\PlainText\"'),('fields.26b9f32d-55f0-470c-b16c-8bfba250a0a7.columnSuffix','\"lyivivbj\"'),('fields.26b9f32d-55f0-470c-b16c-8bfba250a0a7.contentColumnType','\"text\"'),('fields.26b9f32d-55f0-470c-b16c-8bfba250a0a7.fieldGroup','\"96c0e878-1561-454d-9934-ce4afcd4834c\"'),('fields.26b9f32d-55f0-470c-b16c-8bfba250a0a7.handle','\"foldTitle\"'),('fields.26b9f32d-55f0-470c-b16c-8bfba250a0a7.instructions','null'),('fields.26b9f32d-55f0-470c-b16c-8bfba250a0a7.name','\"Fold title\"'),('fields.26b9f32d-55f0-470c-b16c-8bfba250a0a7.searchable','false'),('fields.26b9f32d-55f0-470c-b16c-8bfba250a0a7.settings.byteLimit','null'),('fields.26b9f32d-55f0-470c-b16c-8bfba250a0a7.settings.charLimit','null'),('fields.26b9f32d-55f0-470c-b16c-8bfba250a0a7.settings.code','false'),('fields.26b9f32d-55f0-470c-b16c-8bfba250a0a7.settings.columnType','null'),('fields.26b9f32d-55f0-470c-b16c-8bfba250a0a7.settings.initialRows','4'),('fields.26b9f32d-55f0-470c-b16c-8bfba250a0a7.settings.multiline','false'),('fields.26b9f32d-55f0-470c-b16c-8bfba250a0a7.settings.placeholder','null'),('fields.26b9f32d-55f0-470c-b16c-8bfba250a0a7.settings.uiMode','\"normal\"'),('fields.26b9f32d-55f0-470c-b16c-8bfba250a0a7.translationKeyFormat','null'),('fields.26b9f32d-55f0-470c-b16c-8bfba250a0a7.translationMethod','\"none\"'),('fields.26b9f32d-55f0-470c-b16c-8bfba250a0a7.type','\"craft\\\\fields\\\\PlainText\"'),('fields.2f7abbd5-0712-487b-970f-a7a224b0e7d3.columnSuffix','\"jzudkxvf\"'),('fields.2f7abbd5-0712-487b-970f-a7a224b0e7d3.contentColumnType','\"string\"'),('fields.2f7abbd5-0712-487b-970f-a7a224b0e7d3.fieldGroup','\"568b898b-0700-4453-9720-6f82facd7a69\"'),('fields.2f7abbd5-0712-487b-970f-a7a224b0e7d3.handle','\"navigationLinks\"'),('fields.2f7abbd5-0712-487b-970f-a7a224b0e7d3.instructions','null'),('fields.2f7abbd5-0712-487b-970f-a7a224b0e7d3.name','\"Navigation Links\"'),('fields.2f7abbd5-0712-487b-970f-a7a224b0e7d3.searchable','false'),('fields.2f7abbd5-0712-487b-970f-a7a224b0e7d3.settings.contentTable','\"{{%matrixcontent_navigationlinks}}\"'),('fields.2f7abbd5-0712-487b-970f-a7a224b0e7d3.settings.maxBlocks','null'),('fields.2f7abbd5-0712-487b-970f-a7a224b0e7d3.settings.minBlocks','null'),('fields.2f7abbd5-0712-487b-970f-a7a224b0e7d3.settings.propagationKeyFormat','null'),('fields.2f7abbd5-0712-487b-970f-a7a224b0e7d3.settings.propagationMethod','\"all\"'),('fields.2f7abbd5-0712-487b-970f-a7a224b0e7d3.translationKeyFormat','null'),('fields.2f7abbd5-0712-487b-970f-a7a224b0e7d3.translationMethod','\"site\"'),('fields.2f7abbd5-0712-487b-970f-a7a224b0e7d3.type','\"craft\\\\fields\\\\Matrix\"'),('fields.413e9232-5ded-4379-b6e5-cd9739d03a35.columnSuffix','null'),('fields.413e9232-5ded-4379-b6e5-cd9739d03a35.contentColumnType','\"string\"'),('fields.413e9232-5ded-4379-b6e5-cd9739d03a35.fieldGroup','\"37d48be1-0a84-4ec8-adb6-fa4f840845f2\"'),('fields.413e9232-5ded-4379-b6e5-cd9739d03a35.handle','\"jobFunction\"'),('fields.413e9232-5ded-4379-b6e5-cd9739d03a35.instructions','null'),('fields.413e9232-5ded-4379-b6e5-cd9739d03a35.name','\"Member function\"'),('fields.413e9232-5ded-4379-b6e5-cd9739d03a35.searchable','false'),('fields.413e9232-5ded-4379-b6e5-cd9739d03a35.settings.allowLimit','false'),('fields.413e9232-5ded-4379-b6e5-cd9739d03a35.settings.allowMultipleSources','false'),('fields.413e9232-5ded-4379-b6e5-cd9739d03a35.settings.allowSelfRelations','false'),('fields.413e9232-5ded-4379-b6e5-cd9739d03a35.settings.branchLimit','null'),('fields.413e9232-5ded-4379-b6e5-cd9739d03a35.settings.localizeRelations','false'),('fields.413e9232-5ded-4379-b6e5-cd9739d03a35.settings.maxRelations','null'),('fields.413e9232-5ded-4379-b6e5-cd9739d03a35.settings.minRelations','null'),('fields.413e9232-5ded-4379-b6e5-cd9739d03a35.settings.selectionLabel','null'),('fields.413e9232-5ded-4379-b6e5-cd9739d03a35.settings.showSiteMenu','true'),('fields.413e9232-5ded-4379-b6e5-cd9739d03a35.settings.source','\"group:f4068a68-e668-4058-a00b-bdaa140e3d1c\"'),('fields.413e9232-5ded-4379-b6e5-cd9739d03a35.settings.sources','\"*\"'),('fields.413e9232-5ded-4379-b6e5-cd9739d03a35.settings.targetSiteId','null'),('fields.413e9232-5ded-4379-b6e5-cd9739d03a35.settings.validateRelatedElements','false'),('fields.413e9232-5ded-4379-b6e5-cd9739d03a35.settings.viewMode','null'),('fields.413e9232-5ded-4379-b6e5-cd9739d03a35.translationKeyFormat','null'),('fields.413e9232-5ded-4379-b6e5-cd9739d03a35.translationMethod','\"site\"'),('fields.413e9232-5ded-4379-b6e5-cd9739d03a35.type','\"craft\\\\fields\\\\Categories\"'),('fields.71be2c8f-d8f8-48a6-80a5-69d9405a4c6e.columnSuffix','null'),('fields.71be2c8f-d8f8-48a6-80a5-69d9405a4c6e.contentColumnType','\"string\"'),('fields.71be2c8f-d8f8-48a6-80a5-69d9405a4c6e.fieldGroup','\"57ab3751-26df-454b-8859-5a8718559636\"'),('fields.71be2c8f-d8f8-48a6-80a5-69d9405a4c6e.handle','\"contactImage\"'),('fields.71be2c8f-d8f8-48a6-80a5-69d9405a4c6e.instructions','null'),('fields.71be2c8f-d8f8-48a6-80a5-69d9405a4c6e.name','\"Contact Image\"'),('fields.71be2c8f-d8f8-48a6-80a5-69d9405a4c6e.searchable','false'),('fields.71be2c8f-d8f8-48a6-80a5-69d9405a4c6e.settings.allowedKinds.0','\"image\"'),('fields.71be2c8f-d8f8-48a6-80a5-69d9405a4c6e.settings.allowSelfRelations','false'),('fields.71be2c8f-d8f8-48a6-80a5-69d9405a4c6e.settings.allowSubfolders','false'),('fields.71be2c8f-d8f8-48a6-80a5-69d9405a4c6e.settings.allowUploads','true'),('fields.71be2c8f-d8f8-48a6-80a5-69d9405a4c6e.settings.defaultUploadLocationSource','\"volume:58fb83eb-858d-46fe-89b1-554c0b228b03\"'),('fields.71be2c8f-d8f8-48a6-80a5-69d9405a4c6e.settings.defaultUploadLocationSubpath','null'),('fields.71be2c8f-d8f8-48a6-80a5-69d9405a4c6e.settings.localizeRelations','false'),('fields.71be2c8f-d8f8-48a6-80a5-69d9405a4c6e.settings.maxRelations','1'),('fields.71be2c8f-d8f8-48a6-80a5-69d9405a4c6e.settings.minRelations','null'),('fields.71be2c8f-d8f8-48a6-80a5-69d9405a4c6e.settings.previewMode','\"full\"'),('fields.71be2c8f-d8f8-48a6-80a5-69d9405a4c6e.settings.restrictedDefaultUploadSubpath','null'),('fields.71be2c8f-d8f8-48a6-80a5-69d9405a4c6e.settings.restrictedLocationSource','\"volume:58fb83eb-858d-46fe-89b1-554c0b228b03\"'),('fields.71be2c8f-d8f8-48a6-80a5-69d9405a4c6e.settings.restrictedLocationSubpath','null'),('fields.71be2c8f-d8f8-48a6-80a5-69d9405a4c6e.settings.restrictFiles','true'),('fields.71be2c8f-d8f8-48a6-80a5-69d9405a4c6e.settings.restrictLocation','false'),('fields.71be2c8f-d8f8-48a6-80a5-69d9405a4c6e.settings.selectionCondition.__assoc__.0.0','\"elementType\"'),('fields.71be2c8f-d8f8-48a6-80a5-69d9405a4c6e.settings.selectionCondition.__assoc__.0.1','\"craft\\\\elements\\\\Asset\"'),('fields.71be2c8f-d8f8-48a6-80a5-69d9405a4c6e.settings.selectionCondition.__assoc__.1.0','\"fieldContext\"'),('fields.71be2c8f-d8f8-48a6-80a5-69d9405a4c6e.settings.selectionCondition.__assoc__.1.1','\"global\"'),('fields.71be2c8f-d8f8-48a6-80a5-69d9405a4c6e.settings.selectionCondition.__assoc__.2.0','\"class\"'),('fields.71be2c8f-d8f8-48a6-80a5-69d9405a4c6e.settings.selectionCondition.__assoc__.2.1','\"craft\\\\elements\\\\conditions\\\\assets\\\\AssetCondition\"'),('fields.71be2c8f-d8f8-48a6-80a5-69d9405a4c6e.settings.selectionLabel','null'),('fields.71be2c8f-d8f8-48a6-80a5-69d9405a4c6e.settings.showSiteMenu','false'),('fields.71be2c8f-d8f8-48a6-80a5-69d9405a4c6e.settings.showUnpermittedFiles','false'),('fields.71be2c8f-d8f8-48a6-80a5-69d9405a4c6e.settings.showUnpermittedVolumes','false'),('fields.71be2c8f-d8f8-48a6-80a5-69d9405a4c6e.settings.source','null'),('fields.71be2c8f-d8f8-48a6-80a5-69d9405a4c6e.settings.sources','\"*\"'),('fields.71be2c8f-d8f8-48a6-80a5-69d9405a4c6e.settings.targetSiteId','null'),('fields.71be2c8f-d8f8-48a6-80a5-69d9405a4c6e.settings.validateRelatedElements','false'),('fields.71be2c8f-d8f8-48a6-80a5-69d9405a4c6e.settings.viewMode','\"large\"'),('fields.71be2c8f-d8f8-48a6-80a5-69d9405a4c6e.translationKeyFormat','null'),('fields.71be2c8f-d8f8-48a6-80a5-69d9405a4c6e.translationMethod','\"site\"'),('fields.71be2c8f-d8f8-48a6-80a5-69d9405a4c6e.type','\"craft\\\\fields\\\\Assets\"'),('fields.7cdda45a-f36b-4596-881d-1d591c64419b.columnSuffix','\"rdwazosa\"'),('fields.7cdda45a-f36b-4596-881d-1d591c64419b.contentColumnType','\"string\"'),('fields.7cdda45a-f36b-4596-881d-1d591c64419b.fieldGroup','\"074d68c4-1855-408f-8f32-cea5399b3664\"'),('fields.7cdda45a-f36b-4596-881d-1d591c64419b.handle','\"workType\"'),('fields.7cdda45a-f36b-4596-881d-1d591c64419b.instructions','null'),('fields.7cdda45a-f36b-4596-881d-1d591c64419b.name','\"work type\"'),('fields.7cdda45a-f36b-4596-881d-1d591c64419b.searchable','false'),('fields.7cdda45a-f36b-4596-881d-1d591c64419b.settings.allowLimit','false'),('fields.7cdda45a-f36b-4596-881d-1d591c64419b.settings.allowMultipleSources','false'),('fields.7cdda45a-f36b-4596-881d-1d591c64419b.settings.allowSelfRelations','false'),('fields.7cdda45a-f36b-4596-881d-1d591c64419b.settings.branchLimit','1'),('fields.7cdda45a-f36b-4596-881d-1d591c64419b.settings.localizeRelations','false'),('fields.7cdda45a-f36b-4596-881d-1d591c64419b.settings.maxRelations','null'),('fields.7cdda45a-f36b-4596-881d-1d591c64419b.settings.minRelations','null'),('fields.7cdda45a-f36b-4596-881d-1d591c64419b.settings.selectionLabel','null'),('fields.7cdda45a-f36b-4596-881d-1d591c64419b.settings.showSiteMenu','true'),('fields.7cdda45a-f36b-4596-881d-1d591c64419b.settings.source','\"group:358e8018-8fa2-4683-adbc-b21ada456d12\"'),('fields.7cdda45a-f36b-4596-881d-1d591c64419b.settings.sources','\"*\"'),('fields.7cdda45a-f36b-4596-881d-1d591c64419b.settings.targetSiteId','null'),('fields.7cdda45a-f36b-4596-881d-1d591c64419b.settings.validateRelatedElements','false'),('fields.7cdda45a-f36b-4596-881d-1d591c64419b.settings.viewMode','null'),('fields.7cdda45a-f36b-4596-881d-1d591c64419b.translationKeyFormat','null'),('fields.7cdda45a-f36b-4596-881d-1d591c64419b.translationMethod','\"site\"'),('fields.7cdda45a-f36b-4596-881d-1d591c64419b.type','\"craft\\\\fields\\\\Categories\"'),('fields.b625fb03-11a3-4712-a711-a4c007b7e680.columnSuffix','null'),('fields.b625fb03-11a3-4712-a711-a4c007b7e680.contentColumnType','\"string\"'),('fields.b625fb03-11a3-4712-a711-a4c007b7e680.fieldGroup','\"ac229f29-9dc5-44d7-821f-943a7891c012\"'),('fields.b625fb03-11a3-4712-a711-a4c007b7e680.handle','\"projectImage\"'),('fields.b625fb03-11a3-4712-a711-a4c007b7e680.instructions','null'),('fields.b625fb03-11a3-4712-a711-a4c007b7e680.name','\"Project Image\"'),('fields.b625fb03-11a3-4712-a711-a4c007b7e680.searchable','false'),('fields.b625fb03-11a3-4712-a711-a4c007b7e680.settings.allowedKinds.0','\"image\"'),('fields.b625fb03-11a3-4712-a711-a4c007b7e680.settings.allowSelfRelations','false'),('fields.b625fb03-11a3-4712-a711-a4c007b7e680.settings.allowSubfolders','false'),('fields.b625fb03-11a3-4712-a711-a4c007b7e680.settings.allowUploads','true'),('fields.b625fb03-11a3-4712-a711-a4c007b7e680.settings.defaultUploadLocationSource','\"volume:58fb83eb-858d-46fe-89b1-554c0b228b03\"'),('fields.b625fb03-11a3-4712-a711-a4c007b7e680.settings.defaultUploadLocationSubpath','null'),('fields.b625fb03-11a3-4712-a711-a4c007b7e680.settings.localizeRelations','false'),('fields.b625fb03-11a3-4712-a711-a4c007b7e680.settings.maxRelations','null'),('fields.b625fb03-11a3-4712-a711-a4c007b7e680.settings.minRelations','null'),('fields.b625fb03-11a3-4712-a711-a4c007b7e680.settings.previewMode','\"full\"'),('fields.b625fb03-11a3-4712-a711-a4c007b7e680.settings.restrictedDefaultUploadSubpath','null'),('fields.b625fb03-11a3-4712-a711-a4c007b7e680.settings.restrictedLocationSource','\"volume:58fb83eb-858d-46fe-89b1-554c0b228b03\"'),('fields.b625fb03-11a3-4712-a711-a4c007b7e680.settings.restrictedLocationSubpath','null'),('fields.b625fb03-11a3-4712-a711-a4c007b7e680.settings.restrictFiles','true'),('fields.b625fb03-11a3-4712-a711-a4c007b7e680.settings.restrictLocation','false'),('fields.b625fb03-11a3-4712-a711-a4c007b7e680.settings.selectionCondition.__assoc__.0.0','\"elementType\"'),('fields.b625fb03-11a3-4712-a711-a4c007b7e680.settings.selectionCondition.__assoc__.0.1','\"craft\\\\elements\\\\Asset\"'),('fields.b625fb03-11a3-4712-a711-a4c007b7e680.settings.selectionCondition.__assoc__.1.0','\"fieldContext\"'),('fields.b625fb03-11a3-4712-a711-a4c007b7e680.settings.selectionCondition.__assoc__.1.1','\"global\"'),('fields.b625fb03-11a3-4712-a711-a4c007b7e680.settings.selectionCondition.__assoc__.2.0','\"class\"'),('fields.b625fb03-11a3-4712-a711-a4c007b7e680.settings.selectionCondition.__assoc__.2.1','\"craft\\\\elements\\\\conditions\\\\assets\\\\AssetCondition\"'),('fields.b625fb03-11a3-4712-a711-a4c007b7e680.settings.selectionLabel','null'),('fields.b625fb03-11a3-4712-a711-a4c007b7e680.settings.showSiteMenu','true'),('fields.b625fb03-11a3-4712-a711-a4c007b7e680.settings.showUnpermittedFiles','false'),('fields.b625fb03-11a3-4712-a711-a4c007b7e680.settings.showUnpermittedVolumes','false'),('fields.b625fb03-11a3-4712-a711-a4c007b7e680.settings.source','null'),('fields.b625fb03-11a3-4712-a711-a4c007b7e680.settings.sources.0','\"volume:58fb83eb-858d-46fe-89b1-554c0b228b03\"'),('fields.b625fb03-11a3-4712-a711-a4c007b7e680.settings.targetSiteId','null'),('fields.b625fb03-11a3-4712-a711-a4c007b7e680.settings.validateRelatedElements','false'),('fields.b625fb03-11a3-4712-a711-a4c007b7e680.settings.viewMode','\"large\"'),('fields.b625fb03-11a3-4712-a711-a4c007b7e680.translationKeyFormat','null'),('fields.b625fb03-11a3-4712-a711-a4c007b7e680.translationMethod','\"site\"'),('fields.b625fb03-11a3-4712-a711-a4c007b7e680.type','\"craft\\\\fields\\\\Assets\"'),('fields.cdce4c0f-87d5-4cbe-9ef1-6dc9f3ad5790.columnSuffix','\"ownkbgoa\"'),('fields.cdce4c0f-87d5-4cbe-9ef1-6dc9f3ad5790.contentColumnType','\"string(600)\"'),('fields.cdce4c0f-87d5-4cbe-9ef1-6dc9f3ad5790.fieldGroup','\"ac229f29-9dc5-44d7-821f-943a7891c012\"'),('fields.cdce4c0f-87d5-4cbe-9ef1-6dc9f3ad5790.handle','\"projectDescription\"'),('fields.cdce4c0f-87d5-4cbe-9ef1-6dc9f3ad5790.instructions','null'),('fields.cdce4c0f-87d5-4cbe-9ef1-6dc9f3ad5790.name','\"Project Description\"'),('fields.cdce4c0f-87d5-4cbe-9ef1-6dc9f3ad5790.searchable','false'),('fields.cdce4c0f-87d5-4cbe-9ef1-6dc9f3ad5790.settings.byteLimit','null'),('fields.cdce4c0f-87d5-4cbe-9ef1-6dc9f3ad5790.settings.charLimit','150'),('fields.cdce4c0f-87d5-4cbe-9ef1-6dc9f3ad5790.settings.code','false'),('fields.cdce4c0f-87d5-4cbe-9ef1-6dc9f3ad5790.settings.columnType','null'),('fields.cdce4c0f-87d5-4cbe-9ef1-6dc9f3ad5790.settings.initialRows','4'),('fields.cdce4c0f-87d5-4cbe-9ef1-6dc9f3ad5790.settings.multiline','false'),('fields.cdce4c0f-87d5-4cbe-9ef1-6dc9f3ad5790.settings.placeholder','null'),('fields.cdce4c0f-87d5-4cbe-9ef1-6dc9f3ad5790.settings.uiMode','\"normal\"'),('fields.cdce4c0f-87d5-4cbe-9ef1-6dc9f3ad5790.translationKeyFormat','null'),('fields.cdce4c0f-87d5-4cbe-9ef1-6dc9f3ad5790.translationMethod','\"none\"'),('fields.cdce4c0f-87d5-4cbe-9ef1-6dc9f3ad5790.type','\"craft\\\\fields\\\\PlainText\"'),('fields.d4af281b-9b46-4731-a2c3-bb5382fa6ca2.columnSuffix','\"tbbxncys\"'),('fields.d4af281b-9b46-4731-a2c3-bb5382fa6ca2.contentColumnType','\"text\"'),('fields.d4af281b-9b46-4731-a2c3-bb5382fa6ca2.fieldGroup','\"568b898b-0700-4453-9720-6f82facd7a69\"'),('fields.d4af281b-9b46-4731-a2c3-bb5382fa6ca2.handle','\"memberInfo\"'),('fields.d4af281b-9b46-4731-a2c3-bb5382fa6ca2.instructions','null'),('fields.d4af281b-9b46-4731-a2c3-bb5382fa6ca2.name','\"Member Info\"'),('fields.d4af281b-9b46-4731-a2c3-bb5382fa6ca2.searchable','false'),('fields.d4af281b-9b46-4731-a2c3-bb5382fa6ca2.settings.availableTransforms','\"\"'),('fields.d4af281b-9b46-4731-a2c3-bb5382fa6ca2.settings.availableVolumes','\"*\"'),('fields.d4af281b-9b46-4731-a2c3-bb5382fa6ca2.settings.columnType','\"text\"'),('fields.d4af281b-9b46-4731-a2c3-bb5382fa6ca2.settings.configSelectionMode','\"choose\"'),('fields.d4af281b-9b46-4731-a2c3-bb5382fa6ca2.settings.defaultTransform','\"\"'),('fields.d4af281b-9b46-4731-a2c3-bb5382fa6ca2.settings.manualConfig','\"\"'),('fields.d4af281b-9b46-4731-a2c3-bb5382fa6ca2.settings.purifierConfig','null'),('fields.d4af281b-9b46-4731-a2c3-bb5382fa6ca2.settings.purifyHtml','true'),('fields.d4af281b-9b46-4731-a2c3-bb5382fa6ca2.settings.redactorConfig','null'),('fields.d4af281b-9b46-4731-a2c3-bb5382fa6ca2.settings.removeEmptyTags','false'),('fields.d4af281b-9b46-4731-a2c3-bb5382fa6ca2.settings.removeInlineStyles','false'),('fields.d4af281b-9b46-4731-a2c3-bb5382fa6ca2.settings.removeNbsp','false'),('fields.d4af281b-9b46-4731-a2c3-bb5382fa6ca2.settings.showHtmlButtonForNonAdmins','true'),('fields.d4af281b-9b46-4731-a2c3-bb5382fa6ca2.settings.showUnpermittedFiles','false'),('fields.d4af281b-9b46-4731-a2c3-bb5382fa6ca2.settings.showUnpermittedVolumes','false'),('fields.d4af281b-9b46-4731-a2c3-bb5382fa6ca2.settings.uiMode','\"enlarged\"'),('fields.d4af281b-9b46-4731-a2c3-bb5382fa6ca2.translationKeyFormat','null'),('fields.d4af281b-9b46-4731-a2c3-bb5382fa6ca2.translationMethod','\"none\"'),('fields.d4af281b-9b46-4731-a2c3-bb5382fa6ca2.type','\"craft\\\\redactor\\\\Field\"'),('fields.de13cde3-d04b-4fdc-a675-895021e61985.columnSuffix','\"mdkmuitm\"'),('fields.de13cde3-d04b-4fdc-a675-895021e61985.contentColumnType','\"text\"'),('fields.de13cde3-d04b-4fdc-a675-895021e61985.fieldGroup','\"37d48be1-0a84-4ec8-adb6-fa4f840845f2\"'),('fields.de13cde3-d04b-4fdc-a675-895021e61985.handle','\"memberName\"'),('fields.de13cde3-d04b-4fdc-a675-895021e61985.instructions','null'),('fields.de13cde3-d04b-4fdc-a675-895021e61985.name','\"Member name\"'),('fields.de13cde3-d04b-4fdc-a675-895021e61985.searchable','false'),('fields.de13cde3-d04b-4fdc-a675-895021e61985.settings.byteLimit','null'),('fields.de13cde3-d04b-4fdc-a675-895021e61985.settings.charLimit','null'),('fields.de13cde3-d04b-4fdc-a675-895021e61985.settings.code','false'),('fields.de13cde3-d04b-4fdc-a675-895021e61985.settings.columnType','null'),('fields.de13cde3-d04b-4fdc-a675-895021e61985.settings.initialRows','4'),('fields.de13cde3-d04b-4fdc-a675-895021e61985.settings.multiline','false'),('fields.de13cde3-d04b-4fdc-a675-895021e61985.settings.placeholder','null'),('fields.de13cde3-d04b-4fdc-a675-895021e61985.settings.uiMode','\"normal\"'),('fields.de13cde3-d04b-4fdc-a675-895021e61985.translationKeyFormat','null'),('fields.de13cde3-d04b-4fdc-a675-895021e61985.translationMethod','\"none\"'),('fields.de13cde3-d04b-4fdc-a675-895021e61985.type','\"craft\\\\fields\\\\PlainText\"'),('fields.e3f755a7-f851-4ec8-99a3-bc56a6ff887c.columnSuffix','\"rvsvzivg\"'),('fields.e3f755a7-f851-4ec8-99a3-bc56a6ff887c.contentColumnType','\"text\"'),('fields.e3f755a7-f851-4ec8-99a3-bc56a6ff887c.fieldGroup','\"568b898b-0700-4453-9720-6f82facd7a69\"'),('fields.e3f755a7-f851-4ec8-99a3-bc56a6ff887c.handle','\"globalText\"'),('fields.e3f755a7-f851-4ec8-99a3-bc56a6ff887c.instructions','null'),('fields.e3f755a7-f851-4ec8-99a3-bc56a6ff887c.name','\"global Text\"'),('fields.e3f755a7-f851-4ec8-99a3-bc56a6ff887c.searchable','false'),('fields.e3f755a7-f851-4ec8-99a3-bc56a6ff887c.settings.availableTransforms','\"\"'),('fields.e3f755a7-f851-4ec8-99a3-bc56a6ff887c.settings.availableVolumes','\"*\"'),('fields.e3f755a7-f851-4ec8-99a3-bc56a6ff887c.settings.columnType','\"text\"'),('fields.e3f755a7-f851-4ec8-99a3-bc56a6ff887c.settings.configSelectionMode','\"choose\"'),('fields.e3f755a7-f851-4ec8-99a3-bc56a6ff887c.settings.defaultTransform','\"\"'),('fields.e3f755a7-f851-4ec8-99a3-bc56a6ff887c.settings.manualConfig','\"\"'),('fields.e3f755a7-f851-4ec8-99a3-bc56a6ff887c.settings.purifierConfig','null'),('fields.e3f755a7-f851-4ec8-99a3-bc56a6ff887c.settings.purifyHtml','true'),('fields.e3f755a7-f851-4ec8-99a3-bc56a6ff887c.settings.redactorConfig','null'),('fields.e3f755a7-f851-4ec8-99a3-bc56a6ff887c.settings.removeEmptyTags','false'),('fields.e3f755a7-f851-4ec8-99a3-bc56a6ff887c.settings.removeInlineStyles','false'),('fields.e3f755a7-f851-4ec8-99a3-bc56a6ff887c.settings.removeNbsp','false'),('fields.e3f755a7-f851-4ec8-99a3-bc56a6ff887c.settings.showHtmlButtonForNonAdmins','true'),('fields.e3f755a7-f851-4ec8-99a3-bc56a6ff887c.settings.showUnpermittedFiles','false'),('fields.e3f755a7-f851-4ec8-99a3-bc56a6ff887c.settings.showUnpermittedVolumes','false'),('fields.e3f755a7-f851-4ec8-99a3-bc56a6ff887c.settings.uiMode','\"enlarged\"'),('fields.e3f755a7-f851-4ec8-99a3-bc56a6ff887c.translationKeyFormat','null'),('fields.e3f755a7-f851-4ec8-99a3-bc56a6ff887c.translationMethod','\"none\"'),('fields.e3f755a7-f851-4ec8-99a3-bc56a6ff887c.type','\"craft\\\\redactor\\\\Field\"'),('fields.e4f68ba6-b1ad-40d9-8e66-25f943be90a9.columnSuffix','null'),('fields.e4f68ba6-b1ad-40d9-8e66-25f943be90a9.contentColumnType','\"string\"'),('fields.e4f68ba6-b1ad-40d9-8e66-25f943be90a9.fieldGroup','\"96c0e878-1561-454d-9934-ce4afcd4834c\"'),('fields.e4f68ba6-b1ad-40d9-8e66-25f943be90a9.handle','\"foldImage\"'),('fields.e4f68ba6-b1ad-40d9-8e66-25f943be90a9.instructions','null'),('fields.e4f68ba6-b1ad-40d9-8e66-25f943be90a9.name','\"Fold image\"'),('fields.e4f68ba6-b1ad-40d9-8e66-25f943be90a9.searchable','false'),('fields.e4f68ba6-b1ad-40d9-8e66-25f943be90a9.settings.allowedKinds.0','\"image\"'),('fields.e4f68ba6-b1ad-40d9-8e66-25f943be90a9.settings.allowSelfRelations','false'),('fields.e4f68ba6-b1ad-40d9-8e66-25f943be90a9.settings.allowSubfolders','false'),('fields.e4f68ba6-b1ad-40d9-8e66-25f943be90a9.settings.allowUploads','true'),('fields.e4f68ba6-b1ad-40d9-8e66-25f943be90a9.settings.defaultUploadLocationSource','\"volume:58fb83eb-858d-46fe-89b1-554c0b228b03\"'),('fields.e4f68ba6-b1ad-40d9-8e66-25f943be90a9.settings.defaultUploadLocationSubpath','null'),('fields.e4f68ba6-b1ad-40d9-8e66-25f943be90a9.settings.localizeRelations','false'),('fields.e4f68ba6-b1ad-40d9-8e66-25f943be90a9.settings.maxRelations','1'),('fields.e4f68ba6-b1ad-40d9-8e66-25f943be90a9.settings.minRelations','null'),('fields.e4f68ba6-b1ad-40d9-8e66-25f943be90a9.settings.previewMode','\"full\"'),('fields.e4f68ba6-b1ad-40d9-8e66-25f943be90a9.settings.restrictedDefaultUploadSubpath','null'),('fields.e4f68ba6-b1ad-40d9-8e66-25f943be90a9.settings.restrictedLocationSource','\"volume:58fb83eb-858d-46fe-89b1-554c0b228b03\"'),('fields.e4f68ba6-b1ad-40d9-8e66-25f943be90a9.settings.restrictedLocationSubpath','null'),('fields.e4f68ba6-b1ad-40d9-8e66-25f943be90a9.settings.restrictFiles','true'),('fields.e4f68ba6-b1ad-40d9-8e66-25f943be90a9.settings.restrictLocation','false'),('fields.e4f68ba6-b1ad-40d9-8e66-25f943be90a9.settings.selectionCondition.__assoc__.0.0','\"elementType\"'),('fields.e4f68ba6-b1ad-40d9-8e66-25f943be90a9.settings.selectionCondition.__assoc__.0.1','\"craft\\\\elements\\\\Asset\"'),('fields.e4f68ba6-b1ad-40d9-8e66-25f943be90a9.settings.selectionCondition.__assoc__.1.0','\"fieldContext\"'),('fields.e4f68ba6-b1ad-40d9-8e66-25f943be90a9.settings.selectionCondition.__assoc__.1.1','\"global\"'),('fields.e4f68ba6-b1ad-40d9-8e66-25f943be90a9.settings.selectionCondition.__assoc__.2.0','\"class\"'),('fields.e4f68ba6-b1ad-40d9-8e66-25f943be90a9.settings.selectionCondition.__assoc__.2.1','\"craft\\\\elements\\\\conditions\\\\assets\\\\AssetCondition\"'),('fields.e4f68ba6-b1ad-40d9-8e66-25f943be90a9.settings.selectionLabel','\"add a fold image\"'),('fields.e4f68ba6-b1ad-40d9-8e66-25f943be90a9.settings.showSiteMenu','true'),('fields.e4f68ba6-b1ad-40d9-8e66-25f943be90a9.settings.showUnpermittedFiles','false'),('fields.e4f68ba6-b1ad-40d9-8e66-25f943be90a9.settings.showUnpermittedVolumes','false'),('fields.e4f68ba6-b1ad-40d9-8e66-25f943be90a9.settings.source','null'),('fields.e4f68ba6-b1ad-40d9-8e66-25f943be90a9.settings.sources.0','\"volume:58fb83eb-858d-46fe-89b1-554c0b228b03\"'),('fields.e4f68ba6-b1ad-40d9-8e66-25f943be90a9.settings.targetSiteId','null'),('fields.e4f68ba6-b1ad-40d9-8e66-25f943be90a9.settings.validateRelatedElements','false'),('fields.e4f68ba6-b1ad-40d9-8e66-25f943be90a9.settings.viewMode','\"large\"'),('fields.e4f68ba6-b1ad-40d9-8e66-25f943be90a9.translationKeyFormat','null'),('fields.e4f68ba6-b1ad-40d9-8e66-25f943be90a9.translationMethod','\"site\"'),('fields.e4f68ba6-b1ad-40d9-8e66-25f943be90a9.type','\"craft\\\\fields\\\\Assets\"'),('fields.f27f95b7-d0f8-4d42-889d-9c5fac6801e9.columnSuffix','null'),('fields.f27f95b7-d0f8-4d42-889d-9c5fac6801e9.contentColumnType','\"string\"'),('fields.f27f95b7-d0f8-4d42-889d-9c5fac6801e9.fieldGroup','\"568b898b-0700-4453-9720-6f82facd7a69\"'),('fields.f27f95b7-d0f8-4d42-889d-9c5fac6801e9.handle','\"socialMedia\"'),('fields.f27f95b7-d0f8-4d42-889d-9c5fac6801e9.instructions','null'),('fields.f27f95b7-d0f8-4d42-889d-9c5fac6801e9.name','\"Social Media\"'),('fields.f27f95b7-d0f8-4d42-889d-9c5fac6801e9.searchable','false'),('fields.f27f95b7-d0f8-4d42-889d-9c5fac6801e9.settings.contentTable','\"{{%matrixcontent_socialmedia}}\"'),('fields.f27f95b7-d0f8-4d42-889d-9c5fac6801e9.settings.maxBlocks','null'),('fields.f27f95b7-d0f8-4d42-889d-9c5fac6801e9.settings.minBlocks','null'),('fields.f27f95b7-d0f8-4d42-889d-9c5fac6801e9.settings.propagationKeyFormat','null'),('fields.f27f95b7-d0f8-4d42-889d-9c5fac6801e9.settings.propagationMethod','\"all\"'),('fields.f27f95b7-d0f8-4d42-889d-9c5fac6801e9.translationKeyFormat','null'),('fields.f27f95b7-d0f8-4d42-889d-9c5fac6801e9.translationMethod','\"site\"'),('fields.f27f95b7-d0f8-4d42-889d-9c5fac6801e9.type','\"craft\\\\fields\\\\Matrix\"'),('fields.f33f3627-6b49-4717-b33f-a74aa57fc237.columnSuffix','\"msierqve\"'),('fields.f33f3627-6b49-4717-b33f-a74aa57fc237.contentColumnType','\"text\"'),('fields.f33f3627-6b49-4717-b33f-a74aa57fc237.fieldGroup','\"96c0e878-1561-454d-9934-ce4afcd4834c\"'),('fields.f33f3627-6b49-4717-b33f-a74aa57fc237.handle','\"foldText\"'),('fields.f33f3627-6b49-4717-b33f-a74aa57fc237.instructions','null'),('fields.f33f3627-6b49-4717-b33f-a74aa57fc237.name','\"Fold text\"'),('fields.f33f3627-6b49-4717-b33f-a74aa57fc237.searchable','false'),('fields.f33f3627-6b49-4717-b33f-a74aa57fc237.settings.availableTransforms','\"\"'),('fields.f33f3627-6b49-4717-b33f-a74aa57fc237.settings.availableVolumes','\"*\"'),('fields.f33f3627-6b49-4717-b33f-a74aa57fc237.settings.columnType','\"text\"'),('fields.f33f3627-6b49-4717-b33f-a74aa57fc237.settings.configSelectionMode','\"choose\"'),('fields.f33f3627-6b49-4717-b33f-a74aa57fc237.settings.defaultTransform','\"\"'),('fields.f33f3627-6b49-4717-b33f-a74aa57fc237.settings.manualConfig','\"\"'),('fields.f33f3627-6b49-4717-b33f-a74aa57fc237.settings.purifierConfig','null'),('fields.f33f3627-6b49-4717-b33f-a74aa57fc237.settings.purifyHtml','true'),('fields.f33f3627-6b49-4717-b33f-a74aa57fc237.settings.redactorConfig','null'),('fields.f33f3627-6b49-4717-b33f-a74aa57fc237.settings.removeEmptyTags','false'),('fields.f33f3627-6b49-4717-b33f-a74aa57fc237.settings.removeInlineStyles','false'),('fields.f33f3627-6b49-4717-b33f-a74aa57fc237.settings.removeNbsp','false'),('fields.f33f3627-6b49-4717-b33f-a74aa57fc237.settings.showHtmlButtonForNonAdmins','true'),('fields.f33f3627-6b49-4717-b33f-a74aa57fc237.settings.showUnpermittedFiles','false'),('fields.f33f3627-6b49-4717-b33f-a74aa57fc237.settings.showUnpermittedVolumes','false'),('fields.f33f3627-6b49-4717-b33f-a74aa57fc237.settings.uiMode','\"enlarged\"'),('fields.f33f3627-6b49-4717-b33f-a74aa57fc237.translationKeyFormat','null'),('fields.f33f3627-6b49-4717-b33f-a74aa57fc237.translationMethod','\"none\"'),('fields.f33f3627-6b49-4717-b33f-a74aa57fc237.type','\"craft\\\\redactor\\\\Field\"'),('fs.uploads.hasUrls','true'),('fs.uploads.name','\"Uploads\"'),('fs.uploads.settings.path','\"$IMAGES_PATH\"'),('fs.uploads.type','\"craft\\\\fs\\\\Local\"'),('fs.uploads.url','\"$IMAGES_URL\"'),('globalSets.3551cff9-55f5-4fc1-b3a1-2e9a7d03474b.fieldLayouts.3aa6464d-a9df-4aa8-964e-64ae50f79ccd.tabs.0.elementCondition','null'),('globalSets.3551cff9-55f5-4fc1-b3a1-2e9a7d03474b.fieldLayouts.3aa6464d-a9df-4aa8-964e-64ae50f79ccd.tabs.0.elements.0.elementCondition','null'),('globalSets.3551cff9-55f5-4fc1-b3a1-2e9a7d03474b.fieldLayouts.3aa6464d-a9df-4aa8-964e-64ae50f79ccd.tabs.0.elements.0.fieldUid','\"e3f755a7-f851-4ec8-99a3-bc56a6ff887c\"'),('globalSets.3551cff9-55f5-4fc1-b3a1-2e9a7d03474b.fieldLayouts.3aa6464d-a9df-4aa8-964e-64ae50f79ccd.tabs.0.elements.0.instructions','null'),('globalSets.3551cff9-55f5-4fc1-b3a1-2e9a7d03474b.fieldLayouts.3aa6464d-a9df-4aa8-964e-64ae50f79ccd.tabs.0.elements.0.label','null'),('globalSets.3551cff9-55f5-4fc1-b3a1-2e9a7d03474b.fieldLayouts.3aa6464d-a9df-4aa8-964e-64ae50f79ccd.tabs.0.elements.0.required','false'),('globalSets.3551cff9-55f5-4fc1-b3a1-2e9a7d03474b.fieldLayouts.3aa6464d-a9df-4aa8-964e-64ae50f79ccd.tabs.0.elements.0.tip','null'),('globalSets.3551cff9-55f5-4fc1-b3a1-2e9a7d03474b.fieldLayouts.3aa6464d-a9df-4aa8-964e-64ae50f79ccd.tabs.0.elements.0.type','\"craft\\\\fieldlayoutelements\\\\CustomField\"'),('globalSets.3551cff9-55f5-4fc1-b3a1-2e9a7d03474b.fieldLayouts.3aa6464d-a9df-4aa8-964e-64ae50f79ccd.tabs.0.elements.0.uid','\"e53dd3c2-593f-4634-9463-5d1972508c92\"'),('globalSets.3551cff9-55f5-4fc1-b3a1-2e9a7d03474b.fieldLayouts.3aa6464d-a9df-4aa8-964e-64ae50f79ccd.tabs.0.elements.0.userCondition','null'),('globalSets.3551cff9-55f5-4fc1-b3a1-2e9a7d03474b.fieldLayouts.3aa6464d-a9df-4aa8-964e-64ae50f79ccd.tabs.0.elements.0.warning','null'),('globalSets.3551cff9-55f5-4fc1-b3a1-2e9a7d03474b.fieldLayouts.3aa6464d-a9df-4aa8-964e-64ae50f79ccd.tabs.0.elements.0.width','100'),('globalSets.3551cff9-55f5-4fc1-b3a1-2e9a7d03474b.fieldLayouts.3aa6464d-a9df-4aa8-964e-64ae50f79ccd.tabs.0.name','\"content\"'),('globalSets.3551cff9-55f5-4fc1-b3a1-2e9a7d03474b.fieldLayouts.3aa6464d-a9df-4aa8-964e-64ae50f79ccd.tabs.0.uid','\"e442e4fb-f765-485d-9d0c-fb1c90a7086b\"'),('globalSets.3551cff9-55f5-4fc1-b3a1-2e9a7d03474b.fieldLayouts.3aa6464d-a9df-4aa8-964e-64ae50f79ccd.tabs.0.userCondition','null'),('globalSets.3551cff9-55f5-4fc1-b3a1-2e9a7d03474b.handle','\"footer\"'),('globalSets.3551cff9-55f5-4fc1-b3a1-2e9a7d03474b.name','\"footer\"'),('globalSets.3551cff9-55f5-4fc1-b3a1-2e9a7d03474b.sortOrder','2'),('globalSets.3c8d49b3-619a-4454-aecc-134ca2b8fc38.fieldLayouts.44a10915-5359-4406-b6aa-977a6f4f4600.tabs.0.elementCondition','null'),('globalSets.3c8d49b3-619a-4454-aecc-134ca2b8fc38.fieldLayouts.44a10915-5359-4406-b6aa-977a6f4f4600.tabs.0.elements.0.elementCondition','null'),('globalSets.3c8d49b3-619a-4454-aecc-134ca2b8fc38.fieldLayouts.44a10915-5359-4406-b6aa-977a6f4f4600.tabs.0.elements.0.fieldUid','\"2f7abbd5-0712-487b-970f-a7a224b0e7d3\"'),('globalSets.3c8d49b3-619a-4454-aecc-134ca2b8fc38.fieldLayouts.44a10915-5359-4406-b6aa-977a6f4f4600.tabs.0.elements.0.instructions','null'),('globalSets.3c8d49b3-619a-4454-aecc-134ca2b8fc38.fieldLayouts.44a10915-5359-4406-b6aa-977a6f4f4600.tabs.0.elements.0.label','null'),('globalSets.3c8d49b3-619a-4454-aecc-134ca2b8fc38.fieldLayouts.44a10915-5359-4406-b6aa-977a6f4f4600.tabs.0.elements.0.required','false'),('globalSets.3c8d49b3-619a-4454-aecc-134ca2b8fc38.fieldLayouts.44a10915-5359-4406-b6aa-977a6f4f4600.tabs.0.elements.0.tip','null'),('globalSets.3c8d49b3-619a-4454-aecc-134ca2b8fc38.fieldLayouts.44a10915-5359-4406-b6aa-977a6f4f4600.tabs.0.elements.0.type','\"craft\\\\fieldlayoutelements\\\\CustomField\"'),('globalSets.3c8d49b3-619a-4454-aecc-134ca2b8fc38.fieldLayouts.44a10915-5359-4406-b6aa-977a6f4f4600.tabs.0.elements.0.uid','\"5e27af2a-d0f2-4f1a-945f-06d0d4c73c09\"'),('globalSets.3c8d49b3-619a-4454-aecc-134ca2b8fc38.fieldLayouts.44a10915-5359-4406-b6aa-977a6f4f4600.tabs.0.elements.0.userCondition','null'),('globalSets.3c8d49b3-619a-4454-aecc-134ca2b8fc38.fieldLayouts.44a10915-5359-4406-b6aa-977a6f4f4600.tabs.0.elements.0.warning','null'),('globalSets.3c8d49b3-619a-4454-aecc-134ca2b8fc38.fieldLayouts.44a10915-5359-4406-b6aa-977a6f4f4600.tabs.0.elements.0.width','100'),('globalSets.3c8d49b3-619a-4454-aecc-134ca2b8fc38.fieldLayouts.44a10915-5359-4406-b6aa-977a6f4f4600.tabs.0.name','\"Links\"'),('globalSets.3c8d49b3-619a-4454-aecc-134ca2b8fc38.fieldLayouts.44a10915-5359-4406-b6aa-977a6f4f4600.tabs.0.uid','\"f06432a8-f855-4d03-b9aa-935861e54913\"'),('globalSets.3c8d49b3-619a-4454-aecc-134ca2b8fc38.fieldLayouts.44a10915-5359-4406-b6aa-977a6f4f4600.tabs.0.userCondition','null'),('globalSets.3c8d49b3-619a-4454-aecc-134ca2b8fc38.handle','\"navigation\"'),('globalSets.3c8d49b3-619a-4454-aecc-134ca2b8fc38.name','\"Navigation\"'),('globalSets.3c8d49b3-619a-4454-aecc-134ca2b8fc38.sortOrder','1'),('matrixBlockTypes.a2cb3feb-04e0-4662-974d-4415add12815.field','\"f27f95b7-d0f8-4d42-889d-9c5fac6801e9\"'),('matrixBlockTypes.a2cb3feb-04e0-4662-974d-4415add12815.fieldLayouts.cde269ff-774d-4f58-a0b4-cf6f2c93118b.tabs.0.elementCondition','null'),('matrixBlockTypes.a2cb3feb-04e0-4662-974d-4415add12815.fieldLayouts.cde269ff-774d-4f58-a0b4-cf6f2c93118b.tabs.0.elements.0.elementCondition','null'),('matrixBlockTypes.a2cb3feb-04e0-4662-974d-4415add12815.fieldLayouts.cde269ff-774d-4f58-a0b4-cf6f2c93118b.tabs.0.elements.0.fieldUid','\"1241571c-e310-4e3d-8f26-a846dc33b1c7\"'),('matrixBlockTypes.a2cb3feb-04e0-4662-974d-4415add12815.fieldLayouts.cde269ff-774d-4f58-a0b4-cf6f2c93118b.tabs.0.elements.0.instructions','null'),('matrixBlockTypes.a2cb3feb-04e0-4662-974d-4415add12815.fieldLayouts.cde269ff-774d-4f58-a0b4-cf6f2c93118b.tabs.0.elements.0.label','null'),('matrixBlockTypes.a2cb3feb-04e0-4662-974d-4415add12815.fieldLayouts.cde269ff-774d-4f58-a0b4-cf6f2c93118b.tabs.0.elements.0.required','true'),('matrixBlockTypes.a2cb3feb-04e0-4662-974d-4415add12815.fieldLayouts.cde269ff-774d-4f58-a0b4-cf6f2c93118b.tabs.0.elements.0.tip','null'),('matrixBlockTypes.a2cb3feb-04e0-4662-974d-4415add12815.fieldLayouts.cde269ff-774d-4f58-a0b4-cf6f2c93118b.tabs.0.elements.0.type','\"craft\\\\fieldlayoutelements\\\\CustomField\"'),('matrixBlockTypes.a2cb3feb-04e0-4662-974d-4415add12815.fieldLayouts.cde269ff-774d-4f58-a0b4-cf6f2c93118b.tabs.0.elements.0.uid','\"70dbe9f0-38b1-4e95-b403-bb4291e4df26\"'),('matrixBlockTypes.a2cb3feb-04e0-4662-974d-4415add12815.fieldLayouts.cde269ff-774d-4f58-a0b4-cf6f2c93118b.tabs.0.elements.0.userCondition','null'),('matrixBlockTypes.a2cb3feb-04e0-4662-974d-4415add12815.fieldLayouts.cde269ff-774d-4f58-a0b4-cf6f2c93118b.tabs.0.elements.0.warning','null'),('matrixBlockTypes.a2cb3feb-04e0-4662-974d-4415add12815.fieldLayouts.cde269ff-774d-4f58-a0b4-cf6f2c93118b.tabs.0.elements.0.width','100'),('matrixBlockTypes.a2cb3feb-04e0-4662-974d-4415add12815.fieldLayouts.cde269ff-774d-4f58-a0b4-cf6f2c93118b.tabs.0.elements.1.elementCondition','null'),('matrixBlockTypes.a2cb3feb-04e0-4662-974d-4415add12815.fieldLayouts.cde269ff-774d-4f58-a0b4-cf6f2c93118b.tabs.0.elements.1.fieldUid','\"651ff65c-6bf7-4eb4-a020-92dc10bb004f\"'),('matrixBlockTypes.a2cb3feb-04e0-4662-974d-4415add12815.fieldLayouts.cde269ff-774d-4f58-a0b4-cf6f2c93118b.tabs.0.elements.1.instructions','null'),('matrixBlockTypes.a2cb3feb-04e0-4662-974d-4415add12815.fieldLayouts.cde269ff-774d-4f58-a0b4-cf6f2c93118b.tabs.0.elements.1.label','null'),('matrixBlockTypes.a2cb3feb-04e0-4662-974d-4415add12815.fieldLayouts.cde269ff-774d-4f58-a0b4-cf6f2c93118b.tabs.0.elements.1.required','false'),('matrixBlockTypes.a2cb3feb-04e0-4662-974d-4415add12815.fieldLayouts.cde269ff-774d-4f58-a0b4-cf6f2c93118b.tabs.0.elements.1.tip','null'),('matrixBlockTypes.a2cb3feb-04e0-4662-974d-4415add12815.fieldLayouts.cde269ff-774d-4f58-a0b4-cf6f2c93118b.tabs.0.elements.1.type','\"craft\\\\fieldlayoutelements\\\\CustomField\"'),('matrixBlockTypes.a2cb3feb-04e0-4662-974d-4415add12815.fieldLayouts.cde269ff-774d-4f58-a0b4-cf6f2c93118b.tabs.0.elements.1.uid','\"7c4a802d-4cf6-465b-b046-f914878e0bdd\"'),('matrixBlockTypes.a2cb3feb-04e0-4662-974d-4415add12815.fieldLayouts.cde269ff-774d-4f58-a0b4-cf6f2c93118b.tabs.0.elements.1.userCondition','null'),('matrixBlockTypes.a2cb3feb-04e0-4662-974d-4415add12815.fieldLayouts.cde269ff-774d-4f58-a0b4-cf6f2c93118b.tabs.0.elements.1.warning','null'),('matrixBlockTypes.a2cb3feb-04e0-4662-974d-4415add12815.fieldLayouts.cde269ff-774d-4f58-a0b4-cf6f2c93118b.tabs.0.elements.1.width','100'),('matrixBlockTypes.a2cb3feb-04e0-4662-974d-4415add12815.fieldLayouts.cde269ff-774d-4f58-a0b4-cf6f2c93118b.tabs.0.name','\"Content\"'),('matrixBlockTypes.a2cb3feb-04e0-4662-974d-4415add12815.fieldLayouts.cde269ff-774d-4f58-a0b4-cf6f2c93118b.tabs.0.uid','\"2ff62a3a-7474-4bbc-8ddb-7fd6a35d7462\"'),('matrixBlockTypes.a2cb3feb-04e0-4662-974d-4415add12815.fieldLayouts.cde269ff-774d-4f58-a0b4-cf6f2c93118b.tabs.0.userCondition','null'),('matrixBlockTypes.a2cb3feb-04e0-4662-974d-4415add12815.fields.1241571c-e310-4e3d-8f26-a846dc33b1c7.columnSuffix','null'),('matrixBlockTypes.a2cb3feb-04e0-4662-974d-4415add12815.fields.1241571c-e310-4e3d-8f26-a846dc33b1c7.contentColumnType','\"string\"'),('matrixBlockTypes.a2cb3feb-04e0-4662-974d-4415add12815.fields.1241571c-e310-4e3d-8f26-a846dc33b1c7.fieldGroup','null'),('matrixBlockTypes.a2cb3feb-04e0-4662-974d-4415add12815.fields.1241571c-e310-4e3d-8f26-a846dc33b1c7.handle','\"socialImage\"'),('matrixBlockTypes.a2cb3feb-04e0-4662-974d-4415add12815.fields.1241571c-e310-4e3d-8f26-a846dc33b1c7.instructions','null'),('matrixBlockTypes.a2cb3feb-04e0-4662-974d-4415add12815.fields.1241571c-e310-4e3d-8f26-a846dc33b1c7.name','\"social image\"'),('matrixBlockTypes.a2cb3feb-04e0-4662-974d-4415add12815.fields.1241571c-e310-4e3d-8f26-a846dc33b1c7.searchable','false'),('matrixBlockTypes.a2cb3feb-04e0-4662-974d-4415add12815.fields.1241571c-e310-4e3d-8f26-a846dc33b1c7.settings.allowedKinds.0','\"image\"'),('matrixBlockTypes.a2cb3feb-04e0-4662-974d-4415add12815.fields.1241571c-e310-4e3d-8f26-a846dc33b1c7.settings.allowSelfRelations','false'),('matrixBlockTypes.a2cb3feb-04e0-4662-974d-4415add12815.fields.1241571c-e310-4e3d-8f26-a846dc33b1c7.settings.allowSubfolders','false'),('matrixBlockTypes.a2cb3feb-04e0-4662-974d-4415add12815.fields.1241571c-e310-4e3d-8f26-a846dc33b1c7.settings.allowUploads','true'),('matrixBlockTypes.a2cb3feb-04e0-4662-974d-4415add12815.fields.1241571c-e310-4e3d-8f26-a846dc33b1c7.settings.defaultUploadLocationSource','\"volume:58fb83eb-858d-46fe-89b1-554c0b228b03\"'),('matrixBlockTypes.a2cb3feb-04e0-4662-974d-4415add12815.fields.1241571c-e310-4e3d-8f26-a846dc33b1c7.settings.defaultUploadLocationSubpath','null'),('matrixBlockTypes.a2cb3feb-04e0-4662-974d-4415add12815.fields.1241571c-e310-4e3d-8f26-a846dc33b1c7.settings.localizeRelations','false'),('matrixBlockTypes.a2cb3feb-04e0-4662-974d-4415add12815.fields.1241571c-e310-4e3d-8f26-a846dc33b1c7.settings.maxRelations','1'),('matrixBlockTypes.a2cb3feb-04e0-4662-974d-4415add12815.fields.1241571c-e310-4e3d-8f26-a846dc33b1c7.settings.minRelations','null'),('matrixBlockTypes.a2cb3feb-04e0-4662-974d-4415add12815.fields.1241571c-e310-4e3d-8f26-a846dc33b1c7.settings.previewMode','\"full\"'),('matrixBlockTypes.a2cb3feb-04e0-4662-974d-4415add12815.fields.1241571c-e310-4e3d-8f26-a846dc33b1c7.settings.restrictedDefaultUploadSubpath','null'),('matrixBlockTypes.a2cb3feb-04e0-4662-974d-4415add12815.fields.1241571c-e310-4e3d-8f26-a846dc33b1c7.settings.restrictedLocationSource','\"volume:58fb83eb-858d-46fe-89b1-554c0b228b03\"'),('matrixBlockTypes.a2cb3feb-04e0-4662-974d-4415add12815.fields.1241571c-e310-4e3d-8f26-a846dc33b1c7.settings.restrictedLocationSubpath','null'),('matrixBlockTypes.a2cb3feb-04e0-4662-974d-4415add12815.fields.1241571c-e310-4e3d-8f26-a846dc33b1c7.settings.restrictFiles','true'),('matrixBlockTypes.a2cb3feb-04e0-4662-974d-4415add12815.fields.1241571c-e310-4e3d-8f26-a846dc33b1c7.settings.restrictLocation','false'),('matrixBlockTypes.a2cb3feb-04e0-4662-974d-4415add12815.fields.1241571c-e310-4e3d-8f26-a846dc33b1c7.settings.selectionCondition.__assoc__.0.0','\"elementType\"'),('matrixBlockTypes.a2cb3feb-04e0-4662-974d-4415add12815.fields.1241571c-e310-4e3d-8f26-a846dc33b1c7.settings.selectionCondition.__assoc__.0.1','\"craft\\\\elements\\\\Asset\"'),('matrixBlockTypes.a2cb3feb-04e0-4662-974d-4415add12815.fields.1241571c-e310-4e3d-8f26-a846dc33b1c7.settings.selectionCondition.__assoc__.1.0','\"fieldContext\"'),('matrixBlockTypes.a2cb3feb-04e0-4662-974d-4415add12815.fields.1241571c-e310-4e3d-8f26-a846dc33b1c7.settings.selectionCondition.__assoc__.1.1','\"global\"'),('matrixBlockTypes.a2cb3feb-04e0-4662-974d-4415add12815.fields.1241571c-e310-4e3d-8f26-a846dc33b1c7.settings.selectionCondition.__assoc__.2.0','\"class\"'),('matrixBlockTypes.a2cb3feb-04e0-4662-974d-4415add12815.fields.1241571c-e310-4e3d-8f26-a846dc33b1c7.settings.selectionCondition.__assoc__.2.1','\"craft\\\\elements\\\\conditions\\\\assets\\\\AssetCondition\"'),('matrixBlockTypes.a2cb3feb-04e0-4662-974d-4415add12815.fields.1241571c-e310-4e3d-8f26-a846dc33b1c7.settings.selectionLabel','null'),('matrixBlockTypes.a2cb3feb-04e0-4662-974d-4415add12815.fields.1241571c-e310-4e3d-8f26-a846dc33b1c7.settings.showSiteMenu','false'),('matrixBlockTypes.a2cb3feb-04e0-4662-974d-4415add12815.fields.1241571c-e310-4e3d-8f26-a846dc33b1c7.settings.showUnpermittedFiles','false'),('matrixBlockTypes.a2cb3feb-04e0-4662-974d-4415add12815.fields.1241571c-e310-4e3d-8f26-a846dc33b1c7.settings.showUnpermittedVolumes','false'),('matrixBlockTypes.a2cb3feb-04e0-4662-974d-4415add12815.fields.1241571c-e310-4e3d-8f26-a846dc33b1c7.settings.source','null'),('matrixBlockTypes.a2cb3feb-04e0-4662-974d-4415add12815.fields.1241571c-e310-4e3d-8f26-a846dc33b1c7.settings.sources','\"*\"'),('matrixBlockTypes.a2cb3feb-04e0-4662-974d-4415add12815.fields.1241571c-e310-4e3d-8f26-a846dc33b1c7.settings.targetSiteId','null'),('matrixBlockTypes.a2cb3feb-04e0-4662-974d-4415add12815.fields.1241571c-e310-4e3d-8f26-a846dc33b1c7.settings.validateRelatedElements','false'),('matrixBlockTypes.a2cb3feb-04e0-4662-974d-4415add12815.fields.1241571c-e310-4e3d-8f26-a846dc33b1c7.settings.viewMode','\"large\"'),('matrixBlockTypes.a2cb3feb-04e0-4662-974d-4415add12815.fields.1241571c-e310-4e3d-8f26-a846dc33b1c7.translationKeyFormat','null'),('matrixBlockTypes.a2cb3feb-04e0-4662-974d-4415add12815.fields.1241571c-e310-4e3d-8f26-a846dc33b1c7.translationMethod','\"site\"'),('matrixBlockTypes.a2cb3feb-04e0-4662-974d-4415add12815.fields.1241571c-e310-4e3d-8f26-a846dc33b1c7.type','\"craft\\\\fields\\\\Assets\"'),('matrixBlockTypes.a2cb3feb-04e0-4662-974d-4415add12815.fields.651ff65c-6bf7-4eb4-a020-92dc10bb004f.columnSuffix','\"jcdbksxn\"'),('matrixBlockTypes.a2cb3feb-04e0-4662-974d-4415add12815.fields.651ff65c-6bf7-4eb4-a020-92dc10bb004f.contentColumnType','\"text\"'),('matrixBlockTypes.a2cb3feb-04e0-4662-974d-4415add12815.fields.651ff65c-6bf7-4eb4-a020-92dc10bb004f.fieldGroup','null'),('matrixBlockTypes.a2cb3feb-04e0-4662-974d-4415add12815.fields.651ff65c-6bf7-4eb4-a020-92dc10bb004f.handle','\"socialName\"'),('matrixBlockTypes.a2cb3feb-04e0-4662-974d-4415add12815.fields.651ff65c-6bf7-4eb4-a020-92dc10bb004f.instructions','null'),('matrixBlockTypes.a2cb3feb-04e0-4662-974d-4415add12815.fields.651ff65c-6bf7-4eb4-a020-92dc10bb004f.name','\"social name\"'),('matrixBlockTypes.a2cb3feb-04e0-4662-974d-4415add12815.fields.651ff65c-6bf7-4eb4-a020-92dc10bb004f.searchable','false'),('matrixBlockTypes.a2cb3feb-04e0-4662-974d-4415add12815.fields.651ff65c-6bf7-4eb4-a020-92dc10bb004f.settings.availableTransforms','\"\"'),('matrixBlockTypes.a2cb3feb-04e0-4662-974d-4415add12815.fields.651ff65c-6bf7-4eb4-a020-92dc10bb004f.settings.availableVolumes','\"*\"'),('matrixBlockTypes.a2cb3feb-04e0-4662-974d-4415add12815.fields.651ff65c-6bf7-4eb4-a020-92dc10bb004f.settings.columnType','\"text\"'),('matrixBlockTypes.a2cb3feb-04e0-4662-974d-4415add12815.fields.651ff65c-6bf7-4eb4-a020-92dc10bb004f.settings.configSelectionMode','\"choose\"'),('matrixBlockTypes.a2cb3feb-04e0-4662-974d-4415add12815.fields.651ff65c-6bf7-4eb4-a020-92dc10bb004f.settings.defaultTransform','\"\"'),('matrixBlockTypes.a2cb3feb-04e0-4662-974d-4415add12815.fields.651ff65c-6bf7-4eb4-a020-92dc10bb004f.settings.manualConfig','\"\"'),('matrixBlockTypes.a2cb3feb-04e0-4662-974d-4415add12815.fields.651ff65c-6bf7-4eb4-a020-92dc10bb004f.settings.purifierConfig','null'),('matrixBlockTypes.a2cb3feb-04e0-4662-974d-4415add12815.fields.651ff65c-6bf7-4eb4-a020-92dc10bb004f.settings.purifyHtml','true'),('matrixBlockTypes.a2cb3feb-04e0-4662-974d-4415add12815.fields.651ff65c-6bf7-4eb4-a020-92dc10bb004f.settings.redactorConfig','null'),('matrixBlockTypes.a2cb3feb-04e0-4662-974d-4415add12815.fields.651ff65c-6bf7-4eb4-a020-92dc10bb004f.settings.removeEmptyTags','false'),('matrixBlockTypes.a2cb3feb-04e0-4662-974d-4415add12815.fields.651ff65c-6bf7-4eb4-a020-92dc10bb004f.settings.removeInlineStyles','false'),('matrixBlockTypes.a2cb3feb-04e0-4662-974d-4415add12815.fields.651ff65c-6bf7-4eb4-a020-92dc10bb004f.settings.removeNbsp','false'),('matrixBlockTypes.a2cb3feb-04e0-4662-974d-4415add12815.fields.651ff65c-6bf7-4eb4-a020-92dc10bb004f.settings.showHtmlButtonForNonAdmins','false'),('matrixBlockTypes.a2cb3feb-04e0-4662-974d-4415add12815.fields.651ff65c-6bf7-4eb4-a020-92dc10bb004f.settings.showUnpermittedFiles','false'),('matrixBlockTypes.a2cb3feb-04e0-4662-974d-4415add12815.fields.651ff65c-6bf7-4eb4-a020-92dc10bb004f.settings.showUnpermittedVolumes','false'),('matrixBlockTypes.a2cb3feb-04e0-4662-974d-4415add12815.fields.651ff65c-6bf7-4eb4-a020-92dc10bb004f.settings.uiMode','\"enlarged\"'),('matrixBlockTypes.a2cb3feb-04e0-4662-974d-4415add12815.fields.651ff65c-6bf7-4eb4-a020-92dc10bb004f.translationKeyFormat','null'),('matrixBlockTypes.a2cb3feb-04e0-4662-974d-4415add12815.fields.651ff65c-6bf7-4eb4-a020-92dc10bb004f.translationMethod','\"none\"'),('matrixBlockTypes.a2cb3feb-04e0-4662-974d-4415add12815.fields.651ff65c-6bf7-4eb4-a020-92dc10bb004f.type','\"craft\\\\redactor\\\\Field\"'),('matrixBlockTypes.a2cb3feb-04e0-4662-974d-4415add12815.handle','\"socials\"'),('matrixBlockTypes.a2cb3feb-04e0-4662-974d-4415add12815.name','\"socials\"'),('matrixBlockTypes.a2cb3feb-04e0-4662-974d-4415add12815.sortOrder','1'),('matrixBlockTypes.ba82a41d-6a09-4965-8f13-2f8e7bc2f30e.field','\"2f7abbd5-0712-487b-970f-a7a224b0e7d3\"'),('matrixBlockTypes.ba82a41d-6a09-4965-8f13-2f8e7bc2f30e.fieldLayouts.42606d9f-5206-43f7-ae33-40bbf7a962fb.tabs.0.elementCondition','null'),('matrixBlockTypes.ba82a41d-6a09-4965-8f13-2f8e7bc2f30e.fieldLayouts.42606d9f-5206-43f7-ae33-40bbf7a962fb.tabs.0.elements.0.elementCondition','null'),('matrixBlockTypes.ba82a41d-6a09-4965-8f13-2f8e7bc2f30e.fieldLayouts.42606d9f-5206-43f7-ae33-40bbf7a962fb.tabs.0.elements.0.fieldUid','\"a04a968f-65f3-44fb-847c-3a3e1d0a5cfb\"'),('matrixBlockTypes.ba82a41d-6a09-4965-8f13-2f8e7bc2f30e.fieldLayouts.42606d9f-5206-43f7-ae33-40bbf7a962fb.tabs.0.elements.0.instructions','null'),('matrixBlockTypes.ba82a41d-6a09-4965-8f13-2f8e7bc2f30e.fieldLayouts.42606d9f-5206-43f7-ae33-40bbf7a962fb.tabs.0.elements.0.label','null'),('matrixBlockTypes.ba82a41d-6a09-4965-8f13-2f8e7bc2f30e.fieldLayouts.42606d9f-5206-43f7-ae33-40bbf7a962fb.tabs.0.elements.0.required','false'),('matrixBlockTypes.ba82a41d-6a09-4965-8f13-2f8e7bc2f30e.fieldLayouts.42606d9f-5206-43f7-ae33-40bbf7a962fb.tabs.0.elements.0.tip','null'),('matrixBlockTypes.ba82a41d-6a09-4965-8f13-2f8e7bc2f30e.fieldLayouts.42606d9f-5206-43f7-ae33-40bbf7a962fb.tabs.0.elements.0.type','\"craft\\\\fieldlayoutelements\\\\CustomField\"'),('matrixBlockTypes.ba82a41d-6a09-4965-8f13-2f8e7bc2f30e.fieldLayouts.42606d9f-5206-43f7-ae33-40bbf7a962fb.tabs.0.elements.0.uid','\"0dbeec62-b501-45bc-8cb9-b15a4fcd293c\"'),('matrixBlockTypes.ba82a41d-6a09-4965-8f13-2f8e7bc2f30e.fieldLayouts.42606d9f-5206-43f7-ae33-40bbf7a962fb.tabs.0.elements.0.userCondition','null'),('matrixBlockTypes.ba82a41d-6a09-4965-8f13-2f8e7bc2f30e.fieldLayouts.42606d9f-5206-43f7-ae33-40bbf7a962fb.tabs.0.elements.0.warning','null'),('matrixBlockTypes.ba82a41d-6a09-4965-8f13-2f8e7bc2f30e.fieldLayouts.42606d9f-5206-43f7-ae33-40bbf7a962fb.tabs.0.elements.0.width','100'),('matrixBlockTypes.ba82a41d-6a09-4965-8f13-2f8e7bc2f30e.fieldLayouts.42606d9f-5206-43f7-ae33-40bbf7a962fb.tabs.0.elements.1.elementCondition','null'),('matrixBlockTypes.ba82a41d-6a09-4965-8f13-2f8e7bc2f30e.fieldLayouts.42606d9f-5206-43f7-ae33-40bbf7a962fb.tabs.0.elements.1.fieldUid','\"279a85b7-7d64-48cb-ab59-300389993774\"'),('matrixBlockTypes.ba82a41d-6a09-4965-8f13-2f8e7bc2f30e.fieldLayouts.42606d9f-5206-43f7-ae33-40bbf7a962fb.tabs.0.elements.1.instructions','null'),('matrixBlockTypes.ba82a41d-6a09-4965-8f13-2f8e7bc2f30e.fieldLayouts.42606d9f-5206-43f7-ae33-40bbf7a962fb.tabs.0.elements.1.label','null'),('matrixBlockTypes.ba82a41d-6a09-4965-8f13-2f8e7bc2f30e.fieldLayouts.42606d9f-5206-43f7-ae33-40bbf7a962fb.tabs.0.elements.1.required','false'),('matrixBlockTypes.ba82a41d-6a09-4965-8f13-2f8e7bc2f30e.fieldLayouts.42606d9f-5206-43f7-ae33-40bbf7a962fb.tabs.0.elements.1.tip','null'),('matrixBlockTypes.ba82a41d-6a09-4965-8f13-2f8e7bc2f30e.fieldLayouts.42606d9f-5206-43f7-ae33-40bbf7a962fb.tabs.0.elements.1.type','\"craft\\\\fieldlayoutelements\\\\CustomField\"'),('matrixBlockTypes.ba82a41d-6a09-4965-8f13-2f8e7bc2f30e.fieldLayouts.42606d9f-5206-43f7-ae33-40bbf7a962fb.tabs.0.elements.1.uid','\"855d59d1-7911-4682-a31f-d00d44ed19b8\"'),('matrixBlockTypes.ba82a41d-6a09-4965-8f13-2f8e7bc2f30e.fieldLayouts.42606d9f-5206-43f7-ae33-40bbf7a962fb.tabs.0.elements.1.userCondition','null'),('matrixBlockTypes.ba82a41d-6a09-4965-8f13-2f8e7bc2f30e.fieldLayouts.42606d9f-5206-43f7-ae33-40bbf7a962fb.tabs.0.elements.1.warning','null'),('matrixBlockTypes.ba82a41d-6a09-4965-8f13-2f8e7bc2f30e.fieldLayouts.42606d9f-5206-43f7-ae33-40bbf7a962fb.tabs.0.elements.1.width','100'),('matrixBlockTypes.ba82a41d-6a09-4965-8f13-2f8e7bc2f30e.fieldLayouts.42606d9f-5206-43f7-ae33-40bbf7a962fb.tabs.0.name','\"Content\"'),('matrixBlockTypes.ba82a41d-6a09-4965-8f13-2f8e7bc2f30e.fieldLayouts.42606d9f-5206-43f7-ae33-40bbf7a962fb.tabs.0.uid','\"739fde37-f67c-4413-9d7b-f291d2a35889\"'),('matrixBlockTypes.ba82a41d-6a09-4965-8f13-2f8e7bc2f30e.fieldLayouts.42606d9f-5206-43f7-ae33-40bbf7a962fb.tabs.0.userCondition','null'),('matrixBlockTypes.ba82a41d-6a09-4965-8f13-2f8e7bc2f30e.fields.279a85b7-7d64-48cb-ab59-300389993774.columnSuffix','null'),('matrixBlockTypes.ba82a41d-6a09-4965-8f13-2f8e7bc2f30e.fields.279a85b7-7d64-48cb-ab59-300389993774.contentColumnType','\"string\"'),('matrixBlockTypes.ba82a41d-6a09-4965-8f13-2f8e7bc2f30e.fields.279a85b7-7d64-48cb-ab59-300389993774.fieldGroup','null'),('matrixBlockTypes.ba82a41d-6a09-4965-8f13-2f8e7bc2f30e.fields.279a85b7-7d64-48cb-ab59-300389993774.handle','\"linkDestination\"'),('matrixBlockTypes.ba82a41d-6a09-4965-8f13-2f8e7bc2f30e.fields.279a85b7-7d64-48cb-ab59-300389993774.instructions','null'),('matrixBlockTypes.ba82a41d-6a09-4965-8f13-2f8e7bc2f30e.fields.279a85b7-7d64-48cb-ab59-300389993774.name','\"Link Destination\"'),('matrixBlockTypes.ba82a41d-6a09-4965-8f13-2f8e7bc2f30e.fields.279a85b7-7d64-48cb-ab59-300389993774.searchable','false'),('matrixBlockTypes.ba82a41d-6a09-4965-8f13-2f8e7bc2f30e.fields.279a85b7-7d64-48cb-ab59-300389993774.settings.allowSelfRelations','false'),('matrixBlockTypes.ba82a41d-6a09-4965-8f13-2f8e7bc2f30e.fields.279a85b7-7d64-48cb-ab59-300389993774.settings.localizeRelations','false'),('matrixBlockTypes.ba82a41d-6a09-4965-8f13-2f8e7bc2f30e.fields.279a85b7-7d64-48cb-ab59-300389993774.settings.maxRelations','1'),('matrixBlockTypes.ba82a41d-6a09-4965-8f13-2f8e7bc2f30e.fields.279a85b7-7d64-48cb-ab59-300389993774.settings.minRelations','null'),('matrixBlockTypes.ba82a41d-6a09-4965-8f13-2f8e7bc2f30e.fields.279a85b7-7d64-48cb-ab59-300389993774.settings.selectionCondition.__assoc__.0.0','\"elementType\"'),('matrixBlockTypes.ba82a41d-6a09-4965-8f13-2f8e7bc2f30e.fields.279a85b7-7d64-48cb-ab59-300389993774.settings.selectionCondition.__assoc__.0.1','\"craft\\\\elements\\\\Entry\"'),('matrixBlockTypes.ba82a41d-6a09-4965-8f13-2f8e7bc2f30e.fields.279a85b7-7d64-48cb-ab59-300389993774.settings.selectionCondition.__assoc__.1.0','\"fieldContext\"'),('matrixBlockTypes.ba82a41d-6a09-4965-8f13-2f8e7bc2f30e.fields.279a85b7-7d64-48cb-ab59-300389993774.settings.selectionCondition.__assoc__.1.1','\"global\"'),('matrixBlockTypes.ba82a41d-6a09-4965-8f13-2f8e7bc2f30e.fields.279a85b7-7d64-48cb-ab59-300389993774.settings.selectionCondition.__assoc__.2.0','\"class\"'),('matrixBlockTypes.ba82a41d-6a09-4965-8f13-2f8e7bc2f30e.fields.279a85b7-7d64-48cb-ab59-300389993774.settings.selectionCondition.__assoc__.2.1','\"craft\\\\elements\\\\conditions\\\\entries\\\\EntryCondition\"'),('matrixBlockTypes.ba82a41d-6a09-4965-8f13-2f8e7bc2f30e.fields.279a85b7-7d64-48cb-ab59-300389993774.settings.selectionLabel','null'),('matrixBlockTypes.ba82a41d-6a09-4965-8f13-2f8e7bc2f30e.fields.279a85b7-7d64-48cb-ab59-300389993774.settings.showSiteMenu','true'),('matrixBlockTypes.ba82a41d-6a09-4965-8f13-2f8e7bc2f30e.fields.279a85b7-7d64-48cb-ab59-300389993774.settings.source','null'),('matrixBlockTypes.ba82a41d-6a09-4965-8f13-2f8e7bc2f30e.fields.279a85b7-7d64-48cb-ab59-300389993774.settings.sources','\"*\"'),('matrixBlockTypes.ba82a41d-6a09-4965-8f13-2f8e7bc2f30e.fields.279a85b7-7d64-48cb-ab59-300389993774.settings.targetSiteId','null'),('matrixBlockTypes.ba82a41d-6a09-4965-8f13-2f8e7bc2f30e.fields.279a85b7-7d64-48cb-ab59-300389993774.settings.validateRelatedElements','false'),('matrixBlockTypes.ba82a41d-6a09-4965-8f13-2f8e7bc2f30e.fields.279a85b7-7d64-48cb-ab59-300389993774.settings.viewMode','null'),('matrixBlockTypes.ba82a41d-6a09-4965-8f13-2f8e7bc2f30e.fields.279a85b7-7d64-48cb-ab59-300389993774.translationKeyFormat','null'),('matrixBlockTypes.ba82a41d-6a09-4965-8f13-2f8e7bc2f30e.fields.279a85b7-7d64-48cb-ab59-300389993774.translationMethod','\"site\"'),('matrixBlockTypes.ba82a41d-6a09-4965-8f13-2f8e7bc2f30e.fields.279a85b7-7d64-48cb-ab59-300389993774.type','\"craft\\\\fields\\\\Entries\"'),('matrixBlockTypes.ba82a41d-6a09-4965-8f13-2f8e7bc2f30e.fields.a04a968f-65f3-44fb-847c-3a3e1d0a5cfb.columnSuffix','\"qgtahimg\"'),('matrixBlockTypes.ba82a41d-6a09-4965-8f13-2f8e7bc2f30e.fields.a04a968f-65f3-44fb-847c-3a3e1d0a5cfb.contentColumnType','\"text\"'),('matrixBlockTypes.ba82a41d-6a09-4965-8f13-2f8e7bc2f30e.fields.a04a968f-65f3-44fb-847c-3a3e1d0a5cfb.fieldGroup','null'),('matrixBlockTypes.ba82a41d-6a09-4965-8f13-2f8e7bc2f30e.fields.a04a968f-65f3-44fb-847c-3a3e1d0a5cfb.handle','\"linkText\"'),('matrixBlockTypes.ba82a41d-6a09-4965-8f13-2f8e7bc2f30e.fields.a04a968f-65f3-44fb-847c-3a3e1d0a5cfb.instructions','null'),('matrixBlockTypes.ba82a41d-6a09-4965-8f13-2f8e7bc2f30e.fields.a04a968f-65f3-44fb-847c-3a3e1d0a5cfb.name','\"Link Text\"'),('matrixBlockTypes.ba82a41d-6a09-4965-8f13-2f8e7bc2f30e.fields.a04a968f-65f3-44fb-847c-3a3e1d0a5cfb.searchable','false'),('matrixBlockTypes.ba82a41d-6a09-4965-8f13-2f8e7bc2f30e.fields.a04a968f-65f3-44fb-847c-3a3e1d0a5cfb.settings.byteLimit','null'),('matrixBlockTypes.ba82a41d-6a09-4965-8f13-2f8e7bc2f30e.fields.a04a968f-65f3-44fb-847c-3a3e1d0a5cfb.settings.charLimit','null'),('matrixBlockTypes.ba82a41d-6a09-4965-8f13-2f8e7bc2f30e.fields.a04a968f-65f3-44fb-847c-3a3e1d0a5cfb.settings.code','false'),('matrixBlockTypes.ba82a41d-6a09-4965-8f13-2f8e7bc2f30e.fields.a04a968f-65f3-44fb-847c-3a3e1d0a5cfb.settings.columnType','null'),('matrixBlockTypes.ba82a41d-6a09-4965-8f13-2f8e7bc2f30e.fields.a04a968f-65f3-44fb-847c-3a3e1d0a5cfb.settings.initialRows','4'),('matrixBlockTypes.ba82a41d-6a09-4965-8f13-2f8e7bc2f30e.fields.a04a968f-65f3-44fb-847c-3a3e1d0a5cfb.settings.multiline','false'),('matrixBlockTypes.ba82a41d-6a09-4965-8f13-2f8e7bc2f30e.fields.a04a968f-65f3-44fb-847c-3a3e1d0a5cfb.settings.placeholder','null'),('matrixBlockTypes.ba82a41d-6a09-4965-8f13-2f8e7bc2f30e.fields.a04a968f-65f3-44fb-847c-3a3e1d0a5cfb.settings.uiMode','\"normal\"'),('matrixBlockTypes.ba82a41d-6a09-4965-8f13-2f8e7bc2f30e.fields.a04a968f-65f3-44fb-847c-3a3e1d0a5cfb.translationKeyFormat','null'),('matrixBlockTypes.ba82a41d-6a09-4965-8f13-2f8e7bc2f30e.fields.a04a968f-65f3-44fb-847c-3a3e1d0a5cfb.translationMethod','\"none\"'),('matrixBlockTypes.ba82a41d-6a09-4965-8f13-2f8e7bc2f30e.fields.a04a968f-65f3-44fb-847c-3a3e1d0a5cfb.type','\"craft\\\\fields\\\\PlainText\"'),('matrixBlockTypes.ba82a41d-6a09-4965-8f13-2f8e7bc2f30e.handle','\"link\"'),('matrixBlockTypes.ba82a41d-6a09-4965-8f13-2f8e7bc2f30e.name','\"Link\"'),('matrixBlockTypes.ba82a41d-6a09-4965-8f13-2f8e7bc2f30e.sortOrder','1'),('matrixBlockTypes.member--6cdd3308-b983-4add-978c-6d0ebb84f14a 2.field','\"896d1639-72b8-4016-9655-e90448d87539\"'),('matrixBlockTypes.member--6cdd3308-b983-4add-978c-6d0ebb84f14a 2.fieldLayouts.64316ee2-63cb-4b84-bfe8-28ac8ad44903.tabs.0.elementCondition','null'),('matrixBlockTypes.member--6cdd3308-b983-4add-978c-6d0ebb84f14a 2.fieldLayouts.64316ee2-63cb-4b84-bfe8-28ac8ad44903.tabs.0.elements.0.elementCondition','null'),('matrixBlockTypes.member--6cdd3308-b983-4add-978c-6d0ebb84f14a 2.fieldLayouts.64316ee2-63cb-4b84-bfe8-28ac8ad44903.tabs.0.elements.0.fieldUid','\"b75e31bf-0913-41b7-93ee-2925c7e907d6\"'),('matrixBlockTypes.member--6cdd3308-b983-4add-978c-6d0ebb84f14a 2.fieldLayouts.64316ee2-63cb-4b84-bfe8-28ac8ad44903.tabs.0.elements.0.instructions','null'),('matrixBlockTypes.member--6cdd3308-b983-4add-978c-6d0ebb84f14a 2.fieldLayouts.64316ee2-63cb-4b84-bfe8-28ac8ad44903.tabs.0.elements.0.label','null'),('matrixBlockTypes.member--6cdd3308-b983-4add-978c-6d0ebb84f14a 2.fieldLayouts.64316ee2-63cb-4b84-bfe8-28ac8ad44903.tabs.0.elements.0.required','true'),('matrixBlockTypes.member--6cdd3308-b983-4add-978c-6d0ebb84f14a 2.fieldLayouts.64316ee2-63cb-4b84-bfe8-28ac8ad44903.tabs.0.elements.0.tip','null'),('matrixBlockTypes.member--6cdd3308-b983-4add-978c-6d0ebb84f14a 2.fieldLayouts.64316ee2-63cb-4b84-bfe8-28ac8ad44903.tabs.0.elements.0.type','\"craft\\\\fieldlayoutelements\\\\CustomField\"'),('matrixBlockTypes.member--6cdd3308-b983-4add-978c-6d0ebb84f14a 2.fieldLayouts.64316ee2-63cb-4b84-bfe8-28ac8ad44903.tabs.0.elements.0.uid','\"618e96f9-ef17-4cbd-8ad1-5521acec5280\"'),('matrixBlockTypes.member--6cdd3308-b983-4add-978c-6d0ebb84f14a 2.fieldLayouts.64316ee2-63cb-4b84-bfe8-28ac8ad44903.tabs.0.elements.0.userCondition','null'),('matrixBlockTypes.member--6cdd3308-b983-4add-978c-6d0ebb84f14a 2.fieldLayouts.64316ee2-63cb-4b84-bfe8-28ac8ad44903.tabs.0.elements.0.warning','null'),('matrixBlockTypes.member--6cdd3308-b983-4add-978c-6d0ebb84f14a 2.fieldLayouts.64316ee2-63cb-4b84-bfe8-28ac8ad44903.tabs.0.elements.0.width','100'),('matrixBlockTypes.member--6cdd3308-b983-4add-978c-6d0ebb84f14a 2.fieldLayouts.64316ee2-63cb-4b84-bfe8-28ac8ad44903.tabs.0.elements.1.elementCondition','null'),('matrixBlockTypes.member--6cdd3308-b983-4add-978c-6d0ebb84f14a 2.fieldLayouts.64316ee2-63cb-4b84-bfe8-28ac8ad44903.tabs.0.elements.1.fieldUid','\"f0834417-81ef-4b86-83ef-a2eef2cbcc9e\"'),('matrixBlockTypes.member--6cdd3308-b983-4add-978c-6d0ebb84f14a 2.fieldLayouts.64316ee2-63cb-4b84-bfe8-28ac8ad44903.tabs.0.elements.1.instructions','null'),('matrixBlockTypes.member--6cdd3308-b983-4add-978c-6d0ebb84f14a 2.fieldLayouts.64316ee2-63cb-4b84-bfe8-28ac8ad44903.tabs.0.elements.1.label','null'),('matrixBlockTypes.member--6cdd3308-b983-4add-978c-6d0ebb84f14a 2.fieldLayouts.64316ee2-63cb-4b84-bfe8-28ac8ad44903.tabs.0.elements.1.required','true'),('matrixBlockTypes.member--6cdd3308-b983-4add-978c-6d0ebb84f14a 2.fieldLayouts.64316ee2-63cb-4b84-bfe8-28ac8ad44903.tabs.0.elements.1.tip','null'),('matrixBlockTypes.member--6cdd3308-b983-4add-978c-6d0ebb84f14a 2.fieldLayouts.64316ee2-63cb-4b84-bfe8-28ac8ad44903.tabs.0.elements.1.type','\"craft\\\\fieldlayoutelements\\\\CustomField\"'),('matrixBlockTypes.member--6cdd3308-b983-4add-978c-6d0ebb84f14a 2.fieldLayouts.64316ee2-63cb-4b84-bfe8-28ac8ad44903.tabs.0.elements.1.uid','\"53c1f80b-1dfb-4a3a-b6c5-061c74db32b5\"'),('matrixBlockTypes.member--6cdd3308-b983-4add-978c-6d0ebb84f14a 2.fieldLayouts.64316ee2-63cb-4b84-bfe8-28ac8ad44903.tabs.0.elements.1.userCondition','null'),('matrixBlockTypes.member--6cdd3308-b983-4add-978c-6d0ebb84f14a 2.fieldLayouts.64316ee2-63cb-4b84-bfe8-28ac8ad44903.tabs.0.elements.1.warning','null'),('matrixBlockTypes.member--6cdd3308-b983-4add-978c-6d0ebb84f14a 2.fieldLayouts.64316ee2-63cb-4b84-bfe8-28ac8ad44903.tabs.0.elements.1.width','100'),('matrixBlockTypes.member--6cdd3308-b983-4add-978c-6d0ebb84f14a 2.fieldLayouts.64316ee2-63cb-4b84-bfe8-28ac8ad44903.tabs.0.elements.2.elementCondition','null'),('matrixBlockTypes.member--6cdd3308-b983-4add-978c-6d0ebb84f14a 2.fieldLayouts.64316ee2-63cb-4b84-bfe8-28ac8ad44903.tabs.0.elements.2.fieldUid','\"0590dbbe-c026-4398-87bd-fe00fa4af6fa\"'),('matrixBlockTypes.member--6cdd3308-b983-4add-978c-6d0ebb84f14a 2.fieldLayouts.64316ee2-63cb-4b84-bfe8-28ac8ad44903.tabs.0.elements.2.instructions','null'),('matrixBlockTypes.member--6cdd3308-b983-4add-978c-6d0ebb84f14a 2.fieldLayouts.64316ee2-63cb-4b84-bfe8-28ac8ad44903.tabs.0.elements.2.label','null'),('matrixBlockTypes.member--6cdd3308-b983-4add-978c-6d0ebb84f14a 2.fieldLayouts.64316ee2-63cb-4b84-bfe8-28ac8ad44903.tabs.0.elements.2.required','true'),('matrixBlockTypes.member--6cdd3308-b983-4add-978c-6d0ebb84f14a 2.fieldLayouts.64316ee2-63cb-4b84-bfe8-28ac8ad44903.tabs.0.elements.2.tip','null'),('matrixBlockTypes.member--6cdd3308-b983-4add-978c-6d0ebb84f14a 2.fieldLayouts.64316ee2-63cb-4b84-bfe8-28ac8ad44903.tabs.0.elements.2.type','\"craft\\\\fieldlayoutelements\\\\CustomField\"'),('matrixBlockTypes.member--6cdd3308-b983-4add-978c-6d0ebb84f14a 2.fieldLayouts.64316ee2-63cb-4b84-bfe8-28ac8ad44903.tabs.0.elements.2.uid','\"4c23de26-6c37-41ed-9f27-30fe6b921c3f\"'),('matrixBlockTypes.member--6cdd3308-b983-4add-978c-6d0ebb84f14a 2.fieldLayouts.64316ee2-63cb-4b84-bfe8-28ac8ad44903.tabs.0.elements.2.userCondition','null'),('matrixBlockTypes.member--6cdd3308-b983-4add-978c-6d0ebb84f14a 2.fieldLayouts.64316ee2-63cb-4b84-bfe8-28ac8ad44903.tabs.0.elements.2.warning','null'),('matrixBlockTypes.member--6cdd3308-b983-4add-978c-6d0ebb84f14a 2.fieldLayouts.64316ee2-63cb-4b84-bfe8-28ac8ad44903.tabs.0.elements.2.width','100'),('matrixBlockTypes.member--6cdd3308-b983-4add-978c-6d0ebb84f14a 2.fieldLayouts.64316ee2-63cb-4b84-bfe8-28ac8ad44903.tabs.0.name','\"Content\"'),('matrixBlockTypes.member--6cdd3308-b983-4add-978c-6d0ebb84f14a 2.fieldLayouts.64316ee2-63cb-4b84-bfe8-28ac8ad44903.tabs.0.uid','\"b69c8b78-37f8-4412-af7e-3a0f868f6383\"'),('matrixBlockTypes.member--6cdd3308-b983-4add-978c-6d0ebb84f14a 2.fieldLayouts.64316ee2-63cb-4b84-bfe8-28ac8ad44903.tabs.0.userCondition','null'),('matrixBlockTypes.member--6cdd3308-b983-4add-978c-6d0ebb84f14a 2.fields.0590dbbe-c026-4398-87bd-fe00fa4af6fa.columnSuffix','\"yzkigqhi\"'),('matrixBlockTypes.member--6cdd3308-b983-4add-978c-6d0ebb84f14a 2.fields.0590dbbe-c026-4398-87bd-fe00fa4af6fa.contentColumnType','\"string\"'),('matrixBlockTypes.member--6cdd3308-b983-4add-978c-6d0ebb84f14a 2.fields.0590dbbe-c026-4398-87bd-fe00fa4af6fa.fieldGroup','null'),('matrixBlockTypes.member--6cdd3308-b983-4add-978c-6d0ebb84f14a 2.fields.0590dbbe-c026-4398-87bd-fe00fa4af6fa.handle','\"jobFunction\"'),('matrixBlockTypes.member--6cdd3308-b983-4add-978c-6d0ebb84f14a 2.fields.0590dbbe-c026-4398-87bd-fe00fa4af6fa.instructions','null'),('matrixBlockTypes.member--6cdd3308-b983-4add-978c-6d0ebb84f14a 2.fields.0590dbbe-c026-4398-87bd-fe00fa4af6fa.name','\"job function\"'),('matrixBlockTypes.member--6cdd3308-b983-4add-978c-6d0ebb84f14a 2.fields.0590dbbe-c026-4398-87bd-fe00fa4af6fa.searchable','false'),('matrixBlockTypes.member--6cdd3308-b983-4add-978c-6d0ebb84f14a 2.fields.0590dbbe-c026-4398-87bd-fe00fa4af6fa.settings.allowLimit','false'),('matrixBlockTypes.member--6cdd3308-b983-4add-978c-6d0ebb84f14a 2.fields.0590dbbe-c026-4398-87bd-fe00fa4af6fa.settings.allowMultipleSources','false'),('matrixBlockTypes.member--6cdd3308-b983-4add-978c-6d0ebb84f14a 2.fields.0590dbbe-c026-4398-87bd-fe00fa4af6fa.settings.allowSelfRelations','false'),('matrixBlockTypes.member--6cdd3308-b983-4add-978c-6d0ebb84f14a 2.fields.0590dbbe-c026-4398-87bd-fe00fa4af6fa.settings.branchLimit','null'),('matrixBlockTypes.member--6cdd3308-b983-4add-978c-6d0ebb84f14a 2.fields.0590dbbe-c026-4398-87bd-fe00fa4af6fa.settings.localizeRelations','false'),('matrixBlockTypes.member--6cdd3308-b983-4add-978c-6d0ebb84f14a 2.fields.0590dbbe-c026-4398-87bd-fe00fa4af6fa.settings.maxRelations','null'),('matrixBlockTypes.member--6cdd3308-b983-4add-978c-6d0ebb84f14a 2.fields.0590dbbe-c026-4398-87bd-fe00fa4af6fa.settings.minRelations','null'),('matrixBlockTypes.member--6cdd3308-b983-4add-978c-6d0ebb84f14a 2.fields.0590dbbe-c026-4398-87bd-fe00fa4af6fa.settings.selectionLabel','null'),('matrixBlockTypes.member--6cdd3308-b983-4add-978c-6d0ebb84f14a 2.fields.0590dbbe-c026-4398-87bd-fe00fa4af6fa.settings.showSiteMenu','true'),('matrixBlockTypes.member--6cdd3308-b983-4add-978c-6d0ebb84f14a 2.fields.0590dbbe-c026-4398-87bd-fe00fa4af6fa.settings.source','\"group:f4068a68-e668-4058-a00b-bdaa140e3d1c\"'),('matrixBlockTypes.member--6cdd3308-b983-4add-978c-6d0ebb84f14a 2.fields.0590dbbe-c026-4398-87bd-fe00fa4af6fa.settings.sources','\"*\"'),('matrixBlockTypes.member--6cdd3308-b983-4add-978c-6d0ebb84f14a 2.fields.0590dbbe-c026-4398-87bd-fe00fa4af6fa.settings.targetSiteId','null'),('matrixBlockTypes.member--6cdd3308-b983-4add-978c-6d0ebb84f14a 2.fields.0590dbbe-c026-4398-87bd-fe00fa4af6fa.settings.validateRelatedElements','false'),('matrixBlockTypes.member--6cdd3308-b983-4add-978c-6d0ebb84f14a 2.fields.0590dbbe-c026-4398-87bd-fe00fa4af6fa.settings.viewMode','null'),('matrixBlockTypes.member--6cdd3308-b983-4add-978c-6d0ebb84f14a 2.fields.0590dbbe-c026-4398-87bd-fe00fa4af6fa.translationKeyFormat','null'),('matrixBlockTypes.member--6cdd3308-b983-4add-978c-6d0ebb84f14a 2.fields.0590dbbe-c026-4398-87bd-fe00fa4af6fa.translationMethod','\"site\"'),('matrixBlockTypes.member--6cdd3308-b983-4add-978c-6d0ebb84f14a 2.fields.0590dbbe-c026-4398-87bd-fe00fa4af6fa.type','\"craft\\\\fields\\\\Categories\"'),('matrixBlockTypes.member--6cdd3308-b983-4add-978c-6d0ebb84f14a 2.fields.b75e31bf-0913-41b7-93ee-2925c7e907d6.columnSuffix','null'),('matrixBlockTypes.member--6cdd3308-b983-4add-978c-6d0ebb84f14a 2.fields.b75e31bf-0913-41b7-93ee-2925c7e907d6.contentColumnType','\"string\"'),('matrixBlockTypes.member--6cdd3308-b983-4add-978c-6d0ebb84f14a 2.fields.b75e31bf-0913-41b7-93ee-2925c7e907d6.fieldGroup','null'),('matrixBlockTypes.member--6cdd3308-b983-4add-978c-6d0ebb84f14a 2.fields.b75e31bf-0913-41b7-93ee-2925c7e907d6.handle','\"photo\"'),('matrixBlockTypes.member--6cdd3308-b983-4add-978c-6d0ebb84f14a 2.fields.b75e31bf-0913-41b7-93ee-2925c7e907d6.instructions','null'),('matrixBlockTypes.member--6cdd3308-b983-4add-978c-6d0ebb84f14a 2.fields.b75e31bf-0913-41b7-93ee-2925c7e907d6.name','\"photo\"'),('matrixBlockTypes.member--6cdd3308-b983-4add-978c-6d0ebb84f14a 2.fields.b75e31bf-0913-41b7-93ee-2925c7e907d6.searchable','false'),('matrixBlockTypes.member--6cdd3308-b983-4add-978c-6d0ebb84f14a 2.fields.b75e31bf-0913-41b7-93ee-2925c7e907d6.settings.allowedKinds.0','\"image\"'),('matrixBlockTypes.member--6cdd3308-b983-4add-978c-6d0ebb84f14a 2.fields.b75e31bf-0913-41b7-93ee-2925c7e907d6.settings.allowSelfRelations','false'),('matrixBlockTypes.member--6cdd3308-b983-4add-978c-6d0ebb84f14a 2.fields.b75e31bf-0913-41b7-93ee-2925c7e907d6.settings.allowSubfolders','false'),('matrixBlockTypes.member--6cdd3308-b983-4add-978c-6d0ebb84f14a 2.fields.b75e31bf-0913-41b7-93ee-2925c7e907d6.settings.allowUploads','true'),('matrixBlockTypes.member--6cdd3308-b983-4add-978c-6d0ebb84f14a 2.fields.b75e31bf-0913-41b7-93ee-2925c7e907d6.settings.defaultUploadLocationSource','\"volume:58fb83eb-858d-46fe-89b1-554c0b228b03\"'),('matrixBlockTypes.member--6cdd3308-b983-4add-978c-6d0ebb84f14a 2.fields.b75e31bf-0913-41b7-93ee-2925c7e907d6.settings.defaultUploadLocationSubpath','null'),('matrixBlockTypes.member--6cdd3308-b983-4add-978c-6d0ebb84f14a 2.fields.b75e31bf-0913-41b7-93ee-2925c7e907d6.settings.localizeRelations','false'),('matrixBlockTypes.member--6cdd3308-b983-4add-978c-6d0ebb84f14a 2.fields.b75e31bf-0913-41b7-93ee-2925c7e907d6.settings.maxRelations','1'),('matrixBlockTypes.member--6cdd3308-b983-4add-978c-6d0ebb84f14a 2.fields.b75e31bf-0913-41b7-93ee-2925c7e907d6.settings.minRelations','null'),('matrixBlockTypes.member--6cdd3308-b983-4add-978c-6d0ebb84f14a 2.fields.b75e31bf-0913-41b7-93ee-2925c7e907d6.settings.previewMode','\"full\"'),('matrixBlockTypes.member--6cdd3308-b983-4add-978c-6d0ebb84f14a 2.fields.b75e31bf-0913-41b7-93ee-2925c7e907d6.settings.restrictedDefaultUploadSubpath','null'),('matrixBlockTypes.member--6cdd3308-b983-4add-978c-6d0ebb84f14a 2.fields.b75e31bf-0913-41b7-93ee-2925c7e907d6.settings.restrictedLocationSource','\"volume:58fb83eb-858d-46fe-89b1-554c0b228b03\"'),('matrixBlockTypes.member--6cdd3308-b983-4add-978c-6d0ebb84f14a 2.fields.b75e31bf-0913-41b7-93ee-2925c7e907d6.settings.restrictedLocationSubpath','null'),('matrixBlockTypes.member--6cdd3308-b983-4add-978c-6d0ebb84f14a 2.fields.b75e31bf-0913-41b7-93ee-2925c7e907d6.settings.restrictFiles','true'),('matrixBlockTypes.member--6cdd3308-b983-4add-978c-6d0ebb84f14a 2.fields.b75e31bf-0913-41b7-93ee-2925c7e907d6.settings.restrictLocation','false'),('matrixBlockTypes.member--6cdd3308-b983-4add-978c-6d0ebb84f14a 2.fields.b75e31bf-0913-41b7-93ee-2925c7e907d6.settings.selectionCondition.__assoc__.0.0','\"elementType\"'),('matrixBlockTypes.member--6cdd3308-b983-4add-978c-6d0ebb84f14a 2.fields.b75e31bf-0913-41b7-93ee-2925c7e907d6.settings.selectionCondition.__assoc__.0.1','\"craft\\\\elements\\\\Asset\"'),('matrixBlockTypes.member--6cdd3308-b983-4add-978c-6d0ebb84f14a 2.fields.b75e31bf-0913-41b7-93ee-2925c7e907d6.settings.selectionCondition.__assoc__.1.0','\"fieldContext\"'),('matrixBlockTypes.member--6cdd3308-b983-4add-978c-6d0ebb84f14a 2.fields.b75e31bf-0913-41b7-93ee-2925c7e907d6.settings.selectionCondition.__assoc__.1.1','\"global\"'),('matrixBlockTypes.member--6cdd3308-b983-4add-978c-6d0ebb84f14a 2.fields.b75e31bf-0913-41b7-93ee-2925c7e907d6.settings.selectionCondition.__assoc__.2.0','\"class\"'),('matrixBlockTypes.member--6cdd3308-b983-4add-978c-6d0ebb84f14a 2.fields.b75e31bf-0913-41b7-93ee-2925c7e907d6.settings.selectionCondition.__assoc__.2.1','\"craft\\\\elements\\\\conditions\\\\assets\\\\AssetCondition\"'),('matrixBlockTypes.member--6cdd3308-b983-4add-978c-6d0ebb84f14a 2.fields.b75e31bf-0913-41b7-93ee-2925c7e907d6.settings.selectionLabel','\"add a picture\"'),('matrixBlockTypes.member--6cdd3308-b983-4add-978c-6d0ebb84f14a 2.fields.b75e31bf-0913-41b7-93ee-2925c7e907d6.settings.showSiteMenu','true'),('matrixBlockTypes.member--6cdd3308-b983-4add-978c-6d0ebb84f14a 2.fields.b75e31bf-0913-41b7-93ee-2925c7e907d6.settings.showUnpermittedFiles','false'),('matrixBlockTypes.member--6cdd3308-b983-4add-978c-6d0ebb84f14a 2.fields.b75e31bf-0913-41b7-93ee-2925c7e907d6.settings.showUnpermittedVolumes','false'),('matrixBlockTypes.member--6cdd3308-b983-4add-978c-6d0ebb84f14a 2.fields.b75e31bf-0913-41b7-93ee-2925c7e907d6.settings.source','null'),('matrixBlockTypes.member--6cdd3308-b983-4add-978c-6d0ebb84f14a 2.fields.b75e31bf-0913-41b7-93ee-2925c7e907d6.settings.sources.0','\"volume:58fb83eb-858d-46fe-89b1-554c0b228b03\"'),('matrixBlockTypes.member--6cdd3308-b983-4add-978c-6d0ebb84f14a 2.fields.b75e31bf-0913-41b7-93ee-2925c7e907d6.settings.targetSiteId','null'),('matrixBlockTypes.member--6cdd3308-b983-4add-978c-6d0ebb84f14a 2.fields.b75e31bf-0913-41b7-93ee-2925c7e907d6.settings.validateRelatedElements','false'),('matrixBlockTypes.member--6cdd3308-b983-4add-978c-6d0ebb84f14a 2.fields.b75e31bf-0913-41b7-93ee-2925c7e907d6.settings.viewMode','\"large\"'),('matrixBlockTypes.member--6cdd3308-b983-4add-978c-6d0ebb84f14a 2.fields.b75e31bf-0913-41b7-93ee-2925c7e907d6.translationKeyFormat','null'),('matrixBlockTypes.member--6cdd3308-b983-4add-978c-6d0ebb84f14a 2.fields.b75e31bf-0913-41b7-93ee-2925c7e907d6.translationMethod','\"site\"'),('matrixBlockTypes.member--6cdd3308-b983-4add-978c-6d0ebb84f14a 2.fields.b75e31bf-0913-41b7-93ee-2925c7e907d6.type','\"craft\\\\fields\\\\Assets\"'),('matrixBlockTypes.member--6cdd3308-b983-4add-978c-6d0ebb84f14a 2.fields.f0834417-81ef-4b86-83ef-a2eef2cbcc9e.columnSuffix','\"axnhhfcq\"'),('matrixBlockTypes.member--6cdd3308-b983-4add-978c-6d0ebb84f14a 2.fields.f0834417-81ef-4b86-83ef-a2eef2cbcc9e.contentColumnType','\"text\"'),('matrixBlockTypes.member--6cdd3308-b983-4add-978c-6d0ebb84f14a 2.fields.f0834417-81ef-4b86-83ef-a2eef2cbcc9e.fieldGroup','null'),('matrixBlockTypes.member--6cdd3308-b983-4add-978c-6d0ebb84f14a 2.fields.f0834417-81ef-4b86-83ef-a2eef2cbcc9e.handle','\"namemember\"'),('matrixBlockTypes.member--6cdd3308-b983-4add-978c-6d0ebb84f14a 2.fields.f0834417-81ef-4b86-83ef-a2eef2cbcc9e.instructions','null'),('matrixBlockTypes.member--6cdd3308-b983-4add-978c-6d0ebb84f14a 2.fields.f0834417-81ef-4b86-83ef-a2eef2cbcc9e.name','\"nameMember\"'),('matrixBlockTypes.member--6cdd3308-b983-4add-978c-6d0ebb84f14a 2.fields.f0834417-81ef-4b86-83ef-a2eef2cbcc9e.searchable','false'),('matrixBlockTypes.member--6cdd3308-b983-4add-978c-6d0ebb84f14a 2.fields.f0834417-81ef-4b86-83ef-a2eef2cbcc9e.settings.byteLimit','null'),('matrixBlockTypes.member--6cdd3308-b983-4add-978c-6d0ebb84f14a 2.fields.f0834417-81ef-4b86-83ef-a2eef2cbcc9e.settings.charLimit','null'),('matrixBlockTypes.member--6cdd3308-b983-4add-978c-6d0ebb84f14a 2.fields.f0834417-81ef-4b86-83ef-a2eef2cbcc9e.settings.code','false'),('matrixBlockTypes.member--6cdd3308-b983-4add-978c-6d0ebb84f14a 2.fields.f0834417-81ef-4b86-83ef-a2eef2cbcc9e.settings.columnType','null'),('matrixBlockTypes.member--6cdd3308-b983-4add-978c-6d0ebb84f14a 2.fields.f0834417-81ef-4b86-83ef-a2eef2cbcc9e.settings.initialRows','4'),('matrixBlockTypes.member--6cdd3308-b983-4add-978c-6d0ebb84f14a 2.fields.f0834417-81ef-4b86-83ef-a2eef2cbcc9e.settings.multiline','false'),('matrixBlockTypes.member--6cdd3308-b983-4add-978c-6d0ebb84f14a 2.fields.f0834417-81ef-4b86-83ef-a2eef2cbcc9e.settings.placeholder','null'),('matrixBlockTypes.member--6cdd3308-b983-4add-978c-6d0ebb84f14a 2.fields.f0834417-81ef-4b86-83ef-a2eef2cbcc9e.settings.uiMode','\"normal\"'),('matrixBlockTypes.member--6cdd3308-b983-4add-978c-6d0ebb84f14a 2.fields.f0834417-81ef-4b86-83ef-a2eef2cbcc9e.translationKeyFormat','null'),('matrixBlockTypes.member--6cdd3308-b983-4add-978c-6d0ebb84f14a 2.fields.f0834417-81ef-4b86-83ef-a2eef2cbcc9e.translationMethod','\"none\"'),('matrixBlockTypes.member--6cdd3308-b983-4add-978c-6d0ebb84f14a 2.fields.f0834417-81ef-4b86-83ef-a2eef2cbcc9e.type','\"craft\\\\fields\\\\PlainText\"'),('matrixBlockTypes.member--6cdd3308-b983-4add-978c-6d0ebb84f14a 2.handle','\"member\"'),('matrixBlockTypes.member--6cdd3308-b983-4add-978c-6d0ebb84f14a 2.name','\"member\"'),('matrixBlockTypes.member--6cdd3308-b983-4add-978c-6d0ebb84f14a 2.sortOrder','1'),('meta.__names__.0590dbbe-c026-4398-87bd-fe00fa4af6fa','\"job function\"'),('meta.__names__.074d68c4-1855-408f-8f32-cea5399b3664','\"work\"'),('meta.__names__.07a8eb6f-a12f-4e37-83d5-227b019a9659','\"Member photo\"'),('meta.__names__.10aedf79-22dd-4e3b-81cd-6e2f43261751','\"Project name\"'),('meta.__names__.1241571c-e310-4e3d-8f26-a846dc33b1c7','\"social image\"'),('meta.__names__.162ef5e4-bbba-414c-a7c3-1346d8756ff8','\"Projects list\"'),('meta.__names__.195ed395-93dc-4560-b1cb-0a1ffcd98ec6','\"Team List\"'),('meta.__names__.21038002-abbe-49d2-8d3e-1253f7f381e5','\"Home\"'),('meta.__names__.26b9f32d-55f0-470c-b16c-8bfba250a0a7','\"Fold title\"'),('meta.__names__.279a85b7-7d64-48cb-ab59-300389993774','\"Link Destination\"'),('meta.__names__.2f7abbd5-0712-487b-970f-a7a224b0e7d3','\"Navigation Links\"'),('meta.__names__.330c05cf-fcec-4202-bf67-b50022950756','\"Projects list\"'),('meta.__names__.3551cff9-55f5-4fc1-b3a1-2e9a7d03474b','\"footer\"'),('meta.__names__.358e8018-8fa2-4683-adbc-b21ada456d12','\"work type\"'),('meta.__names__.37d48be1-0a84-4ec8-adb6-fa4f840845f2','\"Team\"'),('meta.__names__.3c8d49b3-619a-4454-aecc-134ca2b8fc38','\"Navigation\"'),('meta.__names__.413e9232-5ded-4379-b6e5-cd9739d03a35','\"Member function\"'),('meta.__names__.43152f16-1cbd-44a8-bf66-aa0c38d63287','\"Projects\"'),('meta.__names__.4d4a19cd-c39c-4a6c-bfa3-0633e45ddd24','\"Default\"'),('meta.__names__.568b898b-0700-4453-9720-6f82facd7a69','\"Common\"'),('meta.__names__.57ab3751-26df-454b-8859-5a8718559636','\"Contact\"'),('meta.__names__.58fb83eb-858d-46fe-89b1-554c0b228b03','\"Uploads\"'),('meta.__names__.651ff65c-6bf7-4eb4-a020-92dc10bb004f','\"social name\"'),('meta.__names__.6fa4a539-3604-41bf-befb-07726f7f702b','\"Team\"'),('meta.__names__.71be2c8f-d8f8-48a6-80a5-69d9405a4c6e','\"Contact Image\"'),('meta.__names__.721ca285-b527-4f49-a8a3-fe39d7bf6625','\"Contact\"'),('meta.__names__.75024fbf-7982-4463-8aef-875b5c494cc8','\"agency\"'),('meta.__names__.7c14f2bf-3587-4b2e-b6a6-da3241e6c423','\"Contact\"'),('meta.__names__.7c4b5296-39c2-4009-bb52-3e1648f66c12','\"Team List\"'),('meta.__names__.7cdda45a-f36b-4596-881d-1d591c64419b','\"work type\"'),('meta.__names__.7d27545e-9618-4303-8c44-281674ee08a8','\"agency\"'),('meta.__names__.96c0e878-1561-454d-9934-ce4afcd4834c','\"Home\"'),('meta.__names__.a04a968f-65f3-44fb-847c-3a3e1d0a5cfb','\"Link Text\"'),('meta.__names__.a2cb3feb-04e0-4662-974d-4415add12815','\"socials\"'),('meta.__names__.ac229f29-9dc5-44d7-821f-943a7891c012','\"Projects\"'),('meta.__names__.ada0c907-3ba4-496b-8e49-49598cdcc295','\"Projects\"'),('meta.__names__.b625fb03-11a3-4712-a711-a4c007b7e680','\"Project Image\"'),('meta.__names__.b75e31bf-0913-41b7-93ee-2925c7e907d6','\"photo\"'),('meta.__names__.ba82a41d-6a09-4965-8f13-2f8e7bc2f30e','\"Link\"'),('meta.__names__.cdce4c0f-87d5-4cbe-9ef1-6dc9f3ad5790','\"Project Description\"'),('meta.__names__.d4af281b-9b46-4731-a2c3-bb5382fa6ca2','\"Member Info\"'),('meta.__names__.de13cde3-d04b-4fdc-a675-895021e61985','\"Member name\"'),('meta.__names__.e3f755a7-f851-4ec8-99a3-bc56a6ff887c','\"global Text\"'),('meta.__names__.e4f68ba6-b1ad-40d9-8e66-25f943be90a9','\"Fold image\"'),('meta.__names__.eda9509c-70b1-40f8-b6c1-c390ad621de6','\"Home\"'),('meta.__names__.f0834417-81ef-4b86-83ef-a2eef2cbcc9e','\"nameMember\"'),('meta.__names__.f27f95b7-d0f8-4d42-889d-9c5fac6801e9','\"Social Media\"'),('meta.__names__.f33f3627-6b49-4717-b33f-a74aa57fc237','\"Fold text\"'),('meta.__names__.f4068a68-e668-4058-a00b-bdaa140e3d1c','\"job function\"'),('plugins.redactor.edition','\"standard\"'),('plugins.redactor.enabled','true'),('plugins.redactor.schemaVersion','\"2.3.0\"'),('plugins.vite.edition','\"standard\"'),('plugins.vite.enabled','true'),('plugins.vite.schemaVersion','\"1.0.0\"'),('sections.21038002-abbe-49d2-8d3e-1253f7f381e5.defaultPlacement','\"end\"'),('sections.21038002-abbe-49d2-8d3e-1253f7f381e5.enableVersioning','true'),('sections.21038002-abbe-49d2-8d3e-1253f7f381e5.handle','\"home\"'),('sections.21038002-abbe-49d2-8d3e-1253f7f381e5.name','\"Home\"'),('sections.21038002-abbe-49d2-8d3e-1253f7f381e5.propagationMethod','\"all\"'),('sections.21038002-abbe-49d2-8d3e-1253f7f381e5.siteSettings.7d27545e-9618-4303-8c44-281674ee08a8.enabledByDefault','true'),('sections.21038002-abbe-49d2-8d3e-1253f7f381e5.siteSettings.7d27545e-9618-4303-8c44-281674ee08a8.hasUrls','true'),('sections.21038002-abbe-49d2-8d3e-1253f7f381e5.siteSettings.7d27545e-9618-4303-8c44-281674ee08a8.template','\"_/pages/home.twig\"'),('sections.21038002-abbe-49d2-8d3e-1253f7f381e5.siteSettings.7d27545e-9618-4303-8c44-281674ee08a8.uriFormat','\"__home__\"'),('sections.21038002-abbe-49d2-8d3e-1253f7f381e5.type','\"single\"'),('sections.330c05cf-fcec-4202-bf67-b50022950756.defaultPlacement','\"end\"'),('sections.330c05cf-fcec-4202-bf67-b50022950756.enableVersioning','true'),('sections.330c05cf-fcec-4202-bf67-b50022950756.handle','\"projectsList\"'),('sections.330c05cf-fcec-4202-bf67-b50022950756.name','\"Projects list\"'),('sections.330c05cf-fcec-4202-bf67-b50022950756.propagationMethod','\"all\"'),('sections.330c05cf-fcec-4202-bf67-b50022950756.siteSettings.7d27545e-9618-4303-8c44-281674ee08a8.enabledByDefault','true'),('sections.330c05cf-fcec-4202-bf67-b50022950756.siteSettings.7d27545e-9618-4303-8c44-281674ee08a8.hasUrls','true'),('sections.330c05cf-fcec-4202-bf67-b50022950756.siteSettings.7d27545e-9618-4303-8c44-281674ee08a8.template','\"_/pages/projects/projects.twig\"'),('sections.330c05cf-fcec-4202-bf67-b50022950756.siteSettings.7d27545e-9618-4303-8c44-281674ee08a8.uriFormat','\"projects\"'),('sections.330c05cf-fcec-4202-bf67-b50022950756.type','\"single\"'),('sections.43152f16-1cbd-44a8-bf66-aa0c38d63287.defaultPlacement','\"end\"'),('sections.43152f16-1cbd-44a8-bf66-aa0c38d63287.enableVersioning','true'),('sections.43152f16-1cbd-44a8-bf66-aa0c38d63287.handle','\"projects\"'),('sections.43152f16-1cbd-44a8-bf66-aa0c38d63287.name','\"Projects\"'),('sections.43152f16-1cbd-44a8-bf66-aa0c38d63287.propagationMethod','\"all\"'),('sections.43152f16-1cbd-44a8-bf66-aa0c38d63287.siteSettings.7d27545e-9618-4303-8c44-281674ee08a8.enabledByDefault','true'),('sections.43152f16-1cbd-44a8-bf66-aa0c38d63287.siteSettings.7d27545e-9618-4303-8c44-281674ee08a8.hasUrls','true'),('sections.43152f16-1cbd-44a8-bf66-aa0c38d63287.siteSettings.7d27545e-9618-4303-8c44-281674ee08a8.template','\"_/pages/projects/_entry.twig\"'),('sections.43152f16-1cbd-44a8-bf66-aa0c38d63287.siteSettings.7d27545e-9618-4303-8c44-281674ee08a8.uriFormat','\"projects/{slug}\"'),('sections.43152f16-1cbd-44a8-bf66-aa0c38d63287.type','\"channel\"'),('sections.6fa4a539-3604-41bf-befb-07726f7f702b.defaultPlacement','\"end\"'),('sections.6fa4a539-3604-41bf-befb-07726f7f702b.enableVersioning','true'),('sections.6fa4a539-3604-41bf-befb-07726f7f702b.handle','\"team\"'),('sections.6fa4a539-3604-41bf-befb-07726f7f702b.name','\"Team\"'),('sections.6fa4a539-3604-41bf-befb-07726f7f702b.propagationMethod','\"all\"'),('sections.6fa4a539-3604-41bf-befb-07726f7f702b.siteSettings.7d27545e-9618-4303-8c44-281674ee08a8.enabledByDefault','true'),('sections.6fa4a539-3604-41bf-befb-07726f7f702b.siteSettings.7d27545e-9618-4303-8c44-281674ee08a8.hasUrls','true'),('sections.6fa4a539-3604-41bf-befb-07726f7f702b.siteSettings.7d27545e-9618-4303-8c44-281674ee08a8.template','\"_/pages/team/_entry.twig\"'),('sections.6fa4a539-3604-41bf-befb-07726f7f702b.siteSettings.7d27545e-9618-4303-8c44-281674ee08a8.uriFormat','\"team/{slug}\"'),('sections.6fa4a539-3604-41bf-befb-07726f7f702b.type','\"channel\"'),('sections.721ca285-b527-4f49-a8a3-fe39d7bf6625.defaultPlacement','\"end\"'),('sections.721ca285-b527-4f49-a8a3-fe39d7bf6625.enableVersioning','true'),('sections.721ca285-b527-4f49-a8a3-fe39d7bf6625.handle','\"contact\"'),('sections.721ca285-b527-4f49-a8a3-fe39d7bf6625.name','\"Contact\"'),('sections.721ca285-b527-4f49-a8a3-fe39d7bf6625.propagationMethod','\"all\"'),('sections.721ca285-b527-4f49-a8a3-fe39d7bf6625.siteSettings.7d27545e-9618-4303-8c44-281674ee08a8.enabledByDefault','true'),('sections.721ca285-b527-4f49-a8a3-fe39d7bf6625.siteSettings.7d27545e-9618-4303-8c44-281674ee08a8.hasUrls','true'),('sections.721ca285-b527-4f49-a8a3-fe39d7bf6625.siteSettings.7d27545e-9618-4303-8c44-281674ee08a8.template','\"_/pages/contact.twig\"'),('sections.721ca285-b527-4f49-a8a3-fe39d7bf6625.siteSettings.7d27545e-9618-4303-8c44-281674ee08a8.uriFormat','\"contact\"'),('sections.721ca285-b527-4f49-a8a3-fe39d7bf6625.type','\"single\"'),('sections.7c4b5296-39c2-4009-bb52-3e1648f66c12.defaultPlacement','\"end\"'),('sections.7c4b5296-39c2-4009-bb52-3e1648f66c12.enableVersioning','true'),('sections.7c4b5296-39c2-4009-bb52-3e1648f66c12.handle','\"teamList\"'),('sections.7c4b5296-39c2-4009-bb52-3e1648f66c12.name','\"Team List\"'),('sections.7c4b5296-39c2-4009-bb52-3e1648f66c12.propagationMethod','\"all\"'),('sections.7c4b5296-39c2-4009-bb52-3e1648f66c12.siteSettings.7d27545e-9618-4303-8c44-281674ee08a8.enabledByDefault','true'),('sections.7c4b5296-39c2-4009-bb52-3e1648f66c12.siteSettings.7d27545e-9618-4303-8c44-281674ee08a8.hasUrls','true'),('sections.7c4b5296-39c2-4009-bb52-3e1648f66c12.siteSettings.7d27545e-9618-4303-8c44-281674ee08a8.template','\"_/pages/team/team.twig\"'),('sections.7c4b5296-39c2-4009-bb52-3e1648f66c12.siteSettings.7d27545e-9618-4303-8c44-281674ee08a8.uriFormat','\"team\"'),('sections.7c4b5296-39c2-4009-bb52-3e1648f66c12.type','\"single\"'),('sections.home--21038002-abbe-49d2-8d3e-1253f7f381e5 2.defaultPlacement','\"end\"'),('sections.home--21038002-abbe-49d2-8d3e-1253f7f381e5 2.enableVersioning','true'),('sections.home--21038002-abbe-49d2-8d3e-1253f7f381e5 2.handle','\"home\"'),('sections.home--21038002-abbe-49d2-8d3e-1253f7f381e5 2.name','\"Home\"'),('sections.home--21038002-abbe-49d2-8d3e-1253f7f381e5 2.propagationMethod','\"all\"'),('sections.home--21038002-abbe-49d2-8d3e-1253f7f381e5 2.siteSettings.7d27545e-9618-4303-8c44-281674ee08a8.enabledByDefault','true'),('sections.home--21038002-abbe-49d2-8d3e-1253f7f381e5 2.siteSettings.7d27545e-9618-4303-8c44-281674ee08a8.hasUrls','true'),('sections.home--21038002-abbe-49d2-8d3e-1253f7f381e5 2.siteSettings.7d27545e-9618-4303-8c44-281674ee08a8.template','\"_/pages/home.twig\"'),('sections.home--21038002-abbe-49d2-8d3e-1253f7f381e5 2.siteSettings.7d27545e-9618-4303-8c44-281674ee08a8.uriFormat','\"__home__\"'),('sections.home--21038002-abbe-49d2-8d3e-1253f7f381e5 2.type','\"single\"'),('sections.projects--43152f16-1cbd-44a8-bf66-aa0c38d63287 2.defaultPlacement','\"end\"'),('sections.projects--43152f16-1cbd-44a8-bf66-aa0c38d63287 2.enableVersioning','true'),('sections.projects--43152f16-1cbd-44a8-bf66-aa0c38d63287 2.handle','\"projects\"'),('sections.projects--43152f16-1cbd-44a8-bf66-aa0c38d63287 2.name','\"Projects\"'),('sections.projects--43152f16-1cbd-44a8-bf66-aa0c38d63287 2.propagationMethod','\"all\"'),('sections.projects--43152f16-1cbd-44a8-bf66-aa0c38d63287 2.siteSettings.7d27545e-9618-4303-8c44-281674ee08a8.enabledByDefault','true'),('sections.projects--43152f16-1cbd-44a8-bf66-aa0c38d63287 2.siteSettings.7d27545e-9618-4303-8c44-281674ee08a8.hasUrls','true'),('sections.projects--43152f16-1cbd-44a8-bf66-aa0c38d63287 2.siteSettings.7d27545e-9618-4303-8c44-281674ee08a8.template','\"_/pages/projects/_entry.twig\"'),('sections.projects--43152f16-1cbd-44a8-bf66-aa0c38d63287 2.siteSettings.7d27545e-9618-4303-8c44-281674ee08a8.uriFormat','\"projects/{slug}\"'),('sections.projects--43152f16-1cbd-44a8-bf66-aa0c38d63287 2.type','\"channel\"'),('sections.projectsList--330c05cf-fcec-4202-bf67-b50022950756 2.defaultPlacement','\"end\"'),('sections.projectsList--330c05cf-fcec-4202-bf67-b50022950756 2.enableVersioning','true'),('sections.projectsList--330c05cf-fcec-4202-bf67-b50022950756 2.handle','\"projectsList\"'),('sections.projectsList--330c05cf-fcec-4202-bf67-b50022950756 2.name','\"Projects list\"'),('sections.projectsList--330c05cf-fcec-4202-bf67-b50022950756 2.propagationMethod','\"all\"'),('sections.projectsList--330c05cf-fcec-4202-bf67-b50022950756 2.siteSettings.7d27545e-9618-4303-8c44-281674ee08a8.enabledByDefault','true'),('sections.projectsList--330c05cf-fcec-4202-bf67-b50022950756 2.siteSettings.7d27545e-9618-4303-8c44-281674ee08a8.hasUrls','true'),('sections.projectsList--330c05cf-fcec-4202-bf67-b50022950756 2.siteSettings.7d27545e-9618-4303-8c44-281674ee08a8.template','\"_/pages/projects/projects.twig\"'),('sections.projectsList--330c05cf-fcec-4202-bf67-b50022950756 2.siteSettings.7d27545e-9618-4303-8c44-281674ee08a8.uriFormat','\"projects\"'),('sections.projectsList--330c05cf-fcec-4202-bf67-b50022950756 2.type','\"single\"'),('sections.team--6fa4a539-3604-41bf-befb-07726f7f702b 2.defaultPlacement','\"end\"'),('sections.team--6fa4a539-3604-41bf-befb-07726f7f702b 2.enableVersioning','true'),('sections.team--6fa4a539-3604-41bf-befb-07726f7f702b 2.handle','\"team\"'),('sections.team--6fa4a539-3604-41bf-befb-07726f7f702b 2.name','\"Team\"'),('sections.team--6fa4a539-3604-41bf-befb-07726f7f702b 2.propagationMethod','\"all\"'),('sections.team--6fa4a539-3604-41bf-befb-07726f7f702b 2.siteSettings.7d27545e-9618-4303-8c44-281674ee08a8.enabledByDefault','true'),('sections.team--6fa4a539-3604-41bf-befb-07726f7f702b 2.siteSettings.7d27545e-9618-4303-8c44-281674ee08a8.hasUrls','true'),('sections.team--6fa4a539-3604-41bf-befb-07726f7f702b 2.siteSettings.7d27545e-9618-4303-8c44-281674ee08a8.template','\"_/pages/team/_entry.twig\"'),('sections.team--6fa4a539-3604-41bf-befb-07726f7f702b 2.siteSettings.7d27545e-9618-4303-8c44-281674ee08a8.uriFormat','\"team/{slug}\"'),('sections.team--6fa4a539-3604-41bf-befb-07726f7f702b 2.type','\"channel\"'),('sections.teamList--7c4b5296-39c2-4009-bb52-3e1648f66c12 2.defaultPlacement','\"end\"'),('sections.teamList--7c4b5296-39c2-4009-bb52-3e1648f66c12 2.enableVersioning','true'),('sections.teamList--7c4b5296-39c2-4009-bb52-3e1648f66c12 2.handle','\"teamList\"'),('sections.teamList--7c4b5296-39c2-4009-bb52-3e1648f66c12 2.name','\"Team List\"'),('sections.teamList--7c4b5296-39c2-4009-bb52-3e1648f66c12 2.propagationMethod','\"all\"'),('sections.teamList--7c4b5296-39c2-4009-bb52-3e1648f66c12 2.siteSettings.7d27545e-9618-4303-8c44-281674ee08a8.enabledByDefault','true'),('sections.teamList--7c4b5296-39c2-4009-bb52-3e1648f66c12 2.siteSettings.7d27545e-9618-4303-8c44-281674ee08a8.hasUrls','true'),('sections.teamList--7c4b5296-39c2-4009-bb52-3e1648f66c12 2.siteSettings.7d27545e-9618-4303-8c44-281674ee08a8.template','\"_/pages/team/team.twig\"'),('sections.teamList--7c4b5296-39c2-4009-bb52-3e1648f66c12 2.siteSettings.7d27545e-9618-4303-8c44-281674ee08a8.uriFormat','\"team\"'),('sections.teamList--7c4b5296-39c2-4009-bb52-3e1648f66c12 2.type','\"single\"'),('siteGroups.75024fbf-7982-4463-8aef-875b5c494cc8.name','\"agency\"'),('sites.7d27545e-9618-4303-8c44-281674ee08a8.baseUrl','\"$PRIMARY_SITE_URL\"'),('sites.7d27545e-9618-4303-8c44-281674ee08a8.handle','\"default\"'),('sites.7d27545e-9618-4303-8c44-281674ee08a8.hasUrls','true'),('sites.7d27545e-9618-4303-8c44-281674ee08a8.language','\"en-US\"'),('sites.7d27545e-9618-4303-8c44-281674ee08a8.name','\"agency\"'),('sites.7d27545e-9618-4303-8c44-281674ee08a8.primary','true'),('sites.7d27545e-9618-4303-8c44-281674ee08a8.siteGroup','\"75024fbf-7982-4463-8aef-875b5c494cc8\"'),('sites.7d27545e-9618-4303-8c44-281674ee08a8.sortOrder','1'),('system.edition','\"solo\"'),('system.live','true'),('system.name','\"agency\"'),('system.schemaVersion','\"4.0.0.9\"'),('system.timeZone','\"America/Los_Angeles\"'),('users.allowPublicRegistration','false'),('users.defaultGroup','null'),('users.photoSubpath','null'),('users.photoVolumeUid','null'),('users.requireEmailVerification','true'),('volumes.58fb83eb-858d-46fe-89b1-554c0b228b03.fieldLayouts.ed1bffe1-f9ec-4e45-948a-4353c2319f80.tabs.0.elementCondition','null'),('volumes.58fb83eb-858d-46fe-89b1-554c0b228b03.fieldLayouts.ed1bffe1-f9ec-4e45-948a-4353c2319f80.tabs.0.elements.0.autocapitalize','true'),('volumes.58fb83eb-858d-46fe-89b1-554c0b228b03.fieldLayouts.ed1bffe1-f9ec-4e45-948a-4353c2319f80.tabs.0.elements.0.autocomplete','false'),('volumes.58fb83eb-858d-46fe-89b1-554c0b228b03.fieldLayouts.ed1bffe1-f9ec-4e45-948a-4353c2319f80.tabs.0.elements.0.autocorrect','true'),('volumes.58fb83eb-858d-46fe-89b1-554c0b228b03.fieldLayouts.ed1bffe1-f9ec-4e45-948a-4353c2319f80.tabs.0.elements.0.class','null'),('volumes.58fb83eb-858d-46fe-89b1-554c0b228b03.fieldLayouts.ed1bffe1-f9ec-4e45-948a-4353c2319f80.tabs.0.elements.0.disabled','false'),('volumes.58fb83eb-858d-46fe-89b1-554c0b228b03.fieldLayouts.ed1bffe1-f9ec-4e45-948a-4353c2319f80.tabs.0.elements.0.elementCondition','null'),('volumes.58fb83eb-858d-46fe-89b1-554c0b228b03.fieldLayouts.ed1bffe1-f9ec-4e45-948a-4353c2319f80.tabs.0.elements.0.id','null'),('volumes.58fb83eb-858d-46fe-89b1-554c0b228b03.fieldLayouts.ed1bffe1-f9ec-4e45-948a-4353c2319f80.tabs.0.elements.0.instructions','null'),('volumes.58fb83eb-858d-46fe-89b1-554c0b228b03.fieldLayouts.ed1bffe1-f9ec-4e45-948a-4353c2319f80.tabs.0.elements.0.label','null'),('volumes.58fb83eb-858d-46fe-89b1-554c0b228b03.fieldLayouts.ed1bffe1-f9ec-4e45-948a-4353c2319f80.tabs.0.elements.0.max','null'),('volumes.58fb83eb-858d-46fe-89b1-554c0b228b03.fieldLayouts.ed1bffe1-f9ec-4e45-948a-4353c2319f80.tabs.0.elements.0.min','null'),('volumes.58fb83eb-858d-46fe-89b1-554c0b228b03.fieldLayouts.ed1bffe1-f9ec-4e45-948a-4353c2319f80.tabs.0.elements.0.name','null'),('volumes.58fb83eb-858d-46fe-89b1-554c0b228b03.fieldLayouts.ed1bffe1-f9ec-4e45-948a-4353c2319f80.tabs.0.elements.0.orientation','null'),('volumes.58fb83eb-858d-46fe-89b1-554c0b228b03.fieldLayouts.ed1bffe1-f9ec-4e45-948a-4353c2319f80.tabs.0.elements.0.placeholder','null'),('volumes.58fb83eb-858d-46fe-89b1-554c0b228b03.fieldLayouts.ed1bffe1-f9ec-4e45-948a-4353c2319f80.tabs.0.elements.0.readonly','false'),('volumes.58fb83eb-858d-46fe-89b1-554c0b228b03.fieldLayouts.ed1bffe1-f9ec-4e45-948a-4353c2319f80.tabs.0.elements.0.requirable','false'),('volumes.58fb83eb-858d-46fe-89b1-554c0b228b03.fieldLayouts.ed1bffe1-f9ec-4e45-948a-4353c2319f80.tabs.0.elements.0.size','null'),('volumes.58fb83eb-858d-46fe-89b1-554c0b228b03.fieldLayouts.ed1bffe1-f9ec-4e45-948a-4353c2319f80.tabs.0.elements.0.step','null'),('volumes.58fb83eb-858d-46fe-89b1-554c0b228b03.fieldLayouts.ed1bffe1-f9ec-4e45-948a-4353c2319f80.tabs.0.elements.0.tip','null'),('volumes.58fb83eb-858d-46fe-89b1-554c0b228b03.fieldLayouts.ed1bffe1-f9ec-4e45-948a-4353c2319f80.tabs.0.elements.0.title','null'),('volumes.58fb83eb-858d-46fe-89b1-554c0b228b03.fieldLayouts.ed1bffe1-f9ec-4e45-948a-4353c2319f80.tabs.0.elements.0.type','\"craft\\\\fieldlayoutelements\\\\assets\\\\AssetTitleField\"'),('volumes.58fb83eb-858d-46fe-89b1-554c0b228b03.fieldLayouts.ed1bffe1-f9ec-4e45-948a-4353c2319f80.tabs.0.elements.0.uid','\"1a20a744-8390-4df1-9312-760e7bcf5d72\"'),('volumes.58fb83eb-858d-46fe-89b1-554c0b228b03.fieldLayouts.ed1bffe1-f9ec-4e45-948a-4353c2319f80.tabs.0.elements.0.userCondition','null'),('volumes.58fb83eb-858d-46fe-89b1-554c0b228b03.fieldLayouts.ed1bffe1-f9ec-4e45-948a-4353c2319f80.tabs.0.elements.0.warning','null'),('volumes.58fb83eb-858d-46fe-89b1-554c0b228b03.fieldLayouts.ed1bffe1-f9ec-4e45-948a-4353c2319f80.tabs.0.elements.0.width','100'),('volumes.58fb83eb-858d-46fe-89b1-554c0b228b03.fieldLayouts.ed1bffe1-f9ec-4e45-948a-4353c2319f80.tabs.0.name','\"Content\"'),('volumes.58fb83eb-858d-46fe-89b1-554c0b228b03.fieldLayouts.ed1bffe1-f9ec-4e45-948a-4353c2319f80.tabs.0.uid','\"4d375ab6-b3b4-4534-97e1-daeae472b9a9\"'),('volumes.58fb83eb-858d-46fe-89b1-554c0b228b03.fieldLayouts.ed1bffe1-f9ec-4e45-948a-4353c2319f80.tabs.0.userCondition','null'),('volumes.58fb83eb-858d-46fe-89b1-554c0b228b03.fs','\"uploads\"'),('volumes.58fb83eb-858d-46fe-89b1-554c0b228b03.handle','\"uploads\"'),('volumes.58fb83eb-858d-46fe-89b1-554c0b228b03.name','\"Uploads\"'),('volumes.58fb83eb-858d-46fe-89b1-554c0b228b03.sortOrder','1'),('volumes.58fb83eb-858d-46fe-89b1-554c0b228b03.titleTranslationKeyFormat','null'),('volumes.58fb83eb-858d-46fe-89b1-554c0b228b03.titleTranslationMethod','\"site\"'),('volumes.58fb83eb-858d-46fe-89b1-554c0b228b03.transformFs','\"\"'),('volumes.58fb83eb-858d-46fe-89b1-554c0b228b03.transformSubpath','\"\"');
/*!40000 ALTER TABLE `projectconfig` ENABLE KEYS */;
UNLOCK TABLES;
commit;

--
-- Dumping data for table `queue`
--

LOCK TABLES `queue` WRITE;
/*!40000 ALTER TABLE `queue` DISABLE KEYS */;
set autocommit=0;
/*!40000 ALTER TABLE `queue` ENABLE KEYS */;
UNLOCK TABLES;
commit;

--
-- Dumping data for table `relations`
--

LOCK TABLES `relations` WRITE;
/*!40000 ALTER TABLE `relations` DISABLE KEYS */;
set autocommit=0;
INSERT INTO `relations` VALUES (2,1,2,NULL,19,1,'2022-12-14 14:17:38','2022-12-14 14:17:38','8c161bad-1e7f-4857-8e6b-116052097c74'),(3,1,21,NULL,19,1,'2022-12-14 14:17:38','2022-12-14 14:17:38','3eb1d190-55c4-4e45-bfec-0325dbb42861'),(4,1,22,NULL,19,1,'2022-12-14 14:17:43','2022-12-14 14:17:43','0573dbab-d455-4066-9fd7-0835d4354ae8'),(5,1,23,NULL,19,1,'2022-12-14 14:22:23','2022-12-14 14:22:23','c103079e-33fb-401f-8522-4dc14a3faa50'),(7,1,25,NULL,19,1,'2022-12-14 14:22:45','2022-12-14 14:22:45','72cb8980-52e1-44ee-9dca-020e52b9d24a'),(31,1,74,NULL,19,1,'2022-12-15 16:18:07','2022-12-15 16:18:07','428922f2-3ba2-4581-8d9d-431ecb945827'),(32,1,75,NULL,19,1,'2022-12-15 16:32:55','2022-12-15 16:32:55','71df7572-504a-4910-831c-c5ec9cc5c087'),(34,1,77,NULL,19,1,'2022-12-15 16:33:14','2022-12-15 16:33:14','9cba83c5-fe48-4ada-babf-16a831b94bc0'),(36,1,79,NULL,19,1,'2022-12-15 16:34:03','2022-12-15 16:34:03','054c45de-b7ef-4695-aa2c-ffcb6790cc93'),(38,1,81,NULL,19,1,'2022-12-15 16:34:19','2022-12-15 16:34:19','768974fa-6612-499b-b122-cdfafcdb29ca'),(39,1,82,NULL,19,1,'2022-12-15 16:34:21','2022-12-15 16:34:21','00ea5b36-e10d-4540-8ed4-dbded8576eeb'),(41,1,84,NULL,19,1,'2022-12-15 16:36:25','2022-12-15 16:36:25','63fcd983-5e26-424c-8091-55b45248eb49'),(42,1,85,NULL,19,1,'2022-12-15 16:37:22','2022-12-15 16:37:22','c17ef28d-688b-48c5-80aa-28e5a4b90a46'),(44,1,87,NULL,19,1,'2022-12-15 16:44:48','2022-12-15 16:44:48','351ee075-ea5b-407b-9812-d9905da05e6a'),(64,1,108,NULL,19,1,'2022-12-15 18:30:37','2022-12-15 18:30:37','8a3be3fc-aff4-4551-ad6a-3a0225da10bd'),(66,1,110,NULL,19,1,'2022-12-15 18:36:04','2022-12-15 18:36:04','b21cfa36-0add-43bc-8c1f-7bb931c557e3'),(67,1,111,NULL,19,1,'2022-12-15 18:47:33','2022-12-15 18:47:33','673a6170-1f7d-4e51-9936-e54cb01b1637'),(71,9,132,NULL,133,1,'2022-12-15 19:33:31','2022-12-15 19:33:31','e20e2e89-2f09-4400-a08b-5b00e99d39fc'),(72,9,134,NULL,133,1,'2022-12-15 19:36:54','2022-12-15 19:36:54','b32569e6-a875-4090-baa6-1110c84ffa33'),(74,9,137,NULL,133,1,'2022-12-15 19:52:10','2022-12-15 19:52:10','e64b626a-f7b1-487c-a128-f813efe71e33'),(75,9,138,NULL,133,1,'2022-12-15 19:53:10','2022-12-15 19:53:10','7a0b1438-b226-4135-a026-33857134f386'),(76,9,139,NULL,133,1,'2022-12-15 19:53:39','2022-12-15 19:53:39','c96095e0-fe67-490b-bf82-80ce95758f2d'),(77,9,140,NULL,133,1,'2022-12-15 19:53:45','2022-12-15 19:53:45','4a9fe098-3355-4230-b589-27d43e947e06'),(79,9,116,NULL,133,1,'2022-12-15 19:54:34','2022-12-15 19:54:34','0f415b0c-e5e2-490b-ae4b-a9483027ec9c'),(80,9,142,NULL,133,1,'2022-12-15 19:54:34','2022-12-15 19:54:34','9bb6e228-7b43-4ce1-bb8d-78c54e3b85f4'),(81,9,144,NULL,133,1,'2022-12-15 20:41:40','2022-12-15 20:41:40','81a102a6-95fe-43df-9ea2-5f0ec56b71a8'),(83,9,146,NULL,133,1,'2022-12-15 20:49:03','2022-12-15 20:49:03','7f2350d2-f9c1-4f6c-800d-62629477b259'),(85,9,148,NULL,133,1,'2022-12-15 20:51:09','2022-12-15 20:51:09','7420c5c7-414f-43f9-a8d5-62739cc57dcb'),(86,9,149,NULL,150,1,'2022-12-15 21:07:12','2022-12-15 21:07:12','c8d047cf-8af7-4968-86df-3cf792808836'),(87,9,151,NULL,150,1,'2022-12-15 21:08:14','2022-12-15 21:08:14','39b82709-330c-4056-b7f5-aa663b92665d'),(88,9,152,NULL,150,1,'2022-12-15 21:08:29','2022-12-15 21:08:29','0fe5d82b-baf3-4fc7-83dd-b97593ed2bc8'),(89,9,153,NULL,133,1,'2022-12-15 21:08:56','2022-12-15 21:08:56','4f33c597-092a-408e-97a4-66a0faa7bae2'),(90,9,154,NULL,150,1,'2022-12-15 21:13:03','2022-12-15 21:13:03','f2dd64bd-7489-4011-b3b9-a265fec580c5'),(91,9,155,NULL,150,1,'2022-12-15 21:13:06','2022-12-15 21:13:06','aad56f4f-1ab8-4f0b-943f-d383140ae8ca'),(92,9,156,NULL,150,1,'2022-12-15 21:13:47','2022-12-15 21:13:47','95956e75-ff37-4380-97a7-65217465669f'),(93,9,157,NULL,133,1,'2022-12-15 21:19:49','2022-12-15 21:19:49','77810af4-36cb-4bfd-9607-278f028313e4'),(94,9,158,NULL,150,1,'2022-12-15 21:24:12','2022-12-15 21:24:12','6d3923d8-782b-4809-a5b3-953f224a275b'),(96,9,160,NULL,133,1,'2022-12-15 21:28:21','2022-12-15 21:28:21','840968cf-7a40-46cb-8689-125474c7c3aa'),(97,9,161,NULL,133,1,'2022-12-15 21:28:44','2022-12-15 21:28:44','4af0f55d-3e6a-49a9-9dd1-b3cf57d60f94'),(98,9,162,NULL,150,1,'2022-12-15 21:28:47','2022-12-15 21:28:47','e7b9168c-be92-48e0-bfb5-b27ef40bb074'),(99,9,163,NULL,133,1,'2022-12-15 21:30:31','2022-12-15 21:30:31','cde18d75-51e0-40da-aea2-6b54eb363b00'),(100,9,164,NULL,133,1,'2022-12-15 21:30:47','2022-12-15 21:30:47','444d7779-c400-4f05-9201-60a079626c45'),(101,9,165,NULL,133,1,'2022-12-15 21:30:49','2022-12-15 21:30:49','017b5537-1aad-4f22-b9f8-44b507b0bfcb'),(102,1,166,NULL,19,1,'2022-12-15 21:37:16','2022-12-15 21:37:16','cca2dccd-6e54-45fd-abfa-a7f8d484f313'),(104,9,168,NULL,133,1,'2022-12-15 21:38:11','2022-12-15 21:38:11','ee3c9cf4-5e8d-41e7-87b4-190d400fd7c9'),(106,9,170,NULL,133,1,'2022-12-15 21:45:21','2022-12-15 21:45:21','287d3536-8edc-4449-824a-0342069478e7'),(107,9,171,NULL,133,1,'2022-12-15 21:47:05','2022-12-15 21:47:05','03208540-f9fa-435a-8a68-a4225898f685'),(108,1,186,NULL,19,1,'2022-12-15 21:55:16','2022-12-15 21:55:16','747e13ba-6d89-47da-88a3-bc0f870fccbb'),(113,9,194,NULL,150,1,'2022-12-15 22:01:28','2022-12-15 22:01:28','b5ee4600-bf51-491d-963c-e4151cc1b001'),(116,9,193,NULL,196,1,'2022-12-15 22:07:26','2022-12-15 22:07:26','1d5dc43a-3d5e-47a9-b1e8-12103df014c6'),(117,9,197,NULL,196,1,'2022-12-15 22:07:27','2022-12-15 22:07:27','790683be-3f6a-4c13-80a3-e62069b7ec42'),(118,9,198,NULL,133,1,'2022-12-15 22:08:39','2022-12-15 22:08:39','a525e564-cbd5-4142-a700-f2ba68d2dcc1'),(119,9,199,NULL,196,1,'2022-12-15 22:08:45','2022-12-15 22:08:45','a4a7dad9-1b18-4c81-847b-19c1a10f34b9'),(120,9,200,NULL,196,1,'2022-12-15 22:09:29','2022-12-15 22:09:29','4cb47638-4074-4de2-b186-2a95cd98e32c'),(122,9,202,NULL,133,1,'2022-12-15 22:14:28','2022-12-15 22:14:28','6715301b-537a-4c61-8fb9-12f922e3f91a'),(124,1,204,NULL,19,1,'2022-12-16 10:03:53','2022-12-16 10:03:53','b69c101d-ceaa-484f-8ee2-2a0bea309aee'),(126,1,206,NULL,19,1,'2022-12-16 10:05:24','2022-12-16 10:05:24','dc999874-97c7-4247-8741-054c3fd41026'),(143,9,224,NULL,133,1,'2022-12-16 15:59:03','2022-12-16 15:59:03','56683dbb-25af-44e0-8d96-27ed4a66f004'),(145,9,226,NULL,133,1,'2022-12-16 16:00:24','2022-12-16 16:00:24','72a2f7a4-1c59-4b88-bdea-451f5f816662'),(147,9,228,NULL,196,1,'2022-12-16 16:02:04','2022-12-16 16:02:04','7a8b691c-a3d2-40ff-872a-bd09f64a0aba'),(148,9,229,NULL,196,1,'2022-12-16 16:02:08','2022-12-16 16:02:08','a29311b0-d19b-4218-af32-6bd6c686678f'),(150,9,231,NULL,196,1,'2022-12-16 16:10:43','2022-12-16 16:10:43','afa380b0-9d47-459a-a0da-c67d217886fd'),(151,9,232,NULL,196,1,'2022-12-16 16:10:45','2022-12-16 16:10:45','7d7e74fa-7f8d-4337-a3cb-71cc7edd43f4'),(152,13,234,NULL,172,1,'2022-12-16 16:16:14','2022-12-16 16:16:14','b536f71e-4e77-4023-8d5a-fb36ba69e05d'),(153,13,235,NULL,119,1,'2022-12-16 16:16:14','2022-12-16 16:16:14','fb999cec-c310-4bf2-adca-3e967e693579'),(156,9,238,NULL,196,1,'2022-12-16 16:34:38','2022-12-16 16:34:38','0b3fbabb-c9de-47e9-866a-e9bb8101130c'),(158,9,240,NULL,196,1,'2022-12-16 16:35:25','2022-12-16 16:35:25','f61ecafc-b082-423a-af3e-6dfaf31b9c2c'),(161,15,193,NULL,241,1,'2022-12-16 17:13:51','2022-12-16 17:13:51','5f6d2720-f01e-45bb-85d7-26b88d8cb7ea'),(162,15,246,NULL,241,1,'2022-12-16 17:13:51','2022-12-16 17:13:51','63a60867-5678-4c45-bfd0-7c5c50a9a709'),(163,9,246,NULL,196,1,'2022-12-16 17:13:51','2022-12-16 17:13:51','4fafd5d4-cfbc-4ed9-85b9-17704f8a301d'),(165,15,248,NULL,241,1,'2022-12-16 19:37:55','2022-12-16 19:37:55','94c4fe55-2e62-4e62-8e5f-b5d16f28e629'),(166,9,248,NULL,196,1,'2022-12-16 19:37:55','2022-12-16 19:37:55','463388d5-7fae-40be-8baf-c703449a352f'),(167,15,249,NULL,241,1,'2022-12-16 19:40:05','2022-12-16 19:40:05','58e64a2f-a221-400e-b962-83ea57f959bc'),(168,9,249,NULL,196,1,'2022-12-16 19:40:05','2022-12-16 19:40:05','dfa034fe-a0d1-4566-bce1-15725848f6d6'),(169,15,250,NULL,241,1,'2022-12-16 19:51:27','2022-12-16 19:51:27','0f6d8121-4134-449e-86ac-4f47d62ede31'),(170,9,250,NULL,196,1,'2022-12-16 19:51:27','2022-12-16 19:51:27','aeffae6a-52bb-486e-b550-ed7b505c2958'),(173,15,251,NULL,241,1,'2022-12-16 19:51:34','2022-12-16 19:51:34','94fb952c-71cd-47da-a16f-f65d5a9b8a5f'),(174,9,251,NULL,133,1,'2022-12-16 19:51:34','2022-12-16 19:51:34','eef0ca86-c1e1-4ce6-a6a9-9a5fb9fd5957'),(178,15,116,NULL,252,1,'2022-12-16 20:37:57','2022-12-16 20:37:57','f67f755f-bb53-43c1-bd1c-44c254f3b8ce'),(179,15,254,NULL,252,1,'2022-12-16 20:37:57','2022-12-16 20:37:57','46dc7d11-807c-4c7c-b0cf-5e7a8b2bb9ac'),(180,9,254,NULL,133,1,'2022-12-16 20:37:57','2022-12-16 20:37:57','f0aba122-30f2-40d6-8c3b-033f90043d32'),(181,15,116,NULL,258,NULL,'2022-12-16 21:20:53','2022-12-16 21:20:53','ad1bd728-d990-4300-a5a0-9b1b59bb8ce5'),(182,15,254,NULL,258,NULL,'2022-12-16 21:20:53','2022-12-16 21:20:53','a707c9c8-b518-4fe1-b33f-ec23a2dadb79'),(256,15,327,NULL,241,1,'2022-12-16 22:24:03','2022-12-16 22:24:03','43f7dd55-314c-405d-8017-7072e72b0f14'),(257,9,327,NULL,196,1,'2022-12-16 22:24:03','2022-12-16 22:24:03','f1331564-b5bb-4719-904a-ef730d5b87c5'),(258,15,329,NULL,241,1,'2022-12-16 22:27:24','2022-12-16 22:27:24','edc86e7b-0b7a-4770-bc85-628f93162c2d'),(259,9,329,NULL,196,1,'2022-12-16 22:27:24','2022-12-16 22:27:24','a29d470d-650d-42b0-8a8f-d705ef641138'),(266,15,334,NULL,241,1,'2022-12-16 22:27:34','2022-12-16 22:27:34','7aad0a01-c899-4793-8bfa-6850a1686cc1'),(267,9,334,NULL,196,1,'2022-12-16 22:27:34','2022-12-16 22:27:34','62d08b39-280e-421e-b32a-0ac2d903cc76'),(316,17,368,NULL,216,1,'2022-12-16 22:50:49','2022-12-16 22:50:49','1ff19ac9-c748-46e9-9cd4-5c1c1268d1a0'),(317,18,368,NULL,274,1,'2022-12-16 22:51:00','2022-12-16 22:51:00','8c0bd74b-e806-4b11-89f4-dc57ba48da85'),(318,17,369,NULL,216,1,'2022-12-16 22:51:15','2022-12-16 22:51:15','d6196a85-eb0e-40c8-a850-c0734381e38a'),(319,18,369,NULL,274,1,'2022-12-16 22:51:15','2022-12-16 22:51:15','3da4cfe1-c890-4a8a-ad70-52a4fbafcb8c'),(320,17,370,NULL,216,1,'2022-12-16 22:51:30','2022-12-16 22:51:30','e88da8d6-ac11-4f4c-83dc-b08f710f9421'),(321,18,370,NULL,274,1,'2022-12-16 22:51:30','2022-12-16 22:51:30','c37859fb-6d68-490c-ba4e-ea254611b26b'),(322,17,371,NULL,216,1,'2022-12-16 22:52:49','2022-12-16 22:52:49','9aaece8c-0f19-4c21-bfb2-c77ed1a7e1bc'),(323,18,371,NULL,274,1,'2022-12-16 22:52:49','2022-12-16 22:52:49','79152b95-ce76-4149-ba54-3f9a13b2972f'),(324,17,372,NULL,216,1,'2022-12-16 22:56:02','2022-12-16 22:56:02','95454090-1fbc-469c-8f7f-61b11249fa6f'),(325,18,372,NULL,274,1,'2022-12-16 22:56:02','2022-12-16 22:56:02','ec74983f-1b50-4b4d-80a8-af869c3888b9'),(326,17,374,NULL,216,1,'2022-12-16 22:56:42','2022-12-16 22:56:42','510180d2-f828-4198-bd45-dd33330687b4'),(327,18,374,NULL,274,1,'2022-12-16 22:56:42','2022-12-16 22:56:42','14c83df4-0c83-488f-b373-77b1691c26ab'),(328,17,375,NULL,216,1,'2022-12-16 22:56:50','2022-12-16 22:56:50','ef9565a9-88b6-43ab-89f6-dd8d3872a7b7'),(329,18,375,NULL,274,1,'2022-12-16 22:56:50','2022-12-16 22:56:50','89db7f9f-bbdb-4e36-ae37-89e12e39a8bd'),(330,17,376,NULL,216,1,'2022-12-16 22:57:03','2022-12-16 22:57:03','0aae0a9f-2687-49b7-aa20-0c6940af6a19'),(331,18,376,NULL,274,1,'2022-12-16 22:57:03','2022-12-16 22:57:03','f034769a-351b-43e7-a7ba-e32ea2169b06'),(332,17,377,NULL,216,1,'2022-12-16 22:57:06','2022-12-16 22:57:06','2cb729ad-a19a-4253-ab67-5a1d0ec59134'),(333,18,377,NULL,274,1,'2022-12-16 22:57:06','2022-12-16 22:57:06','5e430954-6b06-4ccd-bca7-506384a4a4c7'),(334,15,378,NULL,241,1,'2022-12-16 22:57:17','2022-12-16 22:57:17','84c17590-2bde-4d0f-82e0-1175e7194eac'),(335,9,378,NULL,196,1,'2022-12-16 22:57:17','2022-12-16 22:57:17','4a1e7565-8499-4007-9e07-10457978a5ef'),(336,17,379,NULL,216,1,'2022-12-16 22:58:57','2022-12-16 22:58:57','dbee653d-6da4-43b5-bd31-c65ee2993b94'),(337,18,379,NULL,274,1,'2022-12-16 22:58:57','2022-12-16 22:58:57','048cb16f-b8a1-4613-9d31-3d1181cce3e8'),(338,13,236,NULL,382,1,'2022-12-16 23:07:55','2022-12-16 23:07:55','708f3ece-0fbd-49c4-98c6-23f8d3e05e3b'),(339,15,389,NULL,241,1,'2022-12-16 23:08:43','2022-12-16 23:08:43','396f1bea-9864-45f8-8089-34f6b3d63398'),(340,9,389,NULL,196,1,'2022-12-16 23:08:43','2022-12-16 23:08:43','ddb9b518-96a6-481b-801a-6f27653f15df'),(341,17,392,NULL,216,1,'2022-12-16 23:11:45','2022-12-16 23:11:45','fc95ad39-ee8f-46c2-a63c-41bdea0fc6c7'),(342,18,392,NULL,274,1,'2022-12-16 23:11:51','2022-12-16 23:11:51','aab0e533-7782-4041-ba39-157edc19bb0c'),(343,17,393,NULL,216,1,'2022-12-16 23:11:59','2022-12-16 23:11:59','e17c8d7c-2342-48f5-8c67-12dc771e70de'),(344,18,393,NULL,274,1,'2022-12-16 23:11:59','2022-12-16 23:11:59','2e19e2f9-1e6c-4f12-bb32-d6fb765cd2a0'),(345,17,394,NULL,209,1,'2022-12-16 23:12:08','2022-12-16 23:12:08','16425535-f2ad-4636-97e6-67aefdc3ad66'),(346,18,394,NULL,277,1,'2022-12-16 23:12:12','2022-12-16 23:12:12','da6201eb-4a0c-43ad-8997-2fe807256623'),(347,17,395,NULL,209,1,'2022-12-16 23:12:13','2022-12-16 23:12:13','c30a11c4-686c-456c-978d-10dc8824eba0'),(348,18,395,NULL,277,1,'2022-12-16 23:12:13','2022-12-16 23:12:13','b2239493-7c56-4da5-bca4-ae80607780e9'),(349,17,396,NULL,217,1,'2022-12-16 23:12:22','2022-12-16 23:12:22','32b3bd2c-a362-4cba-a831-3eeedbf7c574'),(350,18,396,NULL,276,1,'2022-12-16 23:12:27','2022-12-16 23:12:27','eda10369-a205-4172-9282-09850b1dd8cf'),(351,17,397,NULL,217,1,'2022-12-16 23:12:27','2022-12-16 23:12:27','787fe284-32b1-4f4c-a9fb-3daa5c08035b'),(352,18,397,NULL,276,1,'2022-12-16 23:12:27','2022-12-16 23:12:27','8ff24fff-6ffe-4605-b0a7-f637dc7992f5'),(353,17,398,NULL,216,1,'2022-12-16 23:14:03','2022-12-16 23:14:03','f8a794ff-28fe-4a76-a3cf-e50be78a7029'),(354,18,398,NULL,274,1,'2022-12-16 23:14:03','2022-12-16 23:14:03','d9196e4a-752f-4cbf-9c38-e319e5225654'),(355,17,399,NULL,216,1,'2022-12-16 23:15:46','2022-12-16 23:15:46','6af1c697-1fe4-48cc-835a-8a8fc6d86a65'),(356,18,399,NULL,274,1,'2022-12-16 23:15:51','2022-12-16 23:15:51','6e564b3b-fc04-48c2-b905-48c9bed0c77c'),(357,17,400,NULL,216,1,'2022-12-16 23:15:51','2022-12-16 23:15:51','ca4a2dc9-dd2c-4d3d-a2fe-75ed9483bf78'),(358,18,400,NULL,274,1,'2022-12-16 23:15:51','2022-12-16 23:15:51','74753580-6820-4a05-b1ab-e49443384924'),(360,18,401,NULL,274,1,'2022-12-16 23:44:29','2022-12-16 23:44:29','0e456177-4aff-4518-adac-11ccb4e2070c'),(361,17,402,NULL,196,1,'2022-12-16 23:44:29','2022-12-16 23:44:29','f5978673-e2d8-4ee2-b05b-8c4fc2ee9b1e'),(362,18,402,NULL,274,1,'2022-12-16 23:44:29','2022-12-16 23:44:29','0c357818-66b0-4f2d-bc27-cf5d5d281555'),(366,17,401,NULL,404,1,'2022-12-16 23:47:59','2022-12-16 23:47:59','5a5f1fac-c97b-4393-89d5-1f482f338a1d'),(367,17,405,NULL,404,1,'2022-12-16 23:47:59','2022-12-16 23:47:59','9b6b112b-9958-425d-b0fe-e284929bce36'),(368,18,405,NULL,274,1,'2022-12-16 23:47:59','2022-12-16 23:47:59','7b00864a-212a-432e-b378-87465190c78a'),(369,17,406,NULL,407,1,'2022-12-16 23:51:02','2022-12-16 23:51:02','0edbb60e-afe7-4080-a531-bb13de797a59'),(370,18,406,NULL,277,1,'2022-12-16 23:51:09','2022-12-16 23:51:09','af7a56d0-bed0-478d-92ad-d276e7d829bc'),(371,17,408,NULL,407,1,'2022-12-16 23:51:09','2022-12-16 23:51:09','fd95fe58-9c41-4810-bec8-745ec41d496a'),(372,18,408,NULL,277,1,'2022-12-16 23:51:09','2022-12-16 23:51:09','951e0cfb-857e-4e17-887d-10ae75f33b46'),(375,17,410,NULL,216,1,'2022-12-17 09:10:47','2022-12-17 09:10:47','07021b5b-12a8-4ed0-98cc-1c2d9c5a87d4'),(376,18,410,NULL,274,1,'2022-12-17 09:10:47','2022-12-17 09:10:47','1c6e8ac5-b1e5-4859-8058-5e34062905ee'),(377,17,411,NULL,216,1,'2022-12-17 09:10:54','2022-12-17 09:10:54','768b5d61-074d-48cf-946b-bf5dc4a0b22d'),(378,18,411,NULL,274,1,'2022-12-17 09:10:54','2022-12-17 09:10:54','ac1925e9-1265-49dd-bf62-7535e6a24b5a'),(381,17,413,NULL,209,1,'2022-12-17 09:11:23','2022-12-17 09:11:23','7573a017-eb51-4293-8810-1585651792d6'),(382,18,413,NULL,277,1,'2022-12-17 09:11:23','2022-12-17 09:11:23','e48038ce-a27a-4da2-a10b-53ce263cf031'),(385,17,415,NULL,217,1,'2022-12-17 09:14:50','2022-12-17 09:14:50','d8d3c3b9-2382-4bc6-b19b-489a66d4f227'),(386,18,415,NULL,276,1,'2022-12-17 09:14:50','2022-12-17 09:14:50','2acb8b36-8361-4b56-86d1-da1c4bef1ab1'),(387,15,417,NULL,241,1,'2022-12-17 09:48:54','2022-12-17 09:48:54','a3b17e74-0a50-4185-a8da-fe475ca21f33'),(388,9,417,NULL,418,1,'2022-12-17 09:49:07','2022-12-17 09:49:07','63340847-ac6c-4bbf-a431-1952ba64e088'),(389,15,419,NULL,241,1,'2022-12-17 09:50:22','2022-12-17 09:50:22','56ad9610-708c-4e55-b653-2dc10f41f52d'),(390,9,419,NULL,418,1,'2022-12-17 09:50:22','2022-12-17 09:50:22','133bfb8f-e71d-442c-b345-c348c89a42da'),(393,15,421,NULL,241,1,'2022-12-17 09:51:45','2022-12-17 09:51:45','a71373ca-d18b-41f9-9fb2-ef8573376f52'),(394,9,421,NULL,418,1,'2022-12-17 09:51:45','2022-12-17 09:51:45','84b6b7e5-502e-4095-8d31-58de030152d4'),(397,15,423,NULL,241,1,'2022-12-17 09:52:10','2022-12-17 09:52:10','9e2c5674-78a8-44d5-9269-21cb85d456ce'),(398,9,423,NULL,418,1,'2022-12-17 09:52:10','2022-12-17 09:52:10','6b564996-a3b4-444d-9b3f-cbb1a1b52489'),(399,22,430,NULL,429,1,'2022-12-17 10:05:27','2022-12-17 10:05:27','e28d7cc7-eede-44b3-b2be-d0865488480b'),(400,22,431,NULL,429,1,'2022-12-17 10:05:53','2022-12-17 10:05:53','d7eeb40b-4f70-4efa-8b5a-0bea1c1167c2'),(402,22,433,NULL,429,1,'2022-12-17 10:06:43','2022-12-17 10:06:43','33b11128-9484-406f-8417-481db1adc052'),(403,22,435,NULL,429,1,'2022-12-17 10:06:43','2022-12-17 10:06:43','164572f5-e43a-4f32-a248-aff8eb6abc59'),(404,22,439,NULL,438,1,'2022-12-17 10:07:13','2022-12-17 10:07:13','4df816d3-8591-41db-935b-2dc751277596'),(405,22,440,NULL,438,1,'2022-12-17 10:07:20','2022-12-17 10:07:20','dbbe503d-6239-4898-8753-c0a4a88f9205'),(406,22,441,NULL,438,1,'2022-12-17 10:07:22','2022-12-17 10:07:22','aebe6a12-17d0-4be9-a13c-f1fac450828f'),(407,22,442,NULL,438,1,'2022-12-17 10:07:36','2022-12-17 10:07:36','e7893996-e684-4ce7-ba6e-40897de03360'),(408,22,443,NULL,438,1,'2022-12-17 10:07:38','2022-12-17 10:07:38','86cde055-7613-4e56-baac-f6a804ed2357'),(410,22,445,NULL,438,1,'2022-12-17 10:07:44','2022-12-17 10:07:44','cdafd421-f034-48b1-8216-80b8f043ef47'),(411,22,447,NULL,438,1,'2022-12-17 10:07:47','2022-12-17 10:07:47','fc7f7d22-b085-4638-b575-c3545481a1f5'),(412,22,449,NULL,438,1,'2022-12-17 10:07:49','2022-12-17 10:07:49','c3118e29-a861-4a7a-9aa7-31f73ccbecd1'),(413,22,451,NULL,438,1,'2022-12-17 10:07:50','2022-12-17 10:07:50','ecba4c9d-da05-4c5d-9312-2c823e40867a'),(416,22,456,NULL,438,1,'2022-12-17 10:08:52','2022-12-17 10:08:52','8428ca06-d544-4a25-ace0-745899b70f7f'),(417,22,457,NULL,453,1,'2022-12-17 10:08:52','2022-12-17 10:08:52','7470e937-90a0-4bb6-b0da-e3d170058460'),(418,22,459,NULL,429,1,'2022-12-17 10:08:52','2022-12-17 10:08:52','73502d5b-a119-4bf6-ba99-06eceabe69c2'),(419,22,460,NULL,438,1,'2022-12-17 10:08:52','2022-12-17 10:08:52','00d58c4e-3668-4b43-88a6-8dbece2f45bf'),(420,22,461,NULL,453,1,'2022-12-17 10:08:52','2022-12-17 10:08:52','ae11dbf8-1b83-4b6f-b4a2-8e0c30f84ffb'),(421,22,463,NULL,429,1,'2022-12-17 10:12:00','2022-12-17 10:12:00','019dd2b5-cd29-4274-ae6f-80db962c014a'),(422,22,464,NULL,438,1,'2022-12-17 10:12:00','2022-12-17 10:12:00','eb895f46-7d0b-4545-962c-0c1157f93b9a'),(423,22,465,NULL,453,1,'2022-12-17 10:12:00','2022-12-17 10:12:00','d374de96-ff28-49f4-965e-06548ea3f6db'),(426,22,470,NULL,429,1,'2022-12-17 10:18:06','2022-12-17 10:18:06','7899a270-7d3e-4298-a7b3-06fa80c95854'),(427,22,471,NULL,438,1,'2022-12-17 10:18:06','2022-12-17 10:18:06','c45560e8-ca2c-4770-bc28-96116f1ce461'),(428,22,472,NULL,453,1,'2022-12-17 10:18:06','2022-12-17 10:18:06','df171d5a-a439-4ace-93ad-fca723fb0c5b'),(429,22,474,NULL,429,1,'2022-12-17 12:37:14','2022-12-17 12:37:14','3888d3c8-9e3f-4dd4-a808-5ea9a7b66974'),(430,22,475,NULL,438,1,'2022-12-17 12:37:14','2022-12-17 12:37:14','2d3bf1a7-bd8b-4fc4-a689-2347a79003b4'),(431,22,476,NULL,453,1,'2022-12-17 12:37:14','2022-12-17 12:37:14','61036d0c-3c59-40d9-8a8c-7c862413c89b'),(432,22,478,NULL,429,1,'2022-12-17 12:38:23','2022-12-17 12:38:23','0a1300aa-c660-4e0f-ba82-e6bcc0bc0a84'),(433,22,479,NULL,438,1,'2022-12-17 12:38:23','2022-12-17 12:38:23','6ae3638c-a144-4783-b7c0-5b4f76b3424b'),(434,22,480,NULL,453,1,'2022-12-17 12:38:23','2022-12-17 12:38:23','666d112b-b118-4fa5-97c4-56e32fff69e0'),(436,23,119,NULL,481,1,'2022-12-17 12:39:18','2022-12-17 12:39:18','8e2e86b0-798d-4c04-b2d2-d01b86bb4f96'),(437,23,483,NULL,481,1,'2022-12-17 12:39:18','2022-12-17 12:39:18','249be74c-bf68-4857-9b31-f2be466bd326'),(438,22,484,NULL,429,1,'2022-12-17 12:39:18','2022-12-17 12:39:18','0f5714fe-51a7-4e0a-83ca-06947f61e5cb'),(439,22,485,NULL,438,1,'2022-12-17 12:39:18','2022-12-17 12:39:18','a92f8827-a7cd-4f2f-916e-94f04ebef261'),(440,22,486,NULL,453,1,'2022-12-17 12:39:18','2022-12-17 12:39:18','6d6421c6-eb9a-4532-a29a-d1b5df4d0f23');
/*!40000 ALTER TABLE `relations` ENABLE KEYS */;
UNLOCK TABLES;
commit;

--
-- Dumping data for table `revisions`
--

LOCK TABLES `revisions` WRITE;
/*!40000 ALTER TABLE `revisions` DISABLE KEYS */;
set autocommit=0;
INSERT INTO `revisions` VALUES (1,2,1,1,NULL),(2,2,1,2,NULL),(3,2,1,3,NULL),(4,2,1,4,'Applied Draft 1'),(5,2,1,5,''),(6,2,1,6,NULL),(7,2,1,7,'Applied Draft 1'),(8,26,1,1,NULL),(9,26,1,2,NULL),(10,26,1,3,NULL),(11,26,1,4,NULL),(12,26,1,5,NULL),(13,26,1,6,NULL),(14,26,1,7,NULL),(15,26,1,8,NULL),(16,26,1,9,NULL),(17,26,1,10,NULL),(18,26,1,11,NULL),(19,38,1,1,NULL),(20,38,1,2,NULL),(21,38,1,3,NULL),(22,38,1,4,'Applied Draft 1'),(23,49,1,1,NULL),(24,38,1,5,''),(25,49,1,2,NULL),(26,38,1,6,'Applied Draft 1'),(27,49,1,3,NULL),(28,67,1,1,NULL),(29,68,1,1,NULL),(30,2,1,8,'Applied Draft 1'),(31,2,1,9,NULL),(32,2,1,10,'Applied Draft 1'),(33,2,1,11,'Applied Draft 1'),(34,2,1,12,''),(35,2,1,13,''),(36,2,1,14,'Applied Draft 1'),(37,2,1,15,''),(38,2,1,16,'Applied Draft 1'),(39,38,1,7,'Applied Draft 1'),(40,49,1,4,NULL),(41,67,1,2,NULL),(42,68,1,2,NULL),(43,38,1,8,'Applied Draft 1'),(44,49,1,5,NULL),(45,67,1,3,NULL),(46,68,1,3,NULL),(47,2,1,17,'Applied Draft 1'),(48,2,1,18,'Applied Draft 1'),(49,2,1,19,NULL),(50,38,1,9,NULL),(51,49,1,6,NULL),(52,67,1,4,NULL),(53,68,1,4,NULL),(54,116,1,1,NULL),(55,116,1,2,NULL),(56,119,1,1,NULL),(57,119,1,2,NULL),(58,116,1,3,NULL),(59,116,1,4,NULL),(60,116,1,5,NULL),(61,119,1,3,NULL),(62,119,1,4,NULL),(63,119,1,5,NULL),(64,116,1,6,NULL),(65,116,1,7,NULL),(66,116,1,8,'Applied Draft 1'),(67,132,1,1,''),(68,116,1,9,''),(69,132,1,2,'Applied Draft 1'),(70,132,1,3,''),(71,132,1,4,''),(72,132,1,5,''),(73,116,1,10,'Applied Draft 1'),(74,116,1,11,''),(75,116,1,12,'Applied Draft 1'),(76,116,1,13,'Applied Draft 1'),(77,149,1,1,''),(78,149,1,2,''),(79,116,1,14,''),(80,149,1,3,''),(81,149,1,4,''),(82,149,1,5,''),(83,116,1,15,''),(84,149,1,6,''),(85,116,1,16,'Applied Draft 1'),(86,116,1,17,''),(87,149,1,7,''),(88,116,1,18,''),(89,116,1,19,''),(90,116,1,20,''),(91,2,1,20,NULL),(92,116,1,21,'Applied Draft 1'),(93,116,1,22,'Applied Draft 1'),(94,116,1,23,''),(95,172,1,1,NULL),(96,172,1,2,NULL),(97,172,1,3,NULL),(98,172,1,4,NULL),(99,172,1,5,NULL),(100,172,1,6,NULL),(101,172,1,7,NULL),(102,172,1,8,'Applied Draft 1'),(103,172,1,9,NULL),(104,172,1,10,NULL),(105,172,1,11,NULL),(106,172,1,12,NULL),(107,2,1,21,NULL),(108,38,1,10,NULL),(109,49,1,7,NULL),(110,67,1,5,NULL),(111,68,1,5,NULL),(112,172,1,13,NULL),(113,172,1,14,NULL),(114,193,1,1,''),(115,193,1,2,'Applied Draft 1'),(116,116,1,24,''),(117,193,1,3,''),(118,193,1,4,''),(119,116,1,25,'Applied Draft 1'),(120,2,1,22,'Applied Draft 1'),(121,2,1,23,'Applied Draft 1'),(122,38,1,11,'Applied Draft 1'),(123,49,1,8,NULL),(124,67,1,6,NULL),(125,68,1,6,NULL),(126,38,1,12,'Applied Draft 1'),(127,49,1,9,NULL),(128,67,1,7,NULL),(129,68,1,7,NULL),(130,116,1,26,'Applied Draft 1'),(131,116,1,27,'Applied Draft 1'),(132,193,1,5,'Applied Draft 1'),(133,193,1,6,''),(134,193,1,7,'Applied Draft 1'),(135,193,1,8,''),(136,193,1,9,'Applied Draft 1'),(137,193,1,10,'Applied Draft 1'),(138,172,1,15,NULL),(139,172,1,16,NULL),(140,172,1,17,NULL),(141,193,1,11,'Applied Draft 1'),(142,193,1,12,''),(143,193,1,13,''),(144,193,1,14,''),(145,116,1,28,'Applied Draft 1'),(146,116,1,29,'Applied Draft 1'),(147,38,1,13,'Applied Draft 1'),(148,49,1,10,NULL),(149,67,1,8,NULL),(150,68,1,8,NULL),(151,38,1,14,''),(152,49,1,11,NULL),(153,67,1,9,NULL),(154,68,1,9,NULL),(155,38,1,15,'Applied Draft 1'),(156,49,1,12,NULL),(157,67,1,10,NULL),(158,68,1,10,NULL),(159,38,1,16,'Applied Draft 1'),(160,49,1,13,NULL),(161,67,1,11,NULL),(162,68,1,11,NULL),(163,292,1,1,NULL),(164,292,1,2,NULL),(165,292,1,3,NULL),(166,292,1,4,NULL),(167,172,1,18,NULL),(168,172,1,19,NULL),(169,292,1,5,NULL),(170,292,1,6,NULL),(171,292,1,7,NULL),(172,172,1,20,NULL),(173,292,1,8,NULL),(174,292,1,9,NULL),(175,292,1,10,NULL),(176,292,1,11,NULL),(177,172,1,21,NULL),(178,172,1,22,NULL),(179,38,1,17,''),(180,49,1,14,NULL),(181,67,1,12,NULL),(182,68,1,12,NULL),(183,38,1,18,''),(184,49,1,15,NULL),(185,67,1,13,NULL),(186,68,1,13,NULL),(187,38,1,19,''),(188,49,1,16,NULL),(189,67,1,14,NULL),(190,68,1,14,NULL),(191,38,1,20,''),(192,49,1,17,NULL),(193,67,1,15,NULL),(194,68,1,15,NULL),(195,193,1,15,''),(196,292,1,12,NULL),(197,193,1,16,''),(198,38,1,21,''),(199,49,1,18,NULL),(200,67,1,16,NULL),(201,68,1,16,NULL),(202,193,1,17,''),(203,38,1,22,''),(204,49,1,19,NULL),(205,67,1,17,NULL),(206,68,1,17,NULL),(207,38,1,23,''),(208,49,1,20,NULL),(209,67,1,18,NULL),(210,68,1,18,NULL),(211,38,1,24,''),(212,49,1,21,NULL),(213,67,1,19,NULL),(214,68,1,19,NULL),(215,38,1,25,''),(216,49,1,22,NULL),(217,67,1,20,NULL),(218,68,1,20,NULL),(219,38,1,26,''),(220,49,1,23,NULL),(221,67,1,21,NULL),(222,68,1,21,NULL),(223,38,1,27,''),(224,49,1,24,NULL),(225,67,1,22,NULL),(226,68,1,22,NULL),(227,38,1,28,''),(228,49,1,25,NULL),(229,67,1,23,NULL),(230,68,1,23,NULL),(231,172,1,23,''),(232,38,1,29,''),(233,49,1,26,NULL),(234,67,1,24,NULL),(235,68,1,24,NULL),(236,368,1,1,''),(237,368,1,2,''),(238,368,1,3,''),(239,368,1,4,''),(240,368,1,5,''),(241,368,1,6,''),(242,368,1,7,''),(243,368,1,8,''),(244,193,1,18,''),(245,368,1,9,''),(246,172,1,24,NULL),(247,382,1,1,NULL),(248,382,1,2,NULL),(249,382,1,3,NULL),(250,382,1,4,NULL),(251,382,1,5,NULL),(252,382,1,6,NULL),(253,193,1,19,''),(254,392,1,1,''),(255,394,1,1,''),(256,396,1,1,''),(257,392,1,2,''),(258,399,1,1,''),(259,401,1,1,''),(260,401,1,2,'Applied Draft 1'),(261,406,1,1,''),(262,399,1,2,'Applied Draft 1'),(263,399,1,3,''),(264,394,1,2,'Applied Draft 1'),(265,396,1,2,'Applied Draft 1'),(266,417,1,1,''),(267,417,1,2,'Applied Draft 1'),(268,417,1,3,'Applied Draft 1'),(269,119,1,6,NULL),(270,119,1,7,''),(271,119,1,8,NULL),(272,119,1,9,'Applied Draft 1'),(273,433,1,1,NULL),(274,119,1,10,'Applied Draft 1'),(275,433,1,2,NULL),(276,456,1,1,NULL),(277,457,1,1,NULL),(278,119,1,11,''),(279,433,1,3,NULL),(280,456,1,2,NULL),(281,457,1,2,NULL),(282,119,1,12,'Applied Draft 1'),(283,433,1,4,NULL),(284,456,1,3,NULL),(285,457,1,3,NULL),(286,119,1,13,''),(287,433,1,5,NULL),(288,456,1,4,NULL),(289,457,1,4,NULL),(290,119,1,14,NULL),(291,433,1,6,NULL),(292,456,1,5,NULL),(293,457,1,5,NULL),(294,119,1,15,'Applied Draft 1'),(295,433,1,7,NULL),(296,456,1,6,NULL),(297,457,1,6,NULL);
/*!40000 ALTER TABLE `revisions` ENABLE KEYS */;
UNLOCK TABLES;
commit;

--
-- Dumping data for table `searchindex`
--

LOCK TABLES `searchindex` WRITE;
/*!40000 ALTER TABLE `searchindex` DISABLE KEYS */;
set autocommit=0;
INSERT INTO `searchindex` VALUES (1,'email',0,1,' thomas vandoorne student howest be '),(1,'firstname',0,1,''),(1,'fullname',0,1,''),(1,'lastname',0,1,''),(1,'slug',0,1,''),(1,'username',0,1,' thomasvandoorne '),(2,'slug',0,1,' home '),(2,'title',0,1,' home '),(6,'extension',0,1,' jpg '),(6,'filename',0,1,' asset6399d02c243e98 40328067 jpg '),(6,'kind',0,1,' image '),(6,'slug',0,1,''),(6,'title',0,1,' agency '),(7,'extension',0,1,' jpg '),(7,'filename',0,1,' asset6399d03323b704 55006380 jpg '),(7,'kind',0,1,' image '),(7,'slug',0,1,''),(7,'title',0,1,' agency '),(11,'extension',0,1,' jpg '),(11,'filename',0,1,' asset6399d0f41e3214 02862339 jpg '),(11,'kind',0,1,' image '),(11,'slug',0,1,''),(11,'title',0,1,' agency '),(12,'extension',0,1,' jpg '),(12,'filename',0,1,' asset6399d0fd94b3e8 51400593 jpg '),(12,'kind',0,1,' image '),(12,'slug',0,1,''),(12,'title',0,1,' agency '),(14,'extension',0,1,' jpg '),(14,'filename',0,1,' asset6399d14caf8148 76611811 jpg '),(14,'kind',0,1,' image '),(14,'slug',0,1,''),(14,'title',0,1,' agency '),(15,'extension',0,1,' jpg '),(15,'filename',0,1,' asset6399d17d7aea73 45171272 jpg '),(15,'kind',0,1,' image '),(15,'slug',0,1,''),(15,'title',0,1,' agency '),(16,'extension',0,1,' jpg '),(16,'filename',0,1,' asset6399d2b35b7176 44214343 jpg '),(16,'kind',0,1,' image '),(16,'slug',0,1,''),(16,'title',0,1,' agency '),(17,'extension',0,1,' jpg '),(17,'filename',0,1,' asset6399d2ba60f483 87401650 jpg '),(17,'kind',0,1,' image '),(17,'slug',0,1,''),(17,'title',0,1,' agency '),(18,'extension',0,1,' jpg '),(18,'filename',0,1,' asset6399d587d54ae1 98896766 jpg '),(18,'kind',0,1,' image '),(18,'slug',0,1,''),(18,'title',0,1,' agency '),(19,'extension',0,1,' jpg '),(19,'filename',0,1,' agency jpg '),(19,'kind',0,1,' image '),(19,'slug',0,1,''),(19,'title',0,1,' agency '),(26,'slug',0,1,' team '),(26,'title',0,1,' team '),(38,'slug',0,1,' team '),(38,'title',0,1,' team '),(43,'slug',0,1,''),(44,'extension',0,1,' jpeg '),(44,'filename',0,1,' thomas jpeg '),(44,'kind',0,1,' image '),(44,'slug',0,1,''),(44,'title',0,1,' thomas '),(49,'slug',0,1,''),(67,'slug',0,1,''),(68,'slug',0,1,''),(90,'extension',0,1,' png '),(90,'filename',0,1,' kasper png '),(90,'kind',0,1,' image '),(90,'slug',0,1,''),(90,'title',0,1,' kasper '),(91,'extension',0,1,' png '),(91,'filename',0,1,' senne png '),(91,'kind',0,1,' image '),(91,'slug',0,1,''),(91,'title',0,1,' senne '),(92,'extension',0,1,' png '),(92,'filename',0,1,' thomas png '),(92,'kind',0,1,' image '),(92,'slug',0,1,''),(92,'title',0,1,' thomas '),(116,'slug',0,1,' album cover prullaria '),(116,'title',0,1,' album cover prullaria '),(119,'slug',0,1,' contact '),(119,'title',0,1,' contact '),(132,'slug',0,1,' projects '),(132,'title',0,1,' projects '),(133,'extension',0,1,' png '),(133,'filename',0,1,' screenshot 2022 12 15 at 20 33 11 png '),(133,'kind',0,1,' image '),(133,'slug',0,1,''),(133,'title',0,1,' screenshot 2022 12 15 at 20 33 11 '),(143,'slug',0,1,' temp nmlmikiombeuobdwbsaikuwtfrjfwzuwjxbi '),(143,'title',0,1,' projects '),(149,'slug',0,1,' projects '),(149,'title',0,1,' projects '),(150,'extension',0,1,' png '),(150,'filename',0,1,' screenshot 2022 12 15 at 22 06 31 png '),(150,'kind',0,1,' image '),(150,'slug',0,1,''),(150,'title',0,1,' screenshot 2022 12 15 at 22 06 31 '),(172,'slug',0,1,' projects '),(172,'title',0,1,' projects list '),(193,'slug',0,1,' kendrick mobile website '),(193,'title',0,1,' kendrick mobile website '),(196,'extension',0,1,' png '),(196,'filename',0,1,' screenshot 2022 12 15 at 23 07 08 png '),(196,'kind',0,1,' image '),(196,'slug',0,1,''),(196,'title',0,1,' screenshot 2022 12 15 at 23 07 08 '),(209,'extension',0,1,' png '),(209,'filename',0,1,' sennepic png '),(209,'kind',0,1,' image '),(209,'slug',0,1,''),(209,'title',0,1,' sennepic '),(216,'extension',0,1,' png '),(216,'filename',0,1,' thomaspic png '),(216,'kind',0,1,' image '),(216,'slug',0,1,''),(216,'title',0,1,' thomaspic '),(217,'extension',0,1,' png '),(217,'filename',0,1,' kasperpic png '),(217,'kind',0,1,' image '),(217,'slug',0,1,''),(217,'title',0,1,' kasperpic '),(233,'slug',0,1,''),(234,'slug',0,1,''),(235,'slug',0,1,''),(236,'slug',0,1,''),(241,'slug',0,1,' website '),(241,'title',0,1,' website '),(252,'slug',0,1,' design '),(252,'title',0,1,' design '),(255,'slug',0,1,' function '),(255,'title',0,1,' function '),(256,'slug',0,1,' ux researcher '),(256,'title',0,1,' ux researcher '),(257,'slug',0,1,' work '),(257,'title',0,1,' work '),(258,'slug',0,1,' type of work '),(258,'title',0,1,' type of work '),(260,'slug',0,1,' ux designer '),(260,'title',0,1,' ux designer '),(274,'slug',0,1,' designer '),(274,'title',0,1,' designer '),(275,'slug',0,1,' ceo '),(275,'title',0,1,' ceo '),(276,'slug',0,1,' developer '),(276,'title',0,1,' developer '),(277,'slug',0,1,' ux researcher '),(277,'title',0,1,' ux researcher '),(292,'slug',0,1,' team members '),(292,'title',0,1,' team members '),(325,'slug',0,1,' team members '),(325,'title',0,1,' team members '),(326,'slug',0,1,''),(368,'slug',0,1,' team 2 '),(368,'title',0,1,' team '),(373,'slug',0,1,' temp wljblgcpxxriubsabqwxnsdsfjkracmkmqid '),(373,'title',0,1,' team '),(380,'slug',0,1,' temp zhttbrdhzcdzceksduanpnodbuvakfafikoi '),(380,'title',0,1,' team '),(382,'slug',0,1,' team list '),(382,'title',0,1,' team list '),(390,'slug',0,1,' temp vmcmykzhntqrpmfladdjtidrnpesddvvtowl '),(390,'title',0,1,''),(391,'slug',0,1,' temp mbxyfumazizschvzgascdjvejlmtrujfrbcw '),(391,'title',0,1,''),(392,'slug',0,1,' thomas '),(392,'title',0,1,' thomas '),(394,'slug',0,1,' senne '),(394,'title',0,1,' senne '),(396,'slug',0,1,' kasper '),(396,'title',0,1,' kasper '),(399,'slug',0,1,' thomas '),(399,'title',0,1,' thomas '),(401,'slug',0,1,' bas '),(401,'title',0,1,' bas '),(404,'extension',0,1,' png '),(404,'filename',0,1,' screenshot 2022 12 17 at 00 47 13 png '),(404,'kind',0,1,' image '),(404,'slug',0,1,''),(404,'title',0,1,' screenshot 2022 12 17 at 00 47 13 '),(406,'slug',0,1,' tibo '),(406,'title',0,1,' tibo '),(407,'extension',0,1,' png '),(407,'filename',0,1,' screenshot 2022 12 17 at 00 50 38 png '),(407,'kind',0,1,' image '),(407,'slug',0,1,''),(407,'title',0,1,' screenshot 2022 12 17 at 00 50 38 '),(416,'slug',0,1,''),(417,'slug',0,1,' oktobers sharing spree '),(417,'title',0,1,' oktobers sharing spree '),(418,'extension',0,1,' png '),(418,'filename',0,1,' screenshot 2022 12 17 at 10 48 24 png '),(418,'kind',0,1,' image '),(418,'slug',0,1,''),(418,'title',0,1,' screenshot 2022 12 17 at 10 48 24 '),(428,'slug',0,1,''),(429,'extension',0,1,' png '),(429,'filename',0,1,' fb png '),(429,'kind',0,1,' image '),(429,'slug',0,1,''),(429,'title',0,1,' fb '),(433,'slug',0,1,''),(437,'slug',0,1,''),(438,'extension',0,1,' png '),(438,'filename',0,1,' instagram png '),(438,'kind',0,1,' image '),(438,'slug',0,1,''),(438,'title',0,1,' instagram '),(451,'slug',0,1,''),(452,'slug',0,1,''),(453,'extension',0,1,' png '),(453,'filename',0,1,' linkedin png '),(453,'kind',0,1,' image '),(453,'slug',0,1,''),(453,'title',0,1,' linkedin '),(456,'slug',0,1,''),(457,'slug',0,1,''),(468,'extension',0,1,' png '),(468,'filename',0,1,' linkedin 2022 12 17 101757 fjvl png '),(468,'kind',0,1,' image '),(468,'slug',0,1,''),(468,'title',0,1,' linked in '),(481,'extension',0,1,' png '),(481,'filename',0,1,' screenshot 2022 12 17 at 13 36 35 png '),(481,'kind',0,1,' image '),(481,'slug',0,1,''),(481,'title',0,1,' screenshot 2022 12 17 at 13 36 35 ');
/*!40000 ALTER TABLE `searchindex` ENABLE KEYS */;
UNLOCK TABLES;
commit;

--
-- Dumping data for table `sections`
--

LOCK TABLES `sections` WRITE;
/*!40000 ALTER TABLE `sections` DISABLE KEYS */;
set autocommit=0;
INSERT INTO `sections` VALUES (1,NULL,'Home','home','single',1,'all','end',NULL,'2022-12-14 12:50:05','2022-12-14 12:50:05',NULL,'21038002-abbe-49d2-8d3e-1253f7f381e5'),(2,NULL,'Team','team','channel',0,'all','end',NULL,'2022-12-14 16:25:18','2022-12-14 17:07:19','2022-12-14 17:07:36','230eff02-7eaf-4bc4-aef1-3047a36bb991'),(3,NULL,'Team','team','channel',1,'all','end',NULL,'2022-12-14 17:07:51','2022-12-16 22:02:03','2022-12-16 23:01:55','90fe0be3-9b1e-4106-bf88-b48a7465c2f5'),(4,NULL,'Projects','projects','channel',1,'all','end',NULL,'2022-12-15 18:48:11','2022-12-15 21:54:26',NULL,'43152f16-1cbd-44a8-bf66-aa0c38d63287'),(5,NULL,'Contact','contact','single',1,'all','end',NULL,'2022-12-15 18:49:26','2022-12-15 18:57:46',NULL,'721ca285-b527-4f49-a8a3-fe39d7bf6625'),(6,NULL,'Projects list','projectsList','single',1,'all','end',NULL,'2022-12-15 21:51:28','2022-12-15 21:54:19',NULL,'330c05cf-fcec-4202-bf67-b50022950756'),(7,NULL,'team members','teamMembers','single',1,'all','end',NULL,'2022-12-16 22:06:47','2022-12-16 22:06:47','2022-12-16 23:02:00','5d90ee56-57fd-4511-b355-cc92ff2f219c'),(8,NULL,'Team List','teamList','single',1,'all','end',NULL,'2022-12-16 23:02:26','2022-12-16 23:03:07',NULL,'7c4b5296-39c2-4009-bb52-3e1648f66c12'),(9,NULL,'Team','team','channel',1,'all','end',NULL,'2022-12-16 23:04:31','2022-12-16 23:04:31',NULL,'6fa4a539-3604-41bf-befb-07726f7f702b');
/*!40000 ALTER TABLE `sections` ENABLE KEYS */;
UNLOCK TABLES;
commit;

--
-- Dumping data for table `sections_sites`
--

LOCK TABLES `sections_sites` WRITE;
/*!40000 ALTER TABLE `sections_sites` DISABLE KEYS */;
set autocommit=0;
INSERT INTO `sections_sites` VALUES (1,1,1,1,'__home__','_/pages/home.twig',1,'2022-12-14 12:50:05','2022-12-14 12:50:05','285a0df8-c20a-40c5-a53f-0948110856e9'),(2,2,1,0,NULL,NULL,1,'2022-12-14 16:25:18','2022-12-14 16:32:16','39ed790a-6d70-4d1a-a7cd-d79b8d001c8a'),(3,3,1,1,'team/{slug}','_/pages/team/_entry.twig',1,'2022-12-14 17:07:51','2022-12-16 22:13:39','af94b7b7-4c32-40f4-b2a1-dd56d58b85d5'),(4,4,1,1,'projects/{slug}','_/pages/projects/_entry.twig',1,'2022-12-15 18:48:12','2022-12-15 21:47:16','2daa0515-5548-41d4-b11e-412bce8c38aa'),(5,5,1,1,'contact','_/pages/contact.twig',1,'2022-12-15 18:49:26','2022-12-15 18:49:26','528ae453-5aea-4bcc-84d9-bd146046470a'),(6,6,1,1,'projects','_/pages/projects/projects.twig',1,'2022-12-15 21:51:28','2022-12-15 21:55:44','ad15345a-e908-433f-b106-d2081bb7670c'),(7,7,1,1,'team','_/pages/team/team.twig',1,'2022-12-16 22:06:47','2022-12-16 22:09:02','5d9bb951-d7fd-4bf5-be13-3ef98b8eea45'),(8,8,1,1,'team','_/pages/team/team.twig',1,'2022-12-16 23:02:26','2022-12-16 23:03:41','d72fa7e3-1fad-462f-9948-cd70ab3d229e'),(9,9,1,1,'team/{slug}','_/pages/team/_entry.twig',1,'2022-12-16 23:04:31','2022-12-16 23:04:31','f9f4ae9d-6e39-4aab-91f0-23b4287e8ab8');
/*!40000 ALTER TABLE `sections_sites` ENABLE KEYS */;
UNLOCK TABLES;
commit;

--
-- Dumping data for table `sequences`
--

LOCK TABLES `sequences` WRITE;
/*!40000 ALTER TABLE `sequences` DISABLE KEYS */;
set autocommit=0;
/*!40000 ALTER TABLE `sequences` ENABLE KEYS */;
UNLOCK TABLES;
commit;

--
-- Dumping data for table `shunnedmessages`
--

LOCK TABLES `shunnedmessages` WRITE;
/*!40000 ALTER TABLE `shunnedmessages` DISABLE KEYS */;
set autocommit=0;
/*!40000 ALTER TABLE `shunnedmessages` ENABLE KEYS */;
UNLOCK TABLES;
commit;

--
-- Dumping data for table `sitegroups`
--

LOCK TABLES `sitegroups` WRITE;
/*!40000 ALTER TABLE `sitegroups` DISABLE KEYS */;
set autocommit=0;
INSERT INTO `sitegroups` VALUES (1,'agency','2022-12-14 09:41:50','2022-12-14 09:41:50',NULL,'75024fbf-7982-4463-8aef-875b5c494cc8');
/*!40000 ALTER TABLE `sitegroups` ENABLE KEYS */;
UNLOCK TABLES;
commit;

--
-- Dumping data for table `sites`
--

LOCK TABLES `sites` WRITE;
/*!40000 ALTER TABLE `sites` DISABLE KEYS */;
set autocommit=0;
INSERT INTO `sites` VALUES (1,1,1,'true','agency','default','en-US',1,'$PRIMARY_SITE_URL',1,'2022-12-14 09:41:50','2022-12-14 09:41:50',NULL,'7d27545e-9618-4303-8c44-281674ee08a8');
/*!40000 ALTER TABLE `sites` ENABLE KEYS */;
UNLOCK TABLES;
commit;

--
-- Dumping data for table `structureelements`
--

LOCK TABLES `structureelements` WRITE;
/*!40000 ALTER TABLE `structureelements` DISABLE KEYS */;
set autocommit=0;
INSERT INTO `structureelements` VALUES (1,1,NULL,1,1,6,0,'2022-12-16 17:09:05','2022-12-16 21:30:26','fd247de7-9215-4564-ac56-bbdb501f860c'),(2,1,241,1,2,3,1,'2022-12-16 17:09:05','2022-12-16 17:09:05','3c2629fa-cb98-4e4c-84f4-11e3165528fe'),(3,1,252,1,4,5,1,'2022-12-16 20:37:00','2022-12-16 21:30:26','c58c3c68-ef3e-4b4d-ae20-8df4effe952f'),(8,2,NULL,8,1,8,0,'2022-12-16 21:28:08','2022-12-16 21:46:29','397dc93d-9731-4d07-a8ba-8b84d9a5b241'),(10,2,274,8,2,3,1,'2022-12-16 21:40:53','2022-12-16 21:41:42','fc786de9-d33c-4222-bb6a-c56bac524d60'),(12,2,276,8,4,5,1,'2022-12-16 21:41:12','2022-12-16 21:46:29','2a83756f-951c-44dd-9675-413c3656e9f3'),(13,2,277,8,6,7,1,'2022-12-16 21:41:46','2022-12-16 21:46:29','d4cdd9e4-dc6f-446a-acc3-37c9e2cb43c5');
/*!40000 ALTER TABLE `structureelements` ENABLE KEYS */;
UNLOCK TABLES;
commit;

--
-- Dumping data for table `structures`
--

LOCK TABLES `structures` WRITE;
/*!40000 ALTER TABLE `structures` DISABLE KEYS */;
set autocommit=0;
INSERT INTO `structures` VALUES (1,NULL,'2022-12-16 17:03:53','2022-12-16 21:19:46',NULL,'eeddaad1-d0a0-43f2-bea0-94b1422ff94c'),(2,NULL,'2022-12-16 21:24:04','2022-12-16 21:24:04',NULL,'fa95deb2-2425-4110-8e78-1adf2ec7d4e5');
/*!40000 ALTER TABLE `structures` ENABLE KEYS */;
UNLOCK TABLES;
commit;

--
-- Dumping data for table `systemmessages`
--

LOCK TABLES `systemmessages` WRITE;
/*!40000 ALTER TABLE `systemmessages` DISABLE KEYS */;
set autocommit=0;
/*!40000 ALTER TABLE `systemmessages` ENABLE KEYS */;
UNLOCK TABLES;
commit;

--
-- Dumping data for table `taggroups`
--

LOCK TABLES `taggroups` WRITE;
/*!40000 ALTER TABLE `taggroups` DISABLE KEYS */;
set autocommit=0;
/*!40000 ALTER TABLE `taggroups` ENABLE KEYS */;
UNLOCK TABLES;
commit;

--
-- Dumping data for table `tags`
--

LOCK TABLES `tags` WRITE;
/*!40000 ALTER TABLE `tags` DISABLE KEYS */;
set autocommit=0;
/*!40000 ALTER TABLE `tags` ENABLE KEYS */;
UNLOCK TABLES;
commit;

--
-- Dumping data for table `tokens`
--

LOCK TABLES `tokens` WRITE;
/*!40000 ALTER TABLE `tokens` DISABLE KEYS */;
set autocommit=0;
/*!40000 ALTER TABLE `tokens` ENABLE KEYS */;
UNLOCK TABLES;
commit;

--
-- Dumping data for table `usergroups`
--

LOCK TABLES `usergroups` WRITE;
/*!40000 ALTER TABLE `usergroups` DISABLE KEYS */;
set autocommit=0;
/*!40000 ALTER TABLE `usergroups` ENABLE KEYS */;
UNLOCK TABLES;
commit;

--
-- Dumping data for table `usergroups_users`
--

LOCK TABLES `usergroups_users` WRITE;
/*!40000 ALTER TABLE `usergroups_users` DISABLE KEYS */;
set autocommit=0;
/*!40000 ALTER TABLE `usergroups_users` ENABLE KEYS */;
UNLOCK TABLES;
commit;

--
-- Dumping data for table `userpermissions`
--

LOCK TABLES `userpermissions` WRITE;
/*!40000 ALTER TABLE `userpermissions` DISABLE KEYS */;
set autocommit=0;
/*!40000 ALTER TABLE `userpermissions` ENABLE KEYS */;
UNLOCK TABLES;
commit;

--
-- Dumping data for table `userpermissions_usergroups`
--

LOCK TABLES `userpermissions_usergroups` WRITE;
/*!40000 ALTER TABLE `userpermissions_usergroups` DISABLE KEYS */;
set autocommit=0;
/*!40000 ALTER TABLE `userpermissions_usergroups` ENABLE KEYS */;
UNLOCK TABLES;
commit;

--
-- Dumping data for table `userpermissions_users`
--

LOCK TABLES `userpermissions_users` WRITE;
/*!40000 ALTER TABLE `userpermissions_users` DISABLE KEYS */;
set autocommit=0;
/*!40000 ALTER TABLE `userpermissions_users` ENABLE KEYS */;
UNLOCK TABLES;
commit;

--
-- Dumping data for table `userpreferences`
--

LOCK TABLES `userpreferences` WRITE;
/*!40000 ALTER TABLE `userpreferences` DISABLE KEYS */;
set autocommit=0;
INSERT INTO `userpreferences` VALUES (1,'{\"language\":\"en-US\"}');
/*!40000 ALTER TABLE `userpreferences` ENABLE KEYS */;
UNLOCK TABLES;
commit;

--
-- Dumping data for table `users`
--

LOCK TABLES `users` WRITE;
/*!40000 ALTER TABLE `users` DISABLE KEYS */;
set autocommit=0;
INSERT INTO `users` VALUES (1,NULL,1,0,0,0,1,'thomasvandoorne',NULL,NULL,NULL,'thomas.vandoorne@student.howest.be','$2y$13$A0zs4H4pxykc4/mKl38vnODMGvlHkINVLSgWpPOPixT6l2YvVOoJi','2022-12-17 14:51:19',NULL,NULL,NULL,'2022-12-14 16:23:34',NULL,1,NULL,NULL,NULL,0,'2022-12-14 09:41:50','2022-12-14 09:41:50','2022-12-17 14:51:19');
/*!40000 ALTER TABLE `users` ENABLE KEYS */;
UNLOCK TABLES;
commit;

--
-- Dumping data for table `volumefolders`
--

LOCK TABLES `volumefolders` WRITE;
/*!40000 ALTER TABLE `volumefolders` DISABLE KEYS */;
set autocommit=0;
INSERT INTO `volumefolders` VALUES (1,NULL,1,'Uploads','','2022-12-14 13:25:45','2022-12-14 13:25:45','17e47b4b-01a1-47ee-86b6-e151323db95d'),(2,NULL,NULL,'Temporary filesystem',NULL,'2022-12-14 13:29:04','2022-12-14 13:29:04','0e006dd1-f206-4edc-b1d2-d33676dcb12e'),(3,2,NULL,'user_1','user_1/','2022-12-14 13:29:04','2022-12-14 13:29:04','3667af00-6b11-4476-871a-74c3728af2ec');
/*!40000 ALTER TABLE `volumefolders` ENABLE KEYS */;
UNLOCK TABLES;
commit;

--
-- Dumping data for table `volumes`
--

LOCK TABLES `volumes` WRITE;
/*!40000 ALTER TABLE `volumes` DISABLE KEYS */;
set autocommit=0;
INSERT INTO `volumes` VALUES (1,2,'Uploads','uploads','uploads','','','site',NULL,1,'2022-12-14 13:25:45','2022-12-14 13:25:45',NULL,'58fb83eb-858d-46fe-89b1-554c0b228b03');
/*!40000 ALTER TABLE `volumes` ENABLE KEYS */;
UNLOCK TABLES;
commit;

--
-- Dumping data for table `widgets`
--

LOCK TABLES `widgets` WRITE;
/*!40000 ALTER TABLE `widgets` DISABLE KEYS */;
set autocommit=0;
INSERT INTO `widgets` VALUES (1,1,'craft\\widgets\\RecentEntries',1,NULL,'{\"siteId\":1,\"section\":\"*\",\"limit\":10}',1,'2022-12-14 09:42:37','2022-12-14 09:42:37','6344900a-c8f1-46e7-8e7f-d8bf7cddd146'),(2,1,'craft\\widgets\\CraftSupport',2,NULL,'[]',1,'2022-12-14 09:42:37','2022-12-14 09:42:37','8ac9f29d-5ba2-49e2-8d4f-b2de7e6718e1'),(3,1,'craft\\widgets\\Updates',3,NULL,'[]',1,'2022-12-14 09:42:37','2022-12-14 09:42:37','4d93a253-4c47-41bf-9692-c702437551f6'),(4,1,'craft\\widgets\\Feed',4,NULL,'{\"url\":\"https://craftcms.com/news.rss\",\"title\":\"Craft News\",\"limit\":5}',1,'2022-12-14 09:42:37','2022-12-14 09:42:37','9708e131-2030-46f5-b635-278771e53299');
/*!40000 ALTER TABLE `widgets` ENABLE KEYS */;
UNLOCK TABLES;
commit;

--
-- Dumping routines for database 'db'
--
/*!40103 SET TIME_ZONE=@OLD_TIME_ZONE */;

/*!40101 SET SQL_MODE=@OLD_SQL_MODE */;
/*!40014 SET FOREIGN_KEY_CHECKS=@OLD_FOREIGN_KEY_CHECKS */;
/*!40101 SET CHARACTER_SET_CLIENT=@OLD_CHARACTER_SET_CLIENT */;
/*!40101 SET CHARACTER_SET_RESULTS=@OLD_CHARACTER_SET_RESULTS */;
/*!40101 SET COLLATION_CONNECTION=@OLD_COLLATION_CONNECTION */;
/*!40111 SET SQL_NOTES=@OLD_SQL_NOTES */;

-- Dump completed on 2022-12-17 14:57:49
